VERSION 1
BOUNDS xmin=0.00 xmax=600.00 ymin=0.00 ymax=300.00 hmin=0.00 hmax=300.00
CELL 0.00 0.00 0.00 1
CELL 0.00 0.00 10.00 1
CELL 0.00 0.00 20.00 1
CELL 0.00 0.00 30.00 1
CELL 0.00 0.00 40.00 1
CELL 0.00 0.00 50.00 1
CELL 0.00 0.00 60.00 1
CELL 0.00 0.00 70.00 1
CELL 0.00 0.00 80.00 1
CELL 0.00 0.00 90.00 1
CELL 0.00 0.00 100.00 1
CELL 0.00 0.00 110.00 1
CELL 0.00 0.00 120.00 1
CELL 0.00 0.00 130.00 1
CELL 0.00 0.00 140.00 1
CELL 0.00 0.00 150.00 1
CELL 0.00 0.00 160.00 1
CELL 0.00 0.00 170.00 1
CELL 0.00 0.00 180.00 1
CELL 0.00 0.00 190.00 1
CELL 0.00 0.00 200.00 1
CELL 0.00 0.00 210.00 1
CELL 0.00 0.00 220.00 1
CELL 0.00 0.00 230.00 1
CELL 0.00 0.00 240.00 1
CELL 0.00 0.00 250.00 1
CELL 0.00 0.00 260.00 1
CELL 0.00 0.00 270.00 1
CELL 0.00 0.00 280.00 1
CELL 0.00 0.00 290.00 1
CELL 0.00 0.00 300.00 1
CELL 0.00 10.00 0.00 1
CELL 0.00 10.00 10.00 1
CELL 0.00 10.00 20.00 1
CELL 0.00 10.00 30.00 1
CELL 0.00 10.00 40.00 1
CELL 0.00 10.00 50.00 1
CELL 0.00 10.00 60.00 1
CELL 0.00 10.00 70.00 1
CELL 0.00 10.00 80.00 1
CELL 0.00 10.00 90.00 1
CELL 0.00 10.00 100.00 1
CELL 0.00 10.00 110.00 1
CELL 0.00 10.00 120.00 1
CELL 0.00 10.00 130.00 1
CELL 0.00 10.00 140.00 1
CELL 0.00 10.00 150.00 1
CELL 0.00 10.00 160.00 1
CELL 0.00 10.00 170.00 1
CELL 0.00 10.00 180.00 1
CELL 0.00 10.00 190.00 1
CELL 0.00 10.00 200.00 1
CELL 0.00 10.00 210.00 1
CELL 0.00 10.00 220.00 1
CELL 0.00 10.00 230.00 1
CELL 0.00 10.00 240.00 1
CELL 0.00 10.00 250.00 1
CELL 0.00 10.00 260.00 1
CELL 0.00 10.00 270.00 1
CELL 0.00 10.00 280.00 1
CELL 0.00 10.00 290.00 1
CELL 0.00 10.00 300.00 1
CELL 0.00 20.00 0.00 1
CELL 0.00 20.00 10.00 1
CELL 0.00 20.00 20.00 1
CELL 0.00 20.00 30.00 1
CELL 0.00 20.00 40.00 1
CELL 0.00 20.00 50.00 1
CELL 0.00 20.00 60.00 1
CELL 0.00 20.00 70.00 1
CELL 0.00 20.00 80.00 1
CELL 0.00 20.00 90.00 1
CELL 0.00 20.00 100.00 1
CELL 0.00 20.00 110.00 1
CELL 0.00 20.00 120.00 1
CELL 0.00 20.00 130.00 1
CELL 0.00 20.00 140.00 1
CELL 0.00 20.00 150.00 1
CELL 0.00 20.00 160.00 1
CELL 0.00 20.00 170.00 1
CELL 0.00 20.00 180.00 1
CELL 0.00 20.00 190.00 1
CELL 0.00 20.00 200.00 1
CELL 0.00 20.00 210.00 1
CELL 0.00 20.00 220.00 1
CELL 0.00 20.00 230.00 1
CELL 0.00 20.00 240.00 1
CELL 0.00 20.00 250.00 1
CELL 0.00 20.00 260.00 1
CELL 0.00 20.00 270.00 1
CELL 0.00 20.00 280.00 1
CELL 0.00 20.00 290.00 1
CELL 0.00 20.00 300.00 1
CELL 0.00 30.00 0.00 1
CELL 0.00 30.00 10.00 1
CELL 0.00 30.00 20.00 1
CELL 0.00 30.00 30.00 1
CELL 0.00 30.00 40.00 1
CELL 0.00 30.00 50.00 1
CELL 0.00 30.00 60.00 1
CELL 0.00 30.00 70.00 1
CELL 0.00 30.00 80.00 1
CELL 0.00 30.00 90.00 1
CELL 0.00 30.00 100.00 1
CELL 0.00 30.00 110.00 1
CELL 0.00 30.00 120.00 1
CELL 0.00 30.00 130.00 1
CELL 0.00 30.00 140.00 1
CELL 0.00 30.00 150.00 1
CELL 0.00 30.00 160.00 1
CELL 0.00 30.00 170.00 1
CELL 0.00 30.00 180.00 1
CELL 0.00 30.00 190.00 1
CELL 0.00 30.00 200.00 1
CELL 0.00 30.00 210.00 1
CELL 0.00 30.00 220.00 1
CELL 0.00 30.00 230.00 1
CELL 0.00 30.00 240.00 1
CELL 0.00 30.00 250.00 1
CELL 0.00 30.00 260.00 1
CELL 0.00 30.00 270.00 1
CELL 0.00 30.00 280.00 1
CELL 0.00 30.00 290.00 1
CELL 0.00 30.00 300.00 1
CELL 0.00 40.00 0.00 1
CELL 0.00 40.00 10.00 1
CELL 0.00 40.00 20.00 1
CELL 0.00 40.00 30.00 1
CELL 0.00 40.00 40.00 1
CELL 0.00 40.00 50.00 1
CELL 0.00 40.00 60.00 1
CELL 0.00 40.00 70.00 1
CELL 0.00 40.00 80.00 1
CELL 0.00 40.00 90.00 1
CELL 0.00 40.00 100.00 1
CELL 0.00 40.00 110.00 1
CELL 0.00 40.00 120.00 1
CELL 0.00 40.00 130.00 1
CELL 0.00 40.00 140.00 1
CELL 0.00 40.00 150.00 1
CELL 0.00 40.00 160.00 1
CELL 0.00 40.00 170.00 1
CELL 0.00 40.00 180.00 1
CELL 0.00 40.00 190.00 1
CELL 0.00 40.00 200.00 1
CELL 0.00 40.00 210.00 1
CELL 0.00 40.00 220.00 1
CELL 0.00 40.00 230.00 1
CELL 0.00 40.00 240.00 1
CELL 0.00 40.00 250.00 1
CELL 0.00 40.00 260.00 1
CELL 0.00 40.00 270.00 1
CELL 0.00 40.00 280.00 1
CELL 0.00 40.00 290.00 1
CELL 0.00 40.00 300.00 1
CELL 0.00 50.00 0.00 1
CELL 0.00 50.00 10.00 1
CELL 0.00 50.00 20.00 1
CELL 0.00 50.00 30.00 1
CELL 0.00 50.00 40.00 1
CELL 0.00 50.00 50.00 1
CELL 0.00 50.00 60.00 1
CELL 0.00 50.00 70.00 1
CELL 0.00 50.00 80.00 1
CELL 0.00 50.00 90.00 1
CELL 0.00 50.00 100.00 1
CELL 0.00 50.00 110.00 1
CELL 0.00 50.00 120.00 1
CELL 0.00 50.00 130.00 1
CELL 0.00 50.00 140.00 1
CELL 0.00 50.00 150.00 1
CELL 0.00 50.00 160.00 1
CELL 0.00 50.00 170.00 1
CELL 0.00 50.00 180.00 1
CELL 0.00 50.00 190.00 1
CELL 0.00 50.00 200.00 1
CELL 0.00 50.00 210.00 1
CELL 0.00 50.00 220.00 1
CELL 0.00 50.00 230.00 1
CELL 0.00 50.00 240.00 1
CELL 0.00 50.00 250.00 1
CELL 0.00 50.00 260.00 1
CELL 0.00 50.00 270.00 1
CELL 0.00 50.00 280.00 1
CELL 0.00 50.00 290.00 1
CELL 0.00 50.00 300.00 1
CELL 0.00 60.00 0.00 1
CELL 0.00 60.00 10.00 1
CELL 0.00 60.00 20.00 1
CELL 0.00 60.00 30.00 1
CELL 0.00 60.00 40.00 1
CELL 0.00 60.00 50.00 1
CELL 0.00 60.00 60.00 1
CELL 0.00 60.00 70.00 1
CELL 0.00 60.00 80.00 1
CELL 0.00 60.00 90.00 1
CELL 0.00 60.00 100.00 1
CELL 0.00 60.00 110.00 1
CELL 0.00 60.00 120.00 1
CELL 0.00 60.00 130.00 1
CELL 0.00 60.00 140.00 1
CELL 0.00 60.00 150.00 1
CELL 0.00 60.00 160.00 1
CELL 0.00 60.00 170.00 1
CELL 0.00 60.00 180.00 1
CELL 0.00 60.00 190.00 1
CELL 0.00 60.00 200.00 1
CELL 0.00 60.00 210.00 1
CELL 0.00 60.00 220.00 1
CELL 0.00 60.00 230.00 1
CELL 0.00 60.00 240.00 1
CELL 0.00 60.00 250.00 1
CELL 0.00 60.00 260.00 1
CELL 0.00 60.00 270.00 1
CELL 0.00 60.00 280.00 1
CELL 0.00 60.00 290.00 1
CELL 0.00 60.00 300.00 1
CELL 0.00 70.00 0.00 1
CELL 0.00 70.00 10.00 1
CELL 0.00 70.00 20.00 1
CELL 0.00 70.00 30.00 1
CELL 0.00 70.00 40.00 1
CELL 0.00 70.00 50.00 1
CELL 0.00 70.00 60.00 1
CELL 0.00 70.00 70.00 1
CELL 0.00 70.00 80.00 1
CELL 0.00 70.00 90.00 1
CELL 0.00 70.00 100.00 1
CELL 0.00 70.00 110.00 1
CELL 0.00 70.00 120.00 1
CELL 0.00 70.00 130.00 1
CELL 0.00 70.00 140.00 1
CELL 0.00 70.00 150.00 1
CELL 0.00 70.00 160.00 1
CELL 0.00 70.00 170.00 1
CELL 0.00 70.00 180.00 1
CELL 0.00 70.00 190.00 1
CELL 0.00 70.00 200.00 1
CELL 0.00 70.00 210.00 1
CELL 0.00 70.00 220.00 1
CELL 0.00 70.00 230.00 1
CELL 0.00 70.00 240.00 1
CELL 0.00 70.00 250.00 1
CELL 0.00 70.00 260.00 1
CELL 0.00 70.00 270.00 1
CELL 0.00 70.00 280.00 1
CELL 0.00 70.00 290.00 1
CELL 0.00 70.00 300.00 1
CELL 0.00 80.00 0.00 1
CELL 0.00 80.00 10.00 1
CELL 0.00 80.00 20.00 1
CELL 0.00 80.00 30.00 1
CELL 0.00 80.00 40.00 1
CELL 0.00 80.00 50.00 1
CELL 0.00 80.00 60.00 1
CELL 0.00 80.00 70.00 1
CELL 0.00 80.00 80.00 1
CELL 0.00 80.00 90.00 1
CELL 0.00 80.00 100.00 1
CELL 0.00 80.00 110.00 1
CELL 0.00 80.00 120.00 1
CELL 0.00 80.00 130.00 1
CELL 0.00 80.00 140.00 1
CELL 0.00 80.00 150.00 1
CELL 0.00 80.00 160.00 1
CELL 0.00 80.00 170.00 1
CELL 0.00 80.00 180.00 1
CELL 0.00 80.00 190.00 1
CELL 0.00 80.00 200.00 1
CELL 0.00 80.00 210.00 1
CELL 0.00 80.00 220.00 1
CELL 0.00 80.00 230.00 1
CELL 0.00 80.00 240.00 1
CELL 0.00 80.00 250.00 1
CELL 0.00 80.00 260.00 1
CELL 0.00 80.00 270.00 1
CELL 0.00 80.00 280.00 1
CELL 0.00 80.00 290.00 1
CELL 0.00 80.00 300.00 1
CELL 0.00 90.00 0.00 1
CELL 0.00 90.00 10.00 1
CELL 0.00 90.00 20.00 1
CELL 0.00 90.00 30.00 1
CELL 0.00 90.00 40.00 1
CELL 0.00 90.00 50.00 1
CELL 0.00 90.00 60.00 1
CELL 0.00 90.00 70.00 1
CELL 0.00 90.00 80.00 1
CELL 0.00 90.00 90.00 1
CELL 0.00 90.00 100.00 1
CELL 0.00 90.00 110.00 1
CELL 0.00 90.00 120.00 1
CELL 0.00 90.00 130.00 1
CELL 0.00 90.00 140.00 1
CELL 0.00 90.00 150.00 1
CELL 0.00 90.00 160.00 1
CELL 0.00 90.00 170.00 1
CELL 0.00 90.00 180.00 1
CELL 0.00 90.00 190.00 1
CELL 0.00 90.00 200.00 1
CELL 0.00 90.00 210.00 1
CELL 0.00 90.00 220.00 1
CELL 0.00 90.00 230.00 1
CELL 0.00 90.00 240.00 1
CELL 0.00 90.00 250.00 1
CELL 0.00 90.00 260.00 1
CELL 0.00 90.00 270.00 1
CELL 0.00 90.00 280.00 1
CELL 0.00 90.00 290.00 1
CELL 0.00 90.00 300.00 1
CELL 0.00 100.00 0.00 1
CELL 0.00 100.00 10.00 1
CELL 0.00 100.00 20.00 1
CELL 0.00 100.00 30.00 1
CELL 0.00 100.00 40.00 1
CELL 0.00 100.00 50.00 1
CELL 0.00 100.00 60.00 1
CELL 0.00 100.00 70.00 1
CELL 0.00 100.00 80.00 1
CELL 0.00 100.00 90.00 1
CELL 0.00 100.00 100.00 1
CELL 0.00 100.00 110.00 1
CELL 0.00 100.00 120.00 1
CELL 0.00 100.00 130.00 1
CELL 0.00 100.00 140.00 1
CELL 0.00 100.00 150.00 1
CELL 0.00 100.00 160.00 1
CELL 0.00 100.00 170.00 1
CELL 0.00 100.00 180.00 1
CELL 0.00 100.00 190.00 1
CELL 0.00 100.00 200.00 1
CELL 0.00 100.00 210.00 1
CELL 0.00 100.00 220.00 1
CELL 0.00 100.00 230.00 1
CELL 0.00 100.00 240.00 1
CELL 0.00 100.00 250.00 1
CELL 0.00 100.00 260.00 1
CELL 0.00 100.00 270.00 1
CELL 0.00 100.00 280.00 1
CELL 0.00 100.00 290.00 1
CELL 0.00 100.00 300.00 1
CELL 0.00 110.00 0.00 1
CELL 0.00 110.00 10.00 1
CELL 0.00 110.00 20.00 1
CELL 0.00 110.00 30.00 1
CELL 0.00 110.00 40.00 1
CELL 0.00 110.00 50.00 1
CELL 0.00 110.00 60.00 1
CELL 0.00 110.00 70.00 1
CELL 0.00 110.00 80.00 1
CELL 0.00 110.00 90.00 1
CELL 0.00 110.00 100.00 1
CELL 0.00 110.00 110.00 1
CELL 0.00 110.00 120.00 1
CELL 0.00 110.00 130.00 1
CELL 0.00 110.00 140.00 1
CELL 0.00 110.00 150.00 1
CELL 0.00 110.00 160.00 1
CELL 0.00 110.00 170.00 1
CELL 0.00 110.00 180.00 1
CELL 0.00 110.00 190.00 1
CELL 0.00 110.00 200.00 1
CELL 0.00 110.00 210.00 1
CELL 0.00 110.00 220.00 1
CELL 0.00 110.00 230.00 1
CELL 0.00 110.00 240.00 1
CELL 0.00 110.00 250.00 1
CELL 0.00 110.00 260.00 1
CELL 0.00 110.00 270.00 1
CELL 0.00 110.00 280.00 1
CELL 0.00 110.00 290.00 1
CELL 0.00 110.00 300.00 1
CELL 0.00 120.00 0.00 1
CELL 0.00 120.00 10.00 1
CELL 0.00 120.00 20.00 1
CELL 0.00 120.00 30.00 1
CELL 0.00 120.00 40.00 1
CELL 0.00 120.00 50.00 1
CELL 0.00 120.00 60.00 1
CELL 0.00 120.00 70.00 1
CELL 0.00 120.00 80.00 1
CELL 0.00 120.00 90.00 1
CELL 0.00 120.00 100.00 1
CELL 0.00 120.00 110.00 1
CELL 0.00 120.00 120.00 1
CELL 0.00 120.00 130.00 1
CELL 0.00 120.00 140.00 1
CELL 0.00 120.00 150.00 1
CELL 0.00 120.00 160.00 1
CELL 0.00 120.00 170.00 1
CELL 0.00 120.00 180.00 1
CELL 0.00 120.00 190.00 1
CELL 0.00 120.00 200.00 1
CELL 0.00 120.00 210.00 1
CELL 0.00 120.00 220.00 1
CELL 0.00 120.00 230.00 1
CELL 0.00 120.00 240.00 1
CELL 0.00 120.00 250.00 1
CELL 0.00 120.00 260.00 1
CELL 0.00 120.00 270.00 1
CELL 0.00 120.00 280.00 1
CELL 0.00 120.00 290.00 1
CELL 0.00 120.00 300.00 1
CELL 0.00 130.00 0.00 1
CELL 0.00 130.00 10.00 1
CELL 0.00 130.00 20.00 1
CELL 0.00 130.00 30.00 1
CELL 0.00 130.00 40.00 1
CELL 0.00 130.00 50.00 1
CELL 0.00 130.00 60.00 1
CELL 0.00 130.00 70.00 1
CELL 0.00 130.00 80.00 1
CELL 0.00 130.00 90.00 1
CELL 0.00 130.00 100.00 1
CELL 0.00 130.00 110.00 1
CELL 0.00 130.00 120.00 1
CELL 0.00 130.00 130.00 1
CELL 0.00 130.00 140.00 1
CELL 0.00 130.00 150.00 1
CELL 0.00 130.00 160.00 1
CELL 0.00 130.00 170.00 1
CELL 0.00 130.00 180.00 1
CELL 0.00 130.00 190.00 1
CELL 0.00 130.00 200.00 1
CELL 0.00 130.00 210.00 1
CELL 0.00 130.00 220.00 1
CELL 0.00 130.00 230.00 1
CELL 0.00 130.00 240.00 1
CELL 0.00 130.00 250.00 1
CELL 0.00 130.00 260.00 1
CELL 0.00 130.00 270.00 1
CELL 0.00 130.00 280.00 1
CELL 0.00 130.00 290.00 1
CELL 0.00 130.00 300.00 1
CELL 0.00 140.00 0.00 1
CELL 0.00 140.00 10.00 1
CELL 0.00 140.00 20.00 1
CELL 0.00 140.00 30.00 1
CELL 0.00 140.00 40.00 1
CELL 0.00 140.00 50.00 1
CELL 0.00 140.00 60.00 1
CELL 0.00 140.00 70.00 1
CELL 0.00 140.00 80.00 1
CELL 0.00 140.00 90.00 1
CELL 0.00 140.00 100.00 1
CELL 0.00 140.00 110.00 1
CELL 0.00 140.00 120.00 1
CELL 0.00 140.00 130.00 1
CELL 0.00 140.00 140.00 1
CELL 0.00 140.00 150.00 1
CELL 0.00 140.00 160.00 1
CELL 0.00 140.00 170.00 1
CELL 0.00 140.00 180.00 1
CELL 0.00 140.00 190.00 1
CELL 0.00 140.00 200.00 1
CELL 0.00 140.00 210.00 1
CELL 0.00 140.00 220.00 1
CELL 0.00 140.00 230.00 1
CELL 0.00 140.00 240.00 1
CELL 0.00 140.00 250.00 1
CELL 0.00 140.00 260.00 1
CELL 0.00 140.00 270.00 1
CELL 0.00 140.00 280.00 1
CELL 0.00 140.00 290.00 1
CELL 0.00 140.00 300.00 1
CELL 0.00 150.00 0.00 1
CELL 0.00 150.00 10.00 1
CELL 0.00 150.00 20.00 1
CELL 0.00 150.00 30.00 1
CELL 0.00 150.00 40.00 1
CELL 0.00 150.00 50.00 1
CELL 0.00 150.00 60.00 1
CELL 0.00 150.00 70.00 1
CELL 0.00 150.00 80.00 1
CELL 0.00 150.00 90.00 1
CELL 0.00 150.00 100.00 1
CELL 0.00 150.00 110.00 1
CELL 0.00 150.00 120.00 1
CELL 0.00 150.00 130.00 1
CELL 0.00 150.00 140.00 1
CELL 0.00 150.00 150.00 1
CELL 0.00 150.00 160.00 1
CELL 0.00 150.00 170.00 1
CELL 0.00 150.00 180.00 1
CELL 0.00 150.00 190.00 1
CELL 0.00 150.00 200.00 1
CELL 0.00 150.00 210.00 1
CELL 0.00 150.00 220.00 1
CELL 0.00 150.00 230.00 1
CELL 0.00 150.00 240.00 1
CELL 0.00 150.00 250.00 1
CELL 0.00 150.00 260.00 1
CELL 0.00 150.00 270.00 1
CELL 0.00 150.00 280.00 1
CELL 0.00 150.00 290.00 1
CELL 0.00 150.00 300.00 1
CELL 0.00 160.00 0.00 1
CELL 0.00 160.00 10.00 1
CELL 0.00 160.00 20.00 1
CELL 0.00 160.00 30.00 1
CELL 0.00 160.00 40.00 1
CELL 0.00 160.00 50.00 1
CELL 0.00 160.00 60.00 1
CELL 0.00 160.00 70.00 1
CELL 0.00 160.00 80.00 1
CELL 0.00 160.00 90.00 1
CELL 0.00 160.00 100.00 1
CELL 0.00 160.00 110.00 1
CELL 0.00 160.00 120.00 1
CELL 0.00 160.00 130.00 1
CELL 0.00 160.00 140.00 1
CELL 0.00 160.00 150.00 1
CELL 0.00 160.00 160.00 1
CELL 0.00 160.00 170.00 1
CELL 0.00 160.00 180.00 1
CELL 0.00 160.00 190.00 1
CELL 0.00 160.00 200.00 1
CELL 0.00 160.00 210.00 1
CELL 0.00 160.00 220.00 1
CELL 0.00 160.00 230.00 1
CELL 0.00 160.00 240.00 1
CELL 0.00 160.00 250.00 1
CELL 0.00 160.00 260.00 1
CELL 0.00 160.00 270.00 1
CELL 0.00 160.00 280.00 1
CELL 0.00 160.00 290.00 1
CELL 0.00 160.00 300.00 1
CELL 0.00 170.00 0.00 1
CELL 0.00 170.00 10.00 1
CELL 0.00 170.00 20.00 1
CELL 0.00 170.00 30.00 1
CELL 0.00 170.00 40.00 1
CELL 0.00 170.00 50.00 1
CELL 0.00 170.00 60.00 1
CELL 0.00 170.00 70.00 1
CELL 0.00 170.00 80.00 1
CELL 0.00 170.00 90.00 1
CELL 0.00 170.00 100.00 1
CELL 0.00 170.00 110.00 1
CELL 0.00 170.00 120.00 1
CELL 0.00 170.00 130.00 1
CELL 0.00 170.00 140.00 1
CELL 0.00 170.00 150.00 1
CELL 0.00 170.00 160.00 1
CELL 0.00 170.00 170.00 1
CELL 0.00 170.00 180.00 1
CELL 0.00 170.00 190.00 1
CELL 0.00 170.00 200.00 1
CELL 0.00 170.00 210.00 1
CELL 0.00 170.00 220.00 1
CELL 0.00 170.00 230.00 1
CELL 0.00 170.00 240.00 1
CELL 0.00 170.00 250.00 1
CELL 0.00 170.00 260.00 1
CELL 0.00 170.00 270.00 1
CELL 0.00 170.00 280.00 1
CELL 0.00 170.00 290.00 1
CELL 0.00 170.00 300.00 1
CELL 0.00 180.00 0.00 1
CELL 0.00 180.00 10.00 1
CELL 0.00 180.00 20.00 1
CELL 0.00 180.00 30.00 1
CELL 0.00 180.00 40.00 1
CELL 0.00 180.00 50.00 1
CELL 0.00 180.00 60.00 1
CELL 0.00 180.00 70.00 1
CELL 0.00 180.00 80.00 1
CELL 0.00 180.00 90.00 1
CELL 0.00 180.00 100.00 1
CELL 0.00 180.00 110.00 1
CELL 0.00 180.00 120.00 1
CELL 0.00 180.00 130.00 1
CELL 0.00 180.00 140.00 1
CELL 0.00 180.00 150.00 1
CELL 0.00 180.00 160.00 1
CELL 0.00 180.00 170.00 1
CELL 0.00 180.00 180.00 1
CELL 0.00 180.00 190.00 1
CELL 0.00 180.00 200.00 1
CELL 0.00 180.00 210.00 1
CELL 0.00 180.00 220.00 1
CELL 0.00 180.00 230.00 1
CELL 0.00 180.00 240.00 1
CELL 0.00 180.00 250.00 1
CELL 0.00 180.00 260.00 1
CELL 0.00 180.00 270.00 1
CELL 0.00 180.00 280.00 1
CELL 0.00 180.00 290.00 1
CELL 0.00 180.00 300.00 1
CELL 0.00 190.00 0.00 1
CELL 0.00 190.00 10.00 1
CELL 0.00 190.00 20.00 1
CELL 0.00 190.00 30.00 1
CELL 0.00 190.00 40.00 1
CELL 0.00 190.00 50.00 1
CELL 0.00 190.00 60.00 1
CELL 0.00 190.00 70.00 1
CELL 0.00 190.00 80.00 1
CELL 0.00 190.00 90.00 1
CELL 0.00 190.00 100.00 1
CELL 0.00 190.00 110.00 1
CELL 0.00 190.00 120.00 1
CELL 0.00 190.00 130.00 1
CELL 0.00 190.00 140.00 1
CELL 0.00 190.00 150.00 1
CELL 0.00 190.00 160.00 1
CELL 0.00 190.00 170.00 1
CELL 0.00 190.00 180.00 1
CELL 0.00 190.00 190.00 1
CELL 0.00 190.00 200.00 1
CELL 0.00 190.00 210.00 1
CELL 0.00 190.00 220.00 1
CELL 0.00 190.00 230.00 1
CELL 0.00 190.00 240.00 1
CELL 0.00 190.00 250.00 1
CELL 0.00 190.00 260.00 1
CELL 0.00 190.00 270.00 1
CELL 0.00 190.00 280.00 1
CELL 0.00 190.00 290.00 1
CELL 0.00 190.00 300.00 1
CELL 0.00 200.00 0.00 1
CELL 0.00 200.00 10.00 1
CELL 0.00 200.00 20.00 1
CELL 0.00 200.00 30.00 1
CELL 0.00 200.00 40.00 1
CELL 0.00 200.00 50.00 1
CELL 0.00 200.00 60.00 1
CELL 0.00 200.00 70.00 1
CELL 0.00 200.00 80.00 1
CELL 0.00 200.00 90.00 1
CELL 0.00 200.00 100.00 1
CELL 0.00 200.00 110.00 1
CELL 0.00 200.00 120.00 1
CELL 0.00 200.00 130.00 1
CELL 0.00 200.00 140.00 1
CELL 0.00 200.00 150.00 1
CELL 0.00 200.00 160.00 1
CELL 0.00 200.00 170.00 1
CELL 0.00 200.00 180.00 1
CELL 0.00 200.00 190.00 1
CELL 0.00 200.00 200.00 1
CELL 0.00 200.00 210.00 1
CELL 0.00 200.00 220.00 1
CELL 0.00 200.00 230.00 1
CELL 0.00 200.00 240.00 1
CELL 0.00 200.00 250.00 1
CELL 0.00 200.00 260.00 1
CELL 0.00 200.00 270.00 1
CELL 0.00 200.00 280.00 1
CELL 0.00 200.00 290.00 1
CELL 0.00 200.00 300.00 1
CELL 0.00 210.00 0.00 1
CELL 0.00 210.00 10.00 1
CELL 0.00 210.00 20.00 1
CELL 0.00 210.00 30.00 1
CELL 0.00 210.00 40.00 1
CELL 0.00 210.00 50.00 1
CELL 0.00 210.00 60.00 1
CELL 0.00 210.00 70.00 1
CELL 0.00 210.00 80.00 1
CELL 0.00 210.00 90.00 1
CELL 0.00 210.00 100.00 1
CELL 0.00 210.00 110.00 1
CELL 0.00 210.00 120.00 1
CELL 0.00 210.00 130.00 1
CELL 0.00 210.00 140.00 1
CELL 0.00 210.00 150.00 1
CELL 0.00 210.00 160.00 1
CELL 0.00 210.00 170.00 1
CELL 0.00 210.00 180.00 1
CELL 0.00 210.00 190.00 1
CELL 0.00 210.00 200.00 1
CELL 0.00 210.00 210.00 1
CELL 0.00 210.00 220.00 1
CELL 0.00 210.00 230.00 1
CELL 0.00 210.00 240.00 1
CELL 0.00 210.00 250.00 1
CELL 0.00 210.00 260.00 1
CELL 0.00 210.00 270.00 1
CELL 0.00 210.00 280.00 1
CELL 0.00 210.00 290.00 1
CELL 0.00 210.00 300.00 1
CELL 0.00 220.00 0.00 1
CELL 0.00 220.00 10.00 1
CELL 0.00 220.00 20.00 1
CELL 0.00 220.00 30.00 1
CELL 0.00 220.00 40.00 1
CELL 0.00 220.00 50.00 1
CELL 0.00 220.00 60.00 1
CELL 0.00 220.00 70.00 1
CELL 0.00 220.00 80.00 1
CELL 0.00 220.00 90.00 1
CELL 0.00 220.00 100.00 1
CELL 0.00 220.00 110.00 1
CELL 0.00 220.00 120.00 1
CELL 0.00 220.00 130.00 1
CELL 0.00 220.00 140.00 1
CELL 0.00 220.00 150.00 1
CELL 0.00 220.00 160.00 1
CELL 0.00 220.00 170.00 1
CELL 0.00 220.00 180.00 1
CELL 0.00 220.00 190.00 1
CELL 0.00 220.00 200.00 1
CELL 0.00 220.00 210.00 1
CELL 0.00 220.00 220.00 1
CELL 0.00 220.00 230.00 1
CELL 0.00 220.00 240.00 1
CELL 0.00 220.00 250.00 1
CELL 0.00 220.00 260.00 1
CELL 0.00 220.00 270.00 1
CELL 0.00 220.00 280.00 1
CELL 0.00 220.00 290.00 1
CELL 0.00 220.00 300.00 1
CELL 0.00 230.00 0.00 1
CELL 0.00 230.00 10.00 1
CELL 0.00 230.00 20.00 1
CELL 0.00 230.00 30.00 1
CELL 0.00 230.00 40.00 1
CELL 0.00 230.00 50.00 1
CELL 0.00 230.00 60.00 1
CELL 0.00 230.00 70.00 1
CELL 0.00 230.00 80.00 1
CELL 0.00 230.00 90.00 1
CELL 0.00 230.00 100.00 1
CELL 0.00 230.00 110.00 1
CELL 0.00 230.00 120.00 1
CELL 0.00 230.00 130.00 1
CELL 0.00 230.00 140.00 1
CELL 0.00 230.00 150.00 1
CELL 0.00 230.00 160.00 1
CELL 0.00 230.00 170.00 1
CELL 0.00 230.00 180.00 1
CELL 0.00 230.00 190.00 1
CELL 0.00 230.00 200.00 1
CELL 0.00 230.00 210.00 1
CELL 0.00 230.00 220.00 1
CELL 0.00 230.00 230.00 1
CELL 0.00 230.00 240.00 1
CELL 0.00 230.00 250.00 1
CELL 0.00 230.00 260.00 1
CELL 0.00 230.00 270.00 1
CELL 0.00 230.00 280.00 1
CELL 0.00 230.00 290.00 1
CELL 0.00 230.00 300.00 1
CELL 0.00 240.00 0.00 1
CELL 0.00 240.00 10.00 1
CELL 0.00 240.00 20.00 1
CELL 0.00 240.00 30.00 1
CELL 0.00 240.00 40.00 1
CELL 0.00 240.00 50.00 1
CELL 0.00 240.00 60.00 1
CELL 0.00 240.00 70.00 1
CELL 0.00 240.00 80.00 1
CELL 0.00 240.00 90.00 1
CELL 0.00 240.00 100.00 1
CELL 0.00 240.00 110.00 1
CELL 0.00 240.00 120.00 1
CELL 0.00 240.00 130.00 1
CELL 0.00 240.00 140.00 1
CELL 0.00 240.00 150.00 1
CELL 0.00 240.00 160.00 1
CELL 0.00 240.00 170.00 1
CELL 0.00 240.00 180.00 1
CELL 0.00 240.00 190.00 1
CELL 0.00 240.00 200.00 1
CELL 0.00 240.00 210.00 1
CELL 0.00 240.00 220.00 1
CELL 0.00 240.00 230.00 1
CELL 0.00 240.00 240.00 1
CELL 0.00 240.00 250.00 1
CELL 0.00 240.00 260.00 1
CELL 0.00 240.00 270.00 1
CELL 0.00 240.00 280.00 1
CELL 0.00 240.00 290.00 1
CELL 0.00 240.00 300.00 1
CELL 0.00 250.00 0.00 1
CELL 0.00 250.00 10.00 1
CELL 0.00 250.00 20.00 1
CELL 0.00 250.00 30.00 1
CELL 0.00 250.00 40.00 1
CELL 0.00 250.00 50.00 1
CELL 0.00 250.00 60.00 1
CELL 0.00 250.00 70.00 1
CELL 0.00 250.00 80.00 1
CELL 0.00 250.00 90.00 1
CELL 0.00 250.00 100.00 1
CELL 0.00 250.00 110.00 1
CELL 0.00 250.00 120.00 1
CELL 0.00 250.00 130.00 1
CELL 0.00 250.00 140.00 1
CELL 0.00 250.00 150.00 1
CELL 0.00 250.00 160.00 1
CELL 0.00 250.00 170.00 1
CELL 0.00 250.00 180.00 1
CELL 0.00 250.00 190.00 1
CELL 0.00 250.00 200.00 1
CELL 0.00 250.00 210.00 1
CELL 0.00 250.00 220.00 1
CELL 0.00 250.00 230.00 1
CELL 0.00 250.00 240.00 1
CELL 0.00 250.00 250.00 1
CELL 0.00 250.00 260.00 1
CELL 0.00 250.00 270.00 1
CELL 0.00 250.00 280.00 1
CELL 0.00 250.00 290.00 1
CELL 0.00 250.00 300.00 1
CELL 0.00 260.00 0.00 1
CELL 0.00 260.00 10.00 1
CELL 0.00 260.00 20.00 1
CELL 0.00 260.00 30.00 1
CELL 0.00 260.00 40.00 1
CELL 0.00 260.00 50.00 1
CELL 0.00 260.00 60.00 1
CELL 0.00 260.00 70.00 1
CELL 0.00 260.00 80.00 1
CELL 0.00 260.00 90.00 1
CELL 0.00 260.00 100.00 1
CELL 0.00 260.00 110.00 1
CELL 0.00 260.00 120.00 1
CELL 0.00 260.00 130.00 1
CELL 0.00 260.00 140.00 1
CELL 0.00 260.00 150.00 1
CELL 0.00 260.00 160.00 1
CELL 0.00 260.00 170.00 1
CELL 0.00 260.00 180.00 1
CELL 0.00 260.00 190.00 1
CELL 0.00 260.00 200.00 1
CELL 0.00 260.00 210.00 1
CELL 0.00 260.00 220.00 1
CELL 0.00 260.00 230.00 1
CELL 0.00 260.00 240.00 1
CELL 0.00 260.00 250.00 1
CELL 0.00 260.00 260.00 1
CELL 0.00 260.00 270.00 1
CELL 0.00 260.00 280.00 1
CELL 0.00 260.00 290.00 1
CELL 0.00 260.00 300.00 1
CELL 0.00 270.00 0.00 1
CELL 0.00 270.00 10.00 1
CELL 0.00 270.00 20.00 1
CELL 0.00 270.00 30.00 1
CELL 0.00 270.00 40.00 1
CELL 0.00 270.00 50.00 1
CELL 0.00 270.00 60.00 1
CELL 0.00 270.00 70.00 1
CELL 0.00 270.00 80.00 1
CELL 0.00 270.00 90.00 1
CELL 0.00 270.00 100.00 1
CELL 0.00 270.00 110.00 1
CELL 0.00 270.00 120.00 1
CELL 0.00 270.00 130.00 1
CELL 0.00 270.00 140.00 1
CELL 0.00 270.00 150.00 1
CELL 0.00 270.00 160.00 1
CELL 0.00 270.00 170.00 1
CELL 0.00 270.00 180.00 1
CELL 0.00 270.00 190.00 1
CELL 0.00 270.00 200.00 1
CELL 0.00 270.00 210.00 1
CELL 0.00 270.00 220.00 1
CELL 0.00 270.00 230.00 1
CELL 0.00 270.00 240.00 1
CELL 0.00 270.00 250.00 1
CELL 0.00 270.00 260.00 1
CELL 0.00 270.00 270.00 1
CELL 0.00 270.00 280.00 1
CELL 0.00 270.00 290.00 1
CELL 0.00 270.00 300.00 1
CELL 0.00 280.00 0.00 1
CELL 0.00 280.00 10.00 1
CELL 0.00 280.00 20.00 1
CELL 0.00 280.00 30.00 1
CELL 0.00 280.00 40.00 1
CELL 0.00 280.00 50.00 1
CELL 0.00 280.00 60.00 1
CELL 0.00 280.00 70.00 1
CELL 0.00 280.00 80.00 1
CELL 0.00 280.00 90.00 1
CELL 0.00 280.00 100.00 1
CELL 0.00 280.00 110.00 1
CELL 0.00 280.00 120.00 1
CELL 0.00 280.00 130.00 1
CELL 0.00 280.00 140.00 1
CELL 0.00 280.00 150.00 1
CELL 0.00 280.00 160.00 1
CELL 0.00 280.00 170.00 1
CELL 0.00 280.00 180.00 1
CELL 0.00 280.00 190.00 1
CELL 0.00 280.00 200.00 1
CELL 0.00 280.00 210.00 1
CELL 0.00 280.00 220.00 1
CELL 0.00 280.00 230.00 1
CELL 0.00 280.00 240.00 1
CELL 0.00 280.00 250.00 1
CELL 0.00 280.00 260.00 1
CELL 0.00 280.00 270.00 1
CELL 0.00 280.00 280.00 1
CELL 0.00 280.00 290.00 1
CELL 0.00 280.00 300.00 1
CELL 0.00 290.00 0.00 1
CELL 0.00 290.00 10.00 1
CELL 0.00 290.00 20.00 1
CELL 0.00 290.00 30.00 1
CELL 0.00 290.00 40.00 1
CELL 0.00 290.00 50.00 1
CELL 0.00 290.00 60.00 1
CELL 0.00 290.00 70.00 1
CELL 0.00 290.00 80.00 1
CELL 0.00 290.00 90.00 1
CELL 0.00 290.00 100.00 1
CELL 0.00 290.00 110.00 1
CELL 0.00 290.00 120.00 1
CELL 0.00 290.00 130.00 1
CELL 0.00 290.00 140.00 1
CELL 0.00 290.00 150.00 1
CELL 0.00 290.00 160.00 1
CELL 0.00 290.00 170.00 1
CELL 0.00 290.00 180.00 1
CELL 0.00 290.00 190.00 1
CELL 0.00 290.00 200.00 1
CELL 0.00 290.00 210.00 1
CELL 0.00 290.00 220.00 1
CELL 0.00 290.00 230.00 1
CELL 0.00 290.00 240.00 1
CELL 0.00 290.00 250.00 1
CELL 0.00 290.00 260.00 1
CELL 0.00 290.00 270.00 1
CELL 0.00 290.00 280.00 1
CELL 0.00 290.00 290.00 1
CELL 0.00 290.00 300.00 1
CELL 0.00 300.00 0.00 1
CELL 0.00 300.00 10.00 1
CELL 0.00 300.00 20.00 1
CELL 0.00 300.00 30.00 1
CELL 0.00 300.00 40.00 1
CELL 0.00 300.00 50.00 1
CELL 0.00 300.00 60.00 1
CELL 0.00 300.00 70.00 1
CELL 0.00 300.00 80.00 1
CELL 0.00 300.00 90.00 1
CELL 0.00 300.00 100.00 1
CELL 0.00 300.00 110.00 1
CELL 0.00 300.00 120.00 1
CELL 0.00 300.00 130.00 1
CELL 0.00 300.00 140.00 1
CELL 0.00 300.00 150.00 1
CELL 0.00 300.00 160.00 1
CELL 0.00 300.00 170.00 1
CELL 0.00 300.00 180.00 1
CELL 0.00 300.00 190.00 1
CELL 0.00 300.00 200.00 1
CELL 0.00 300.00 210.00 1
CELL 0.00 300.00 220.00 1
CELL 0.00 300.00 230.00 1
CELL 0.00 300.00 240.00 1
CELL 0.00 300.00 250.00 1
CELL 0.00 300.00 260.00 1
CELL 0.00 300.00 270.00 1
CELL 0.00 300.00 280.00 1
CELL 0.00 300.00 290.00 1
CELL 0.00 300.00 300.00 1
CELL 10.00 0.00 0.00 1
CELL 10.00 0.00 10.00 1
CELL 10.00 0.00 20.00 1
CELL 10.00 0.00 30.00 1
CELL 10.00 0.00 40.00 1
CELL 10.00 0.00 50.00 1
CELL 10.00 0.00 60.00 1
CELL 10.00 0.00 70.00 1
CELL 10.00 0.00 80.00 1
CELL 10.00 0.00 90.00 1
CELL 10.00 0.00 100.00 1
CELL 10.00 0.00 110.00 1
CELL 10.00 0.00 120.00 1
CELL 10.00 0.00 130.00 1
CELL 10.00 0.00 140.00 1
CELL 10.00 0.00 150.00 1
CELL 10.00 0.00 160.00 1
CELL 10.00 0.00 170.00 1
CELL 10.00 0.00 180.00 1
CELL 10.00 0.00 190.00 1
CELL 10.00 0.00 200.00 1
CELL 10.00 0.00 210.00 1
CELL 10.00 0.00 220.00 1
CELL 10.00 0.00 230.00 1
CELL 10.00 0.00 240.00 1
CELL 10.00 0.00 250.00 1
CELL 10.00 0.00 260.00 1
CELL 10.00 0.00 270.00 1
CELL 10.00 0.00 280.00 1
CELL 10.00 0.00 290.00 1
CELL 10.00 0.00 300.00 1
CELL 10.00 10.00 0.00 1
CELL 10.00 10.00 300.00 1
CELL 10.00 20.00 0.00 1
CELL 10.00 20.00 300.00 1
CELL 10.00 30.00 0.00 1
CELL 10.00 30.00 300.00 1
CELL 10.00 40.00 0.00 1
CELL 10.00 40.00 300.00 1
CELL 10.00 50.00 0.00 1
CELL 10.00 50.00 300.00 1
CELL 10.00 60.00 0.00 1
CELL 10.00 60.00 300.00 1
CELL 10.00 70.00 0.00 1
CELL 10.00 70.00 300.00 1
CELL 10.00 80.00 0.00 1
CELL 10.00 80.00 300.00 1
CELL 10.00 90.00 0.00 1
CELL 10.00 90.00 300.00 1
CELL 10.00 100.00 0.00 1
CELL 10.00 100.00 300.00 1
CELL 10.00 110.00 0.00 1
CELL 10.00 110.00 300.00 1
CELL 10.00 120.00 0.00 1
CELL 10.00 120.00 300.00 1
CELL 10.00 130.00 0.00 1
CELL 10.00 130.00 300.00 1
CELL 10.00 140.00 0.00 1
CELL 10.00 140.00 300.00 1
CELL 10.00 150.00 0.00 1
CELL 10.00 150.00 300.00 1
CELL 10.00 160.00 0.00 1
CELL 10.00 160.00 300.00 1
CELL 10.00 170.00 0.00 1
CELL 10.00 170.00 300.00 1
CELL 10.00 180.00 0.00 1
CELL 10.00 180.00 300.00 1
CELL 10.00 190.00 0.00 1
CELL 10.00 190.00 300.00 1
CELL 10.00 200.00 0.00 1
CELL 10.00 200.00 300.00 1
CELL 10.00 210.00 0.00 1
CELL 10.00 210.00 300.00 1
CELL 10.00 220.00 0.00 1
CELL 10.00 220.00 300.00 1
CELL 10.00 230.00 0.00 1
CELL 10.00 230.00 300.00 1
CELL 10.00 240.00 0.00 1
CELL 10.00 240.00 300.00 1
CELL 10.00 250.00 0.00 1
CELL 10.00 250.00 300.00 1
CELL 10.00 260.00 0.00 1
CELL 10.00 260.00 300.00 1
CELL 10.00 270.00 0.00 1
CELL 10.00 270.00 300.00 1
CELL 10.00 280.00 0.00 1
CELL 10.00 280.00 300.00 1
CELL 10.00 290.00 0.00 1
CELL 10.00 290.00 300.00 1
CELL 10.00 300.00 0.00 1
CELL 10.00 300.00 10.00 1
CELL 10.00 300.00 20.00 1
CELL 10.00 300.00 30.00 1
CELL 10.00 300.00 40.00 1
CELL 10.00 300.00 50.00 1
CELL 10.00 300.00 60.00 1
CELL 10.00 300.00 70.00 1
CELL 10.00 300.00 80.00 1
CELL 10.00 300.00 90.00 1
CELL 10.00 300.00 100.00 1
CELL 10.00 300.00 110.00 1
CELL 10.00 300.00 120.00 1
CELL 10.00 300.00 130.00 1
CELL 10.00 300.00 140.00 1
CELL 10.00 300.00 150.00 1
CELL 10.00 300.00 160.00 1
CELL 10.00 300.00 170.00 1
CELL 10.00 300.00 180.00 1
CELL 10.00 300.00 190.00 1
CELL 10.00 300.00 200.00 1
CELL 10.00 300.00 210.00 1
CELL 10.00 300.00 220.00 1
CELL 10.00 300.00 230.00 1
CELL 10.00 300.00 240.00 1
CELL 10.00 300.00 250.00 1
CELL 10.00 300.00 260.00 1
CELL 10.00 300.00 270.00 1
CELL 10.00 300.00 280.00 1
CELL 10.00 300.00 290.00 1
CELL 10.00 300.00 300.00 1
CELL 20.00 0.00 0.00 1
CELL 20.00 0.00 10.00 1
CELL 20.00 0.00 20.00 1
CELL 20.00 0.00 30.00 1
CELL 20.00 0.00 40.00 1
CELL 20.00 0.00 50.00 1
CELL 20.00 0.00 60.00 1
CELL 20.00 0.00 70.00 1
CELL 20.00 0.00 80.00 1
CELL 20.00 0.00 90.00 1
CELL 20.00 0.00 100.00 1
CELL 20.00 0.00 110.00 1
CELL 20.00 0.00 120.00 1
CELL 20.00 0.00 130.00 1
CELL 20.00 0.00 140.00 1
CELL 20.00 0.00 150.00 1
CELL 20.00 0.00 160.00 1
CELL 20.00 0.00 170.00 1
CELL 20.00 0.00 180.00 1
CELL 20.00 0.00 190.00 1
CELL 20.00 0.00 200.00 1
CELL 20.00 0.00 210.00 1
CELL 20.00 0.00 220.00 1
CELL 20.00 0.00 230.00 1
CELL 20.00 0.00 240.00 1
CELL 20.00 0.00 250.00 1
CELL 20.00 0.00 260.00 1
CELL 20.00 0.00 270.00 1
CELL 20.00 0.00 280.00 1
CELL 20.00 0.00 290.00 1
CELL 20.00 0.00 300.00 1
CELL 20.00 10.00 0.00 1
CELL 20.00 10.00 300.00 1
CELL 20.00 20.00 0.00 1
CELL 20.00 20.00 300.00 1
CELL 20.00 30.00 0.00 1
CELL 20.00 30.00 300.00 1
CELL 20.00 40.00 0.00 1
CELL 20.00 40.00 300.00 1
CELL 20.00 50.00 0.00 1
CELL 20.00 50.00 300.00 1
CELL 20.00 60.00 0.00 1
CELL 20.00 60.00 300.00 1
CELL 20.00 70.00 0.00 1
CELL 20.00 70.00 300.00 1
CELL 20.00 80.00 0.00 1
CELL 20.00 80.00 300.00 1
CELL 20.00 90.00 0.00 1
CELL 20.00 90.00 300.00 1
CELL 20.00 100.00 0.00 1
CELL 20.00 100.00 300.00 1
CELL 20.00 110.00 0.00 1
CELL 20.00 110.00 300.00 1
CELL 20.00 120.00 0.00 1
CELL 20.00 120.00 300.00 1
CELL 20.00 130.00 0.00 1
CELL 20.00 130.00 300.00 1
CELL 20.00 140.00 0.00 1
CELL 20.00 140.00 300.00 1
CELL 20.00 150.00 0.00 1
CELL 20.00 150.00 300.00 1
CELL 20.00 160.00 0.00 1
CELL 20.00 160.00 300.00 1
CELL 20.00 170.00 0.00 1
CELL 20.00 170.00 300.00 1
CELL 20.00 180.00 0.00 1
CELL 20.00 180.00 300.00 1
CELL 20.00 190.00 0.00 1
CELL 20.00 190.00 300.00 1
CELL 20.00 200.00 0.00 1
CELL 20.00 200.00 300.00 1
CELL 20.00 210.00 0.00 1
CELL 20.00 210.00 300.00 1
CELL 20.00 220.00 0.00 1
CELL 20.00 220.00 300.00 1
CELL 20.00 230.00 0.00 1
CELL 20.00 230.00 300.00 1
CELL 20.00 240.00 0.00 1
CELL 20.00 240.00 300.00 1
CELL 20.00 250.00 0.00 1
CELL 20.00 250.00 300.00 1
CELL 20.00 260.00 0.00 1
CELL 20.00 260.00 300.00 1
CELL 20.00 270.00 0.00 1
CELL 20.00 270.00 300.00 1
CELL 20.00 280.00 0.00 1
CELL 20.00 280.00 300.00 1
CELL 20.00 290.00 0.00 1
CELL 20.00 290.00 300.00 1
CELL 20.00 300.00 0.00 1
CELL 20.00 300.00 10.00 1
CELL 20.00 300.00 20.00 1
CELL 20.00 300.00 30.00 1
CELL 20.00 300.00 40.00 1
CELL 20.00 300.00 50.00 1
CELL 20.00 300.00 60.00 1
CELL 20.00 300.00 70.00 1
CELL 20.00 300.00 80.00 1
CELL 20.00 300.00 90.00 1
CELL 20.00 300.00 100.00 1
CELL 20.00 300.00 110.00 1
CELL 20.00 300.00 120.00 1
CELL 20.00 300.00 130.00 1
CELL 20.00 300.00 140.00 1
CELL 20.00 300.00 150.00 1
CELL 20.00 300.00 160.00 1
CELL 20.00 300.00 170.00 1
CELL 20.00 300.00 180.00 1
CELL 20.00 300.00 190.00 1
CELL 20.00 300.00 200.00 1
CELL 20.00 300.00 210.00 1
CELL 20.00 300.00 220.00 1
CELL 20.00 300.00 230.00 1
CELL 20.00 300.00 240.00 1
CELL 20.00 300.00 250.00 1
CELL 20.00 300.00 260.00 1
CELL 20.00 300.00 270.00 1
CELL 20.00 300.00 280.00 1
CELL 20.00 300.00 290.00 1
CELL 20.00 300.00 300.00 1
CELL 30.00 0.00 0.00 1
CELL 30.00 0.00 10.00 1
CELL 30.00 0.00 20.00 1
CELL 30.00 0.00 30.00 1
CELL 30.00 0.00 40.00 1
CELL 30.00 0.00 50.00 1
CELL 30.00 0.00 60.00 1
CELL 30.00 0.00 70.00 1
CELL 30.00 0.00 80.00 1
CELL 30.00 0.00 90.00 1
CELL 30.00 0.00 100.00 1
CELL 30.00 0.00 110.00 1
CELL 30.00 0.00 120.00 1
CELL 30.00 0.00 130.00 1
CELL 30.00 0.00 140.00 1
CELL 30.00 0.00 150.00 1
CELL 30.00 0.00 160.00 1
CELL 30.00 0.00 170.00 1
CELL 30.00 0.00 180.00 1
CELL 30.00 0.00 190.00 1
CELL 30.00 0.00 200.00 1
CELL 30.00 0.00 210.00 1
CELL 30.00 0.00 220.00 1
CELL 30.00 0.00 230.00 1
CELL 30.00 0.00 240.00 1
CELL 30.00 0.00 250.00 1
CELL 30.00 0.00 260.00 1
CELL 30.00 0.00 270.00 1
CELL 30.00 0.00 280.00 1
CELL 30.00 0.00 290.00 1
CELL 30.00 0.00 300.00 1
CELL 30.00 10.00 0.00 1
CELL 30.00 10.00 300.00 1
CELL 30.00 20.00 0.00 1
CELL 30.00 20.00 300.00 1
CELL 30.00 30.00 0.00 1
CELL 30.00 30.00 300.00 1
CELL 30.00 40.00 0.00 1
CELL 30.00 40.00 300.00 1
CELL 30.00 50.00 0.00 1
CELL 30.00 50.00 300.00 1
CELL 30.00 60.00 0.00 1
CELL 30.00 60.00 300.00 1
CELL 30.00 70.00 0.00 1
CELL 30.00 70.00 300.00 1
CELL 30.00 80.00 0.00 1
CELL 30.00 80.00 300.00 1
CELL 30.00 90.00 0.00 1
CELL 30.00 90.00 300.00 1
CELL 30.00 100.00 0.00 1
CELL 30.00 100.00 300.00 1
CELL 30.00 110.00 0.00 1
CELL 30.00 110.00 300.00 1
CELL 30.00 120.00 0.00 1
CELL 30.00 120.00 300.00 1
CELL 30.00 130.00 0.00 1
CELL 30.00 130.00 300.00 1
CELL 30.00 140.00 0.00 1
CELL 30.00 140.00 300.00 1
CELL 30.00 150.00 0.00 1
CELL 30.00 150.00 300.00 1
CELL 30.00 160.00 0.00 1
CELL 30.00 160.00 300.00 1
CELL 30.00 170.00 0.00 1
CELL 30.00 170.00 300.00 1
CELL 30.00 180.00 0.00 1
CELL 30.00 180.00 300.00 1
CELL 30.00 190.00 0.00 1
CELL 30.00 190.00 300.00 1
CELL 30.00 200.00 0.00 1
CELL 30.00 200.00 300.00 1
CELL 30.00 210.00 0.00 1
CELL 30.00 210.00 300.00 1
CELL 30.00 220.00 0.00 1
CELL 30.00 220.00 300.00 1
CELL 30.00 230.00 0.00 1
CELL 30.00 230.00 300.00 1
CELL 30.00 240.00 0.00 1
CELL 30.00 240.00 300.00 1
CELL 30.00 250.00 0.00 1
CELL 30.00 250.00 300.00 1
CELL 30.00 260.00 0.00 1
CELL 30.00 260.00 300.00 1
CELL 30.00 270.00 0.00 1
CELL 30.00 270.00 300.00 1
CELL 30.00 280.00 0.00 1
CELL 30.00 280.00 300.00 1
CELL 30.00 290.00 0.00 1
CELL 30.00 290.00 300.00 1
CELL 30.00 300.00 0.00 1
CELL 30.00 300.00 10.00 1
CELL 30.00 300.00 20.00 1
CELL 30.00 300.00 30.00 1
CELL 30.00 300.00 40.00 1
CELL 30.00 300.00 50.00 1
CELL 30.00 300.00 60.00 1
CELL 30.00 300.00 70.00 1
CELL 30.00 300.00 80.00 1
CELL 30.00 300.00 90.00 1
CELL 30.00 300.00 100.00 1
CELL 30.00 300.00 110.00 1
CELL 30.00 300.00 120.00 1
CELL 30.00 300.00 130.00 1
CELL 30.00 300.00 140.00 1
CELL 30.00 300.00 150.00 1
CELL 30.00 300.00 160.00 1
CELL 30.00 300.00 170.00 1
CELL 30.00 300.00 180.00 1
CELL 30.00 300.00 190.00 1
CELL 30.00 300.00 200.00 1
CELL 30.00 300.00 210.00 1
CELL 30.00 300.00 220.00 1
CELL 30.00 300.00 230.00 1
CELL 30.00 300.00 240.00 1
CELL 30.00 300.00 250.00 1
CELL 30.00 300.00 260.00 1
CELL 30.00 300.00 270.00 1
CELL 30.00 300.00 280.00 1
CELL 30.00 300.00 290.00 1
CELL 30.00 300.00 300.00 1
CELL 40.00 0.00 0.00 1
CELL 40.00 0.00 10.00 1
CELL 40.00 0.00 20.00 1
CELL 40.00 0.00 30.00 1
CELL 40.00 0.00 40.00 1
CELL 40.00 0.00 50.00 1
CELL 40.00 0.00 60.00 1
CELL 40.00 0.00 70.00 1
CELL 40.00 0.00 80.00 1
CELL 40.00 0.00 90.00 1
CELL 40.00 0.00 100.00 1
CELL 40.00 0.00 110.00 1
CELL 40.00 0.00 120.00 1
CELL 40.00 0.00 130.00 1
CELL 40.00 0.00 140.00 1
CELL 40.00 0.00 150.00 1
CELL 40.00 0.00 160.00 1
CELL 40.00 0.00 170.00 1
CELL 40.00 0.00 180.00 1
CELL 40.00 0.00 190.00 1
CELL 40.00 0.00 200.00 1
CELL 40.00 0.00 210.00 1
CELL 40.00 0.00 220.00 1
CELL 40.00 0.00 230.00 1
CELL 40.00 0.00 240.00 1
CELL 40.00 0.00 250.00 1
CELL 40.00 0.00 260.00 1
CELL 40.00 0.00 270.00 1
CELL 40.00 0.00 280.00 1
CELL 40.00 0.00 290.00 1
CELL 40.00 0.00 300.00 1
CELL 40.00 10.00 0.00 1
CELL 40.00 10.00 300.00 1
CELL 40.00 20.00 0.00 1
CELL 40.00 20.00 300.00 1
CELL 40.00 30.00 0.00 1
CELL 40.00 30.00 300.00 1
CELL 40.00 40.00 0.00 1
CELL 40.00 40.00 300.00 1
CELL 40.00 50.00 0.00 1
CELL 40.00 50.00 300.00 1
CELL 40.00 60.00 0.00 1
CELL 40.00 60.00 300.00 1
CELL 40.00 70.00 0.00 1
CELL 40.00 70.00 300.00 1
CELL 40.00 80.00 0.00 1
CELL 40.00 80.00 300.00 1
CELL 40.00 90.00 0.00 1
CELL 40.00 90.00 300.00 1
CELL 40.00 100.00 0.00 1
CELL 40.00 100.00 300.00 1
CELL 40.00 110.00 0.00 1
CELL 40.00 110.00 300.00 1
CELL 40.00 120.00 0.00 1
CELL 40.00 120.00 300.00 1
CELL 40.00 130.00 0.00 1
CELL 40.00 130.00 300.00 1
CELL 40.00 140.00 0.00 1
CELL 40.00 140.00 300.00 1
CELL 40.00 150.00 0.00 1
CELL 40.00 150.00 300.00 1
CELL 40.00 160.00 0.00 1
CELL 40.00 160.00 300.00 1
CELL 40.00 170.00 0.00 1
CELL 40.00 170.00 300.00 1
CELL 40.00 180.00 0.00 1
CELL 40.00 180.00 300.00 1
CELL 40.00 190.00 0.00 1
CELL 40.00 190.00 300.00 1
CELL 40.00 200.00 0.00 1
CELL 40.00 200.00 300.00 1
CELL 40.00 210.00 0.00 1
CELL 40.00 210.00 300.00 1
CELL 40.00 220.00 0.00 1
CELL 40.00 220.00 300.00 1
CELL 40.00 230.00 0.00 1
CELL 40.00 230.00 300.00 1
CELL 40.00 240.00 0.00 1
CELL 40.00 240.00 300.00 1
CELL 40.00 250.00 0.00 1
CELL 40.00 250.00 300.00 1
CELL 40.00 260.00 0.00 1
CELL 40.00 260.00 300.00 1
CELL 40.00 270.00 0.00 1
CELL 40.00 270.00 300.00 1
CELL 40.00 280.00 0.00 1
CELL 40.00 280.00 300.00 1
CELL 40.00 290.00 0.00 1
CELL 40.00 290.00 300.00 1
CELL 40.00 300.00 0.00 1
CELL 40.00 300.00 10.00 1
CELL 40.00 300.00 20.00 1
CELL 40.00 300.00 30.00 1
CELL 40.00 300.00 40.00 1
CELL 40.00 300.00 50.00 1
CELL 40.00 300.00 60.00 1
CELL 40.00 300.00 70.00 1
CELL 40.00 300.00 80.00 1
CELL 40.00 300.00 90.00 1
CELL 40.00 300.00 100.00 1
CELL 40.00 300.00 110.00 1
CELL 40.00 300.00 120.00 1
CELL 40.00 300.00 130.00 1
CELL 40.00 300.00 140.00 1
CELL 40.00 300.00 150.00 1
CELL 40.00 300.00 160.00 1
CELL 40.00 300.00 170.00 1
CELL 40.00 300.00 180.00 1
CELL 40.00 300.00 190.00 1
CELL 40.00 300.00 200.00 1
CELL 40.00 300.00 210.00 1
CELL 40.00 300.00 220.00 1
CELL 40.00 300.00 230.00 1
CELL 40.00 300.00 240.00 1
CELL 40.00 300.00 250.00 1
CELL 40.00 300.00 260.00 1
CELL 40.00 300.00 270.00 1
CELL 40.00 300.00 280.00 1
CELL 40.00 300.00 290.00 1
CELL 40.00 300.00 300.00 1
CELL 50.00 0.00 0.00 1
CELL 50.00 0.00 10.00 1
CELL 50.00 0.00 20.00 1
CELL 50.00 0.00 30.00 1
CELL 50.00 0.00 40.00 1
CELL 50.00 0.00 50.00 1
CELL 50.00 0.00 60.00 1
CELL 50.00 0.00 70.00 1
CELL 50.00 0.00 80.00 1
CELL 50.00 0.00 90.00 1
CELL 50.00 0.00 100.00 1
CELL 50.00 0.00 110.00 1
CELL 50.00 0.00 120.00 1
CELL 50.00 0.00 130.00 1
CELL 50.00 0.00 140.00 1
CELL 50.00 0.00 150.00 1
CELL 50.00 0.00 160.00 1
CELL 50.00 0.00 170.00 1
CELL 50.00 0.00 180.00 1
CELL 50.00 0.00 190.00 1
CELL 50.00 0.00 200.00 1
CELL 50.00 0.00 210.00 1
CELL 50.00 0.00 220.00 1
CELL 50.00 0.00 230.00 1
CELL 50.00 0.00 240.00 1
CELL 50.00 0.00 250.00 1
CELL 50.00 0.00 260.00 1
CELL 50.00 0.00 270.00 1
CELL 50.00 0.00 280.00 1
CELL 50.00 0.00 290.00 1
CELL 50.00 0.00 300.00 1
CELL 50.00 10.00 0.00 1
CELL 50.00 10.00 300.00 1
CELL 50.00 20.00 0.00 1
CELL 50.00 20.00 300.00 1
CELL 50.00 30.00 0.00 1
CELL 50.00 30.00 300.00 1
CELL 50.00 40.00 0.00 1
CELL 50.00 40.00 300.00 1
CELL 50.00 50.00 0.00 1
CELL 50.00 50.00 300.00 1
CELL 50.00 60.00 0.00 1
CELL 50.00 60.00 300.00 1
CELL 50.00 70.00 0.00 1
CELL 50.00 70.00 300.00 1
CELL 50.00 80.00 0.00 1
CELL 50.00 80.00 300.00 1
CELL 50.00 90.00 0.00 1
CELL 50.00 90.00 300.00 1
CELL 50.00 100.00 0.00 1
CELL 50.00 100.00 300.00 1
CELL 50.00 110.00 0.00 1
CELL 50.00 110.00 300.00 1
CELL 50.00 120.00 0.00 1
CELL 50.00 120.00 300.00 1
CELL 50.00 130.00 0.00 1
CELL 50.00 130.00 300.00 1
CELL 50.00 140.00 0.00 1
CELL 50.00 140.00 300.00 1
CELL 50.00 150.00 0.00 1
CELL 50.00 150.00 300.00 1
CELL 50.00 160.00 0.00 1
CELL 50.00 160.00 300.00 1
CELL 50.00 170.00 0.00 1
CELL 50.00 170.00 300.00 1
CELL 50.00 180.00 0.00 1
CELL 50.00 180.00 300.00 1
CELL 50.00 190.00 0.00 1
CELL 50.00 190.00 300.00 1
CELL 50.00 200.00 0.00 1
CELL 50.00 200.00 300.00 1
CELL 50.00 210.00 0.00 1
CELL 50.00 210.00 300.00 1
CELL 50.00 220.00 0.00 1
CELL 50.00 220.00 300.00 1
CELL 50.00 230.00 0.00 1
CELL 50.00 230.00 300.00 1
CELL 50.00 240.00 0.00 1
CELL 50.00 240.00 300.00 1
CELL 50.00 250.00 0.00 1
CELL 50.00 250.00 300.00 1
CELL 50.00 260.00 0.00 1
CELL 50.00 260.00 300.00 1
CELL 50.00 270.00 0.00 1
CELL 50.00 270.00 300.00 1
CELL 50.00 280.00 0.00 1
CELL 50.00 280.00 300.00 1
CELL 50.00 290.00 0.00 1
CELL 50.00 290.00 300.00 1
CELL 50.00 300.00 0.00 1
CELL 50.00 300.00 10.00 1
CELL 50.00 300.00 20.00 1
CELL 50.00 300.00 30.00 1
CELL 50.00 300.00 40.00 1
CELL 50.00 300.00 50.00 1
CELL 50.00 300.00 60.00 1
CELL 50.00 300.00 70.00 1
CELL 50.00 300.00 80.00 1
CELL 50.00 300.00 90.00 1
CELL 50.00 300.00 100.00 1
CELL 50.00 300.00 110.00 1
CELL 50.00 300.00 120.00 1
CELL 50.00 300.00 130.00 1
CELL 50.00 300.00 140.00 1
CELL 50.00 300.00 150.00 1
CELL 50.00 300.00 160.00 1
CELL 50.00 300.00 170.00 1
CELL 50.00 300.00 180.00 1
CELL 50.00 300.00 190.00 1
CELL 50.00 300.00 200.00 1
CELL 50.00 300.00 210.00 1
CELL 50.00 300.00 220.00 1
CELL 50.00 300.00 230.00 1
CELL 50.00 300.00 240.00 1
CELL 50.00 300.00 250.00 1
CELL 50.00 300.00 260.00 1
CELL 50.00 300.00 270.00 1
CELL 50.00 300.00 280.00 1
CELL 50.00 300.00 290.00 1
CELL 50.00 300.00 300.00 1
CELL 60.00 0.00 0.00 1
CELL 60.00 0.00 10.00 1
CELL 60.00 0.00 20.00 1
CELL 60.00 0.00 30.00 1
CELL 60.00 0.00 40.00 1
CELL 60.00 0.00 50.00 1
CELL 60.00 0.00 60.00 1
CELL 60.00 0.00 70.00 1
CELL 60.00 0.00 80.00 1
CELL 60.00 0.00 90.00 1
CELL 60.00 0.00 100.00 1
CELL 60.00 0.00 110.00 1
CELL 60.00 0.00 120.00 1
CELL 60.00 0.00 130.00 1
CELL 60.00 0.00 140.00 1
CELL 60.00 0.00 150.00 1
CELL 60.00 0.00 160.00 1
CELL 60.00 0.00 170.00 1
CELL 60.00 0.00 180.00 1
CELL 60.00 0.00 190.00 1
CELL 60.00 0.00 200.00 1
CELL 60.00 0.00 210.00 1
CELL 60.00 0.00 220.00 1
CELL 60.00 0.00 230.00 1
CELL 60.00 0.00 240.00 1
CELL 60.00 0.00 250.00 1
CELL 60.00 0.00 260.00 1
CELL 60.00 0.00 270.00 1
CELL 60.00 0.00 280.00 1
CELL 60.00 0.00 290.00 1
CELL 60.00 0.00 300.00 1
CELL 60.00 10.00 0.00 1
CELL 60.00 10.00 300.00 1
CELL 60.00 20.00 0.00 1
CELL 60.00 20.00 300.00 1
CELL 60.00 30.00 0.00 1
CELL 60.00 30.00 300.00 1
CELL 60.00 40.00 0.00 1
CELL 60.00 40.00 300.00 1
CELL 60.00 50.00 0.00 1
CELL 60.00 50.00 300.00 1
CELL 60.00 60.00 0.00 1
CELL 60.00 60.00 300.00 1
CELL 60.00 70.00 0.00 1
CELL 60.00 70.00 300.00 1
CELL 60.00 80.00 0.00 1
CELL 60.00 80.00 300.00 1
CELL 60.00 90.00 0.00 1
CELL 60.00 90.00 300.00 1
CELL 60.00 100.00 0.00 1
CELL 60.00 100.00 300.00 1
CELL 60.00 110.00 0.00 1
CELL 60.00 110.00 300.00 1
CELL 60.00 120.00 0.00 1
CELL 60.00 120.00 300.00 1
CELL 60.00 130.00 0.00 1
CELL 60.00 130.00 300.00 1
CELL 60.00 140.00 0.00 1
CELL 60.00 140.00 300.00 1
CELL 60.00 150.00 0.00 1
CELL 60.00 150.00 300.00 1
CELL 60.00 160.00 0.00 1
CELL 60.00 160.00 300.00 1
CELL 60.00 170.00 0.00 1
CELL 60.00 170.00 300.00 1
CELL 60.00 180.00 0.00 1
CELL 60.00 180.00 300.00 1
CELL 60.00 190.00 0.00 1
CELL 60.00 190.00 300.00 1
CELL 60.00 200.00 0.00 1
CELL 60.00 200.00 300.00 1
CELL 60.00 210.00 0.00 1
CELL 60.00 210.00 300.00 1
CELL 60.00 220.00 0.00 1
CELL 60.00 220.00 300.00 1
CELL 60.00 230.00 0.00 1
CELL 60.00 230.00 300.00 1
CELL 60.00 240.00 0.00 1
CELL 60.00 240.00 300.00 1
CELL 60.00 250.00 0.00 1
CELL 60.00 250.00 300.00 1
CELL 60.00 260.00 0.00 1
CELL 60.00 260.00 300.00 1
CELL 60.00 270.00 0.00 1
CELL 60.00 270.00 300.00 1
CELL 60.00 280.00 0.00 1
CELL 60.00 280.00 300.00 1
CELL 60.00 290.00 0.00 1
CELL 60.00 290.00 300.00 1
CELL 60.00 300.00 0.00 1
CELL 60.00 300.00 10.00 1
CELL 60.00 300.00 20.00 1
CELL 60.00 300.00 30.00 1
CELL 60.00 300.00 40.00 1
CELL 60.00 300.00 50.00 1
CELL 60.00 300.00 60.00 1
CELL 60.00 300.00 70.00 1
CELL 60.00 300.00 80.00 1
CELL 60.00 300.00 90.00 1
CELL 60.00 300.00 100.00 1
CELL 60.00 300.00 110.00 1
CELL 60.00 300.00 120.00 1
CELL 60.00 300.00 130.00 1
CELL 60.00 300.00 140.00 1
CELL 60.00 300.00 150.00 1
CELL 60.00 300.00 160.00 1
CELL 60.00 300.00 170.00 1
CELL 60.00 300.00 180.00 1
CELL 60.00 300.00 190.00 1
CELL 60.00 300.00 200.00 1
CELL 60.00 300.00 210.00 1
CELL 60.00 300.00 220.00 1
CELL 60.00 300.00 230.00 1
CELL 60.00 300.00 240.00 1
CELL 60.00 300.00 250.00 1
CELL 60.00 300.00 260.00 1
CELL 60.00 300.00 270.00 1
CELL 60.00 300.00 280.00 1
CELL 60.00 300.00 290.00 1
CELL 60.00 300.00 300.00 1
CELL 70.00 0.00 0.00 1
CELL 70.00 0.00 10.00 1
CELL 70.00 0.00 20.00 1
CELL 70.00 0.00 30.00 1
CELL 70.00 0.00 40.00 1
CELL 70.00 0.00 50.00 1
CELL 70.00 0.00 60.00 1
CELL 70.00 0.00 70.00 1
CELL 70.00 0.00 80.00 1
CELL 70.00 0.00 90.00 1
CELL 70.00 0.00 100.00 1
CELL 70.00 0.00 110.00 1
CELL 70.00 0.00 120.00 1
CELL 70.00 0.00 130.00 1
CELL 70.00 0.00 140.00 1
CELL 70.00 0.00 150.00 1
CELL 70.00 0.00 160.00 1
CELL 70.00 0.00 170.00 1
CELL 70.00 0.00 180.00 1
CELL 70.00 0.00 190.00 1
CELL 70.00 0.00 200.00 1
CELL 70.00 0.00 210.00 1
CELL 70.00 0.00 220.00 1
CELL 70.00 0.00 230.00 1
CELL 70.00 0.00 240.00 1
CELL 70.00 0.00 250.00 1
CELL 70.00 0.00 260.00 1
CELL 70.00 0.00 270.00 1
CELL 70.00 0.00 280.00 1
CELL 70.00 0.00 290.00 1
CELL 70.00 0.00 300.00 1
CELL 70.00 10.00 0.00 1
CELL 70.00 10.00 300.00 1
CELL 70.00 20.00 0.00 1
CELL 70.00 20.00 300.00 1
CELL 70.00 30.00 0.00 1
CELL 70.00 30.00 300.00 1
CELL 70.00 40.00 0.00 1
CELL 70.00 40.00 300.00 1
CELL 70.00 50.00 0.00 1
CELL 70.00 50.00 300.00 1
CELL 70.00 60.00 0.00 1
CELL 70.00 60.00 300.00 1
CELL 70.00 70.00 0.00 1
CELL 70.00 70.00 300.00 1
CELL 70.00 80.00 0.00 1
CELL 70.00 80.00 300.00 1
CELL 70.00 90.00 0.00 1
CELL 70.00 90.00 300.00 1
CELL 70.00 100.00 0.00 1
CELL 70.00 100.00 300.00 1
CELL 70.00 110.00 0.00 1
CELL 70.00 110.00 300.00 1
CELL 70.00 120.00 0.00 1
CELL 70.00 120.00 300.00 1
CELL 70.00 130.00 0.00 1
CELL 70.00 130.00 300.00 1
CELL 70.00 140.00 0.00 1
CELL 70.00 140.00 300.00 1
CELL 70.00 150.00 0.00 1
CELL 70.00 150.00 300.00 1
CELL 70.00 160.00 0.00 1
CELL 70.00 160.00 300.00 1
CELL 70.00 170.00 0.00 1
CELL 70.00 170.00 300.00 1
CELL 70.00 180.00 0.00 1
CELL 70.00 180.00 300.00 1
CELL 70.00 190.00 0.00 1
CELL 70.00 190.00 300.00 1
CELL 70.00 200.00 0.00 1
CELL 70.00 200.00 300.00 1
CELL 70.00 210.00 0.00 1
CELL 70.00 210.00 300.00 1
CELL 70.00 220.00 0.00 1
CELL 70.00 220.00 300.00 1
CELL 70.00 230.00 0.00 1
CELL 70.00 230.00 300.00 1
CELL 70.00 240.00 0.00 1
CELL 70.00 240.00 300.00 1
CELL 70.00 250.00 0.00 1
CELL 70.00 250.00 300.00 1
CELL 70.00 260.00 0.00 1
CELL 70.00 260.00 300.00 1
CELL 70.00 270.00 0.00 1
CELL 70.00 270.00 300.00 1
CELL 70.00 280.00 0.00 1
CELL 70.00 280.00 300.00 1
CELL 70.00 290.00 0.00 1
CELL 70.00 290.00 300.00 1
CELL 70.00 300.00 0.00 1
CELL 70.00 300.00 10.00 1
CELL 70.00 300.00 20.00 1
CELL 70.00 300.00 30.00 1
CELL 70.00 300.00 40.00 1
CELL 70.00 300.00 50.00 1
CELL 70.00 300.00 60.00 1
CELL 70.00 300.00 70.00 1
CELL 70.00 300.00 80.00 1
CELL 70.00 300.00 90.00 1
CELL 70.00 300.00 100.00 1
CELL 70.00 300.00 110.00 1
CELL 70.00 300.00 120.00 1
CELL 70.00 300.00 130.00 1
CELL 70.00 300.00 140.00 1
CELL 70.00 300.00 150.00 1
CELL 70.00 300.00 160.00 1
CELL 70.00 300.00 170.00 1
CELL 70.00 300.00 180.00 1
CELL 70.00 300.00 190.00 1
CELL 70.00 300.00 200.00 1
CELL 70.00 300.00 210.00 1
CELL 70.00 300.00 220.00 1
CELL 70.00 300.00 230.00 1
CELL 70.00 300.00 240.00 1
CELL 70.00 300.00 250.00 1
CELL 70.00 300.00 260.00 1
CELL 70.00 300.00 270.00 1
CELL 70.00 300.00 280.00 1
CELL 70.00 300.00 290.00 1
CELL 70.00 300.00 300.00 1
CELL 80.00 0.00 0.00 1
CELL 80.00 0.00 10.00 1
CELL 80.00 0.00 20.00 1
CELL 80.00 0.00 30.00 1
CELL 80.00 0.00 40.00 1
CELL 80.00 0.00 50.00 1
CELL 80.00 0.00 60.00 1
CELL 80.00 0.00 70.00 1
CELL 80.00 0.00 80.00 1
CELL 80.00 0.00 90.00 1
CELL 80.00 0.00 100.00 1
CELL 80.00 0.00 110.00 1
CELL 80.00 0.00 120.00 1
CELL 80.00 0.00 130.00 1
CELL 80.00 0.00 140.00 1
CELL 80.00 0.00 150.00 1
CELL 80.00 0.00 160.00 1
CELL 80.00 0.00 170.00 1
CELL 80.00 0.00 180.00 1
CELL 80.00 0.00 190.00 1
CELL 80.00 0.00 200.00 1
CELL 80.00 0.00 210.00 1
CELL 80.00 0.00 220.00 1
CELL 80.00 0.00 230.00 1
CELL 80.00 0.00 240.00 1
CELL 80.00 0.00 250.00 1
CELL 80.00 0.00 260.00 1
CELL 80.00 0.00 270.00 1
CELL 80.00 0.00 280.00 1
CELL 80.00 0.00 290.00 1
CELL 80.00 0.00 300.00 1
CELL 80.00 10.00 0.00 1
CELL 80.00 10.00 300.00 1
CELL 80.00 20.00 0.00 1
CELL 80.00 20.00 300.00 1
CELL 80.00 30.00 0.00 1
CELL 80.00 30.00 300.00 1
CELL 80.00 40.00 0.00 1
CELL 80.00 40.00 300.00 1
CELL 80.00 50.00 0.00 1
CELL 80.00 50.00 300.00 1
CELL 80.00 60.00 0.00 1
CELL 80.00 60.00 300.00 1
CELL 80.00 70.00 0.00 1
CELL 80.00 70.00 300.00 1
CELL 80.00 80.00 0.00 1
CELL 80.00 80.00 300.00 1
CELL 80.00 90.00 0.00 1
CELL 80.00 90.00 300.00 1
CELL 80.00 100.00 0.00 1
CELL 80.00 100.00 300.00 1
CELL 80.00 110.00 0.00 1
CELL 80.00 110.00 300.00 1
CELL 80.00 120.00 0.00 1
CELL 80.00 120.00 300.00 1
CELL 80.00 130.00 0.00 1
CELL 80.00 130.00 300.00 1
CELL 80.00 140.00 0.00 1
CELL 80.00 140.00 300.00 1
CELL 80.00 150.00 0.00 1
CELL 80.00 150.00 300.00 1
CELL 80.00 160.00 0.00 1
CELL 80.00 160.00 300.00 1
CELL 80.00 170.00 0.00 1
CELL 80.00 170.00 300.00 1
CELL 80.00 180.00 0.00 1
CELL 80.00 180.00 300.00 1
CELL 80.00 190.00 0.00 1
CELL 80.00 190.00 300.00 1
CELL 80.00 200.00 0.00 1
CELL 80.00 200.00 300.00 1
CELL 80.00 210.00 0.00 1
CELL 80.00 210.00 300.00 1
CELL 80.00 220.00 0.00 1
CELL 80.00 220.00 300.00 1
CELL 80.00 230.00 0.00 1
CELL 80.00 230.00 300.00 1
CELL 80.00 240.00 0.00 1
CELL 80.00 240.00 300.00 1
CELL 80.00 250.00 0.00 1
CELL 80.00 250.00 300.00 1
CELL 80.00 260.00 0.00 1
CELL 80.00 260.00 300.00 1
CELL 80.00 270.00 0.00 1
CELL 80.00 270.00 300.00 1
CELL 80.00 280.00 0.00 1
CELL 80.00 280.00 300.00 1
CELL 80.00 290.00 0.00 1
CELL 80.00 290.00 300.00 1
CELL 80.00 300.00 0.00 1
CELL 80.00 300.00 10.00 1
CELL 80.00 300.00 20.00 1
CELL 80.00 300.00 30.00 1
CELL 80.00 300.00 40.00 1
CELL 80.00 300.00 50.00 1
CELL 80.00 300.00 60.00 1
CELL 80.00 300.00 70.00 1
CELL 80.00 300.00 80.00 1
CELL 80.00 300.00 90.00 1
CELL 80.00 300.00 100.00 1
CELL 80.00 300.00 110.00 1
CELL 80.00 300.00 120.00 1
CELL 80.00 300.00 130.00 1
CELL 80.00 300.00 140.00 1
CELL 80.00 300.00 150.00 1
CELL 80.00 300.00 160.00 1
CELL 80.00 300.00 170.00 1
CELL 80.00 300.00 180.00 1
CELL 80.00 300.00 190.00 1
CELL 80.00 300.00 200.00 1
CELL 80.00 300.00 210.00 1
CELL 80.00 300.00 220.00 1
CELL 80.00 300.00 230.00 1
CELL 80.00 300.00 240.00 1
CELL 80.00 300.00 250.00 1
CELL 80.00 300.00 260.00 1
CELL 80.00 300.00 270.00 1
CELL 80.00 300.00 280.00 1
CELL 80.00 300.00 290.00 1
CELL 80.00 300.00 300.00 1
CELL 90.00 0.00 0.00 1
CELL 90.00 0.00 10.00 1
CELL 90.00 0.00 20.00 1
CELL 90.00 0.00 30.00 1
CELL 90.00 0.00 40.00 1
CELL 90.00 0.00 50.00 1
CELL 90.00 0.00 60.00 1
CELL 90.00 0.00 70.00 1
CELL 90.00 0.00 80.00 1
CELL 90.00 0.00 90.00 1
CELL 90.00 0.00 100.00 1
CELL 90.00 0.00 110.00 1
CELL 90.00 0.00 120.00 1
CELL 90.00 0.00 130.00 1
CELL 90.00 0.00 140.00 1
CELL 90.00 0.00 150.00 1
CELL 90.00 0.00 160.00 1
CELL 90.00 0.00 170.00 1
CELL 90.00 0.00 180.00 1
CELL 90.00 0.00 190.00 1
CELL 90.00 0.00 200.00 1
CELL 90.00 0.00 210.00 1
CELL 90.00 0.00 220.00 1
CELL 90.00 0.00 230.00 1
CELL 90.00 0.00 240.00 1
CELL 90.00 0.00 250.00 1
CELL 90.00 0.00 260.00 1
CELL 90.00 0.00 270.00 1
CELL 90.00 0.00 280.00 1
CELL 90.00 0.00 290.00 1
CELL 90.00 0.00 300.00 1
CELL 90.00 10.00 0.00 1
CELL 90.00 10.00 300.00 1
CELL 90.00 20.00 0.00 1
CELL 90.00 20.00 300.00 1
CELL 90.00 30.00 0.00 1
CELL 90.00 30.00 300.00 1
CELL 90.00 40.00 0.00 1
CELL 90.00 40.00 300.00 1
CELL 90.00 50.00 0.00 1
CELL 90.00 50.00 300.00 1
CELL 90.00 60.00 0.00 1
CELL 90.00 60.00 300.00 1
CELL 90.00 70.00 0.00 1
CELL 90.00 70.00 300.00 1
CELL 90.00 80.00 0.00 1
CELL 90.00 80.00 300.00 1
CELL 90.00 90.00 0.00 1
CELL 90.00 90.00 300.00 1
CELL 90.00 100.00 0.00 1
CELL 90.00 100.00 300.00 1
CELL 90.00 110.00 0.00 1
CELL 90.00 110.00 300.00 1
CELL 90.00 120.00 0.00 1
CELL 90.00 120.00 300.00 1
CELL 90.00 130.00 0.00 1
CELL 90.00 130.00 300.00 1
CELL 90.00 140.00 0.00 1
CELL 90.00 140.00 300.00 1
CELL 90.00 150.00 0.00 1
CELL 90.00 150.00 300.00 1
CELL 90.00 160.00 0.00 1
CELL 90.00 160.00 300.00 1
CELL 90.00 170.00 0.00 1
CELL 90.00 170.00 300.00 1
CELL 90.00 180.00 0.00 1
CELL 90.00 180.00 300.00 1
CELL 90.00 190.00 0.00 1
CELL 90.00 190.00 300.00 1
CELL 90.00 200.00 0.00 1
CELL 90.00 200.00 300.00 1
CELL 90.00 210.00 0.00 1
CELL 90.00 210.00 300.00 1
CELL 90.00 220.00 0.00 1
CELL 90.00 220.00 300.00 1
CELL 90.00 230.00 0.00 1
CELL 90.00 230.00 300.00 1
CELL 90.00 240.00 0.00 1
CELL 90.00 240.00 300.00 1
CELL 90.00 250.00 0.00 1
CELL 90.00 250.00 300.00 1
CELL 90.00 260.00 0.00 1
CELL 90.00 260.00 300.00 1
CELL 90.00 270.00 0.00 1
CELL 90.00 270.00 300.00 1
CELL 90.00 280.00 0.00 1
CELL 90.00 280.00 300.00 1
CELL 90.00 290.00 0.00 1
CELL 90.00 290.00 300.00 1
CELL 90.00 300.00 0.00 1
CELL 90.00 300.00 10.00 1
CELL 90.00 300.00 20.00 1
CELL 90.00 300.00 30.00 1
CELL 90.00 300.00 40.00 1
CELL 90.00 300.00 50.00 1
CELL 90.00 300.00 60.00 1
CELL 90.00 300.00 70.00 1
CELL 90.00 300.00 80.00 1
CELL 90.00 300.00 90.00 1
CELL 90.00 300.00 100.00 1
CELL 90.00 300.00 110.00 1
CELL 90.00 300.00 120.00 1
CELL 90.00 300.00 130.00 1
CELL 90.00 300.00 140.00 1
CELL 90.00 300.00 150.00 1
CELL 90.00 300.00 160.00 1
CELL 90.00 300.00 170.00 1
CELL 90.00 300.00 180.00 1
CELL 90.00 300.00 190.00 1
CELL 90.00 300.00 200.00 1
CELL 90.00 300.00 210.00 1
CELL 90.00 300.00 220.00 1
CELL 90.00 300.00 230.00 1
CELL 90.00 300.00 240.00 1
CELL 90.00 300.00 250.00 1
CELL 90.00 300.00 260.00 1
CELL 90.00 300.00 270.00 1
CELL 90.00 300.00 280.00 1
CELL 90.00 300.00 290.00 1
CELL 90.00 300.00 300.00 1
CELL 100.00 0.00 0.00 1
CELL 100.00 0.00 10.00 1
CELL 100.00 0.00 20.00 1
CELL 100.00 0.00 30.00 1
CELL 100.00 0.00 40.00 1
CELL 100.00 0.00 50.00 1
CELL 100.00 0.00 60.00 1
CELL 100.00 0.00 70.00 1
CELL 100.00 0.00 80.00 1
CELL 100.00 0.00 90.00 1
CELL 100.00 0.00 100.00 1
CELL 100.00 0.00 110.00 1
CELL 100.00 0.00 120.00 1
CELL 100.00 0.00 130.00 1
CELL 100.00 0.00 140.00 1
CELL 100.00 0.00 150.00 1
CELL 100.00 0.00 160.00 1
CELL 100.00 0.00 170.00 1
CELL 100.00 0.00 180.00 1
CELL 100.00 0.00 190.00 1
CELL 100.00 0.00 200.00 1
CELL 100.00 0.00 210.00 1
CELL 100.00 0.00 220.00 1
CELL 100.00 0.00 230.00 1
CELL 100.00 0.00 240.00 1
CELL 100.00 0.00 250.00 1
CELL 100.00 0.00 260.00 1
CELL 100.00 0.00 270.00 1
CELL 100.00 0.00 280.00 1
CELL 100.00 0.00 290.00 1
CELL 100.00 0.00 300.00 1
CELL 100.00 10.00 0.00 1
CELL 100.00 10.00 300.00 1
CELL 100.00 20.00 0.00 1
CELL 100.00 20.00 300.00 1
CELL 100.00 30.00 0.00 1
CELL 100.00 30.00 300.00 1
CELL 100.00 40.00 0.00 1
CELL 100.00 40.00 300.00 1
CELL 100.00 50.00 0.00 1
CELL 100.00 50.00 300.00 1
CELL 100.00 60.00 0.00 1
CELL 100.00 60.00 300.00 1
CELL 100.00 70.00 0.00 1
CELL 100.00 70.00 300.00 1
CELL 100.00 80.00 0.00 1
CELL 100.00 80.00 300.00 1
CELL 100.00 90.00 0.00 1
CELL 100.00 90.00 300.00 1
CELL 100.00 100.00 0.00 1
CELL 100.00 100.00 300.00 1
CELL 100.00 110.00 0.00 1
CELL 100.00 110.00 300.00 1
CELL 100.00 120.00 0.00 1
CELL 100.00 120.00 300.00 1
CELL 100.00 130.00 0.00 1
CELL 100.00 130.00 300.00 1
CELL 100.00 140.00 0.00 1
CELL 100.00 140.00 300.00 1
CELL 100.00 150.00 0.00 1
CELL 100.00 150.00 300.00 1
CELL 100.00 160.00 0.00 1
CELL 100.00 160.00 300.00 1
CELL 100.00 170.00 0.00 1
CELL 100.00 170.00 300.00 1
CELL 100.00 180.00 0.00 1
CELL 100.00 180.00 300.00 1
CELL 100.00 190.00 0.00 1
CELL 100.00 190.00 300.00 1
CELL 100.00 200.00 0.00 1
CELL 100.00 200.00 300.00 1
CELL 100.00 210.00 0.00 1
CELL 100.00 210.00 300.00 1
CELL 100.00 220.00 0.00 1
CELL 100.00 220.00 300.00 1
CELL 100.00 230.00 0.00 1
CELL 100.00 230.00 300.00 1
CELL 100.00 240.00 0.00 1
CELL 100.00 240.00 300.00 1
CELL 100.00 250.00 0.00 1
CELL 100.00 250.00 300.00 1
CELL 100.00 260.00 0.00 1
CELL 100.00 260.00 300.00 1
CELL 100.00 270.00 0.00 1
CELL 100.00 270.00 300.00 1
CELL 100.00 280.00 0.00 1
CELL 100.00 280.00 300.00 1
CELL 100.00 290.00 0.00 1
CELL 100.00 290.00 300.00 1
CELL 100.00 300.00 0.00 1
CELL 100.00 300.00 10.00 1
CELL 100.00 300.00 20.00 1
CELL 100.00 300.00 30.00 1
CELL 100.00 300.00 40.00 1
CELL 100.00 300.00 50.00 1
CELL 100.00 300.00 60.00 1
CELL 100.00 300.00 70.00 1
CELL 100.00 300.00 80.00 1
CELL 100.00 300.00 90.00 1
CELL 100.00 300.00 100.00 1
CELL 100.00 300.00 110.00 1
CELL 100.00 300.00 120.00 1
CELL 100.00 300.00 130.00 1
CELL 100.00 300.00 140.00 1
CELL 100.00 300.00 150.00 1
CELL 100.00 300.00 160.00 1
CELL 100.00 300.00 170.00 1
CELL 100.00 300.00 180.00 1
CELL 100.00 300.00 190.00 1
CELL 100.00 300.00 200.00 1
CELL 100.00 300.00 210.00 1
CELL 100.00 300.00 220.00 1
CELL 100.00 300.00 230.00 1
CELL 100.00 300.00 240.00 1
CELL 100.00 300.00 250.00 1
CELL 100.00 300.00 260.00 1
CELL 100.00 300.00 270.00 1
CELL 100.00 300.00 280.00 1
CELL 100.00 300.00 290.00 1
CELL 100.00 300.00 300.00 1
CELL 110.00 0.00 0.00 1
CELL 110.00 0.00 10.00 1
CELL 110.00 0.00 20.00 1
CELL 110.00 0.00 30.00 1
CELL 110.00 0.00 40.00 1
CELL 110.00 0.00 50.00 1
CELL 110.00 0.00 60.00 1
CELL 110.00 0.00 70.00 1
CELL 110.00 0.00 80.00 1
CELL 110.00 0.00 90.00 1
CELL 110.00 0.00 100.00 1
CELL 110.00 0.00 110.00 1
CELL 110.00 0.00 120.00 1
CELL 110.00 0.00 130.00 1
CELL 110.00 0.00 140.00 1
CELL 110.00 0.00 150.00 1
CELL 110.00 0.00 160.00 1
CELL 110.00 0.00 170.00 1
CELL 110.00 0.00 180.00 1
CELL 110.00 0.00 190.00 1
CELL 110.00 0.00 200.00 1
CELL 110.00 0.00 210.00 1
CELL 110.00 0.00 220.00 1
CELL 110.00 0.00 230.00 1
CELL 110.00 0.00 240.00 1
CELL 110.00 0.00 250.00 1
CELL 110.00 0.00 260.00 1
CELL 110.00 0.00 270.00 1
CELL 110.00 0.00 280.00 1
CELL 110.00 0.00 290.00 1
CELL 110.00 0.00 300.00 1
CELL 110.00 10.00 0.00 1
CELL 110.00 10.00 300.00 1
CELL 110.00 20.00 0.00 1
CELL 110.00 20.00 300.00 1
CELL 110.00 30.00 0.00 1
CELL 110.00 30.00 300.00 1
CELL 110.00 40.00 0.00 1
CELL 110.00 40.00 300.00 1
CELL 110.00 50.00 0.00 1
CELL 110.00 50.00 300.00 1
CELL 110.00 60.00 0.00 1
CELL 110.00 60.00 300.00 1
CELL 110.00 70.00 0.00 1
CELL 110.00 70.00 300.00 1
CELL 110.00 80.00 0.00 1
CELL 110.00 80.00 300.00 1
CELL 110.00 90.00 0.00 1
CELL 110.00 90.00 300.00 1
CELL 110.00 100.00 0.00 1
CELL 110.00 100.00 300.00 1
CELL 110.00 110.00 0.00 1
CELL 110.00 110.00 300.00 1
CELL 110.00 120.00 0.00 1
CELL 110.00 120.00 300.00 1
CELL 110.00 130.00 0.00 1
CELL 110.00 130.00 300.00 1
CELL 110.00 140.00 0.00 1
CELL 110.00 140.00 300.00 1
CELL 110.00 150.00 0.00 1
CELL 110.00 150.00 300.00 1
CELL 110.00 160.00 0.00 1
CELL 110.00 160.00 300.00 1
CELL 110.00 170.00 0.00 1
CELL 110.00 170.00 300.00 1
CELL 110.00 180.00 0.00 1
CELL 110.00 180.00 300.00 1
CELL 110.00 190.00 0.00 1
CELL 110.00 190.00 300.00 1
CELL 110.00 200.00 0.00 1
CELL 110.00 200.00 300.00 1
CELL 110.00 210.00 0.00 1
CELL 110.00 210.00 300.00 1
CELL 110.00 220.00 0.00 1
CELL 110.00 220.00 300.00 1
CELL 110.00 230.00 0.00 1
CELL 110.00 230.00 300.00 1
CELL 110.00 240.00 0.00 1
CELL 110.00 240.00 300.00 1
CELL 110.00 250.00 0.00 1
CELL 110.00 250.00 300.00 1
CELL 110.00 260.00 0.00 1
CELL 110.00 260.00 300.00 1
CELL 110.00 270.00 0.00 1
CELL 110.00 270.00 300.00 1
CELL 110.00 280.00 0.00 1
CELL 110.00 280.00 300.00 1
CELL 110.00 290.00 0.00 1
CELL 110.00 290.00 300.00 1
CELL 110.00 300.00 0.00 1
CELL 110.00 300.00 10.00 1
CELL 110.00 300.00 20.00 1
CELL 110.00 300.00 30.00 1
CELL 110.00 300.00 40.00 1
CELL 110.00 300.00 50.00 1
CELL 110.00 300.00 60.00 1
CELL 110.00 300.00 70.00 1
CELL 110.00 300.00 80.00 1
CELL 110.00 300.00 90.00 1
CELL 110.00 300.00 100.00 1
CELL 110.00 300.00 110.00 1
CELL 110.00 300.00 120.00 1
CELL 110.00 300.00 130.00 1
CELL 110.00 300.00 140.00 1
CELL 110.00 300.00 150.00 1
CELL 110.00 300.00 160.00 1
CELL 110.00 300.00 170.00 1
CELL 110.00 300.00 180.00 1
CELL 110.00 300.00 190.00 1
CELL 110.00 300.00 200.00 1
CELL 110.00 300.00 210.00 1
CELL 110.00 300.00 220.00 1
CELL 110.00 300.00 230.00 1
CELL 110.00 300.00 240.00 1
CELL 110.00 300.00 250.00 1
CELL 110.00 300.00 260.00 1
CELL 110.00 300.00 270.00 1
CELL 110.00 300.00 280.00 1
CELL 110.00 300.00 290.00 1
CELL 110.00 300.00 300.00 1
CELL 120.00 0.00 0.00 1
CELL 120.00 0.00 10.00 1
CELL 120.00 0.00 20.00 1
CELL 120.00 0.00 30.00 1
CELL 120.00 0.00 40.00 1
CELL 120.00 0.00 50.00 1
CELL 120.00 0.00 60.00 1
CELL 120.00 0.00 70.00 1
CELL 120.00 0.00 80.00 1
CELL 120.00 0.00 90.00 1
CELL 120.00 0.00 100.00 1
CELL 120.00 0.00 110.00 1
CELL 120.00 0.00 120.00 1
CELL 120.00 0.00 130.00 1
CELL 120.00 0.00 140.00 1
CELL 120.00 0.00 150.00 1
CELL 120.00 0.00 160.00 1
CELL 120.00 0.00 170.00 1
CELL 120.00 0.00 180.00 1
CELL 120.00 0.00 190.00 1
CELL 120.00 0.00 200.00 1
CELL 120.00 0.00 210.00 1
CELL 120.00 0.00 220.00 1
CELL 120.00 0.00 230.00 1
CELL 120.00 0.00 240.00 1
CELL 120.00 0.00 250.00 1
CELL 120.00 0.00 260.00 1
CELL 120.00 0.00 270.00 1
CELL 120.00 0.00 280.00 1
CELL 120.00 0.00 290.00 1
CELL 120.00 0.00 300.00 1
CELL 120.00 10.00 0.00 1
CELL 120.00 10.00 300.00 1
CELL 120.00 20.00 0.00 1
CELL 120.00 20.00 300.00 1
CELL 120.00 30.00 0.00 1
CELL 120.00 30.00 300.00 1
CELL 120.00 40.00 0.00 1
CELL 120.00 40.00 300.00 1
CELL 120.00 50.00 0.00 1
CELL 120.00 50.00 300.00 1
CELL 120.00 60.00 0.00 1
CELL 120.00 60.00 300.00 1
CELL 120.00 70.00 0.00 1
CELL 120.00 70.00 300.00 1
CELL 120.00 80.00 0.00 1
CELL 120.00 80.00 300.00 1
CELL 120.00 90.00 0.00 1
CELL 120.00 90.00 300.00 1
CELL 120.00 100.00 0.00 1
CELL 120.00 100.00 300.00 1
CELL 120.00 110.00 0.00 1
CELL 120.00 110.00 300.00 1
CELL 120.00 120.00 0.00 1
CELL 120.00 120.00 300.00 1
CELL 120.00 130.00 0.00 1
CELL 120.00 130.00 300.00 1
CELL 120.00 140.00 0.00 1
CELL 120.00 140.00 300.00 1
CELL 120.00 150.00 0.00 1
CELL 120.00 150.00 300.00 1
CELL 120.00 160.00 0.00 1
CELL 120.00 160.00 300.00 1
CELL 120.00 170.00 0.00 1
CELL 120.00 170.00 300.00 1
CELL 120.00 180.00 0.00 1
CELL 120.00 180.00 300.00 1
CELL 120.00 190.00 0.00 1
CELL 120.00 190.00 300.00 1
CELL 120.00 200.00 0.00 1
CELL 120.00 200.00 300.00 1
CELL 120.00 210.00 0.00 1
CELL 120.00 210.00 300.00 1
CELL 120.00 220.00 0.00 1
CELL 120.00 220.00 300.00 1
CELL 120.00 230.00 0.00 1
CELL 120.00 230.00 300.00 1
CELL 120.00 240.00 0.00 1
CELL 120.00 240.00 300.00 1
CELL 120.00 250.00 0.00 1
CELL 120.00 250.00 300.00 1
CELL 120.00 260.00 0.00 1
CELL 120.00 260.00 300.00 1
CELL 120.00 270.00 0.00 1
CELL 120.00 270.00 300.00 1
CELL 120.00 280.00 0.00 1
CELL 120.00 280.00 300.00 1
CELL 120.00 290.00 0.00 1
CELL 120.00 290.00 300.00 1
CELL 120.00 300.00 0.00 1
CELL 120.00 300.00 10.00 1
CELL 120.00 300.00 20.00 1
CELL 120.00 300.00 30.00 1
CELL 120.00 300.00 40.00 1
CELL 120.00 300.00 50.00 1
CELL 120.00 300.00 60.00 1
CELL 120.00 300.00 70.00 1
CELL 120.00 300.00 80.00 1
CELL 120.00 300.00 90.00 1
CELL 120.00 300.00 100.00 1
CELL 120.00 300.00 110.00 1
CELL 120.00 300.00 120.00 1
CELL 120.00 300.00 130.00 1
CELL 120.00 300.00 140.00 1
CELL 120.00 300.00 150.00 1
CELL 120.00 300.00 160.00 1
CELL 120.00 300.00 170.00 1
CELL 120.00 300.00 180.00 1
CELL 120.00 300.00 190.00 1
CELL 120.00 300.00 200.00 1
CELL 120.00 300.00 210.00 1
CELL 120.00 300.00 220.00 1
CELL 120.00 300.00 230.00 1
CELL 120.00 300.00 240.00 1
CELL 120.00 300.00 250.00 1
CELL 120.00 300.00 260.00 1
CELL 120.00 300.00 270.00 1
CELL 120.00 300.00 280.00 1
CELL 120.00 300.00 290.00 1
CELL 120.00 300.00 300.00 1
CELL 130.00 0.00 0.00 1
CELL 130.00 0.00 10.00 1
CELL 130.00 0.00 20.00 1
CELL 130.00 0.00 30.00 1
CELL 130.00 0.00 40.00 1
CELL 130.00 0.00 50.00 1
CELL 130.00 0.00 60.00 1
CELL 130.00 0.00 70.00 1
CELL 130.00 0.00 80.00 1
CELL 130.00 0.00 90.00 1
CELL 130.00 0.00 100.00 1
CELL 130.00 0.00 110.00 1
CELL 130.00 0.00 120.00 1
CELL 130.00 0.00 130.00 1
CELL 130.00 0.00 140.00 1
CELL 130.00 0.00 150.00 1
CELL 130.00 0.00 160.00 1
CELL 130.00 0.00 170.00 1
CELL 130.00 0.00 180.00 1
CELL 130.00 0.00 190.00 1
CELL 130.00 0.00 200.00 1
CELL 130.00 0.00 210.00 1
CELL 130.00 0.00 220.00 1
CELL 130.00 0.00 230.00 1
CELL 130.00 0.00 240.00 1
CELL 130.00 0.00 250.00 1
CELL 130.00 0.00 260.00 1
CELL 130.00 0.00 270.00 1
CELL 130.00 0.00 280.00 1
CELL 130.00 0.00 290.00 1
CELL 130.00 0.00 300.00 1
CELL 130.00 10.00 0.00 1
CELL 130.00 10.00 300.00 1
CELL 130.00 20.00 0.00 1
CELL 130.00 20.00 300.00 1
CELL 130.00 30.00 0.00 1
CELL 130.00 30.00 300.00 1
CELL 130.00 40.00 0.00 1
CELL 130.00 40.00 300.00 1
CELL 130.00 50.00 0.00 1
CELL 130.00 50.00 300.00 1
CELL 130.00 60.00 0.00 1
CELL 130.00 60.00 300.00 1
CELL 130.00 70.00 0.00 1
CELL 130.00 70.00 300.00 1
CELL 130.00 80.00 0.00 1
CELL 130.00 80.00 300.00 1
CELL 130.00 90.00 0.00 1
CELL 130.00 90.00 300.00 1
CELL 130.00 100.00 0.00 1
CELL 130.00 100.00 300.00 1
CELL 130.00 110.00 0.00 1
CELL 130.00 110.00 300.00 1
CELL 130.00 120.00 0.00 1
CELL 130.00 120.00 300.00 1
CELL 130.00 130.00 0.00 1
CELL 130.00 130.00 300.00 1
CELL 130.00 140.00 0.00 1
CELL 130.00 140.00 300.00 1
CELL 130.00 150.00 0.00 1
CELL 130.00 150.00 300.00 1
CELL 130.00 160.00 0.00 1
CELL 130.00 160.00 300.00 1
CELL 130.00 170.00 0.00 1
CELL 130.00 170.00 300.00 1
CELL 130.00 180.00 0.00 1
CELL 130.00 180.00 300.00 1
CELL 130.00 190.00 0.00 1
CELL 130.00 190.00 300.00 1
CELL 130.00 200.00 0.00 1
CELL 130.00 200.00 300.00 1
CELL 130.00 210.00 0.00 1
CELL 130.00 210.00 300.00 1
CELL 130.00 220.00 0.00 1
CELL 130.00 220.00 300.00 1
CELL 130.00 230.00 0.00 1
CELL 130.00 230.00 300.00 1
CELL 130.00 240.00 0.00 1
CELL 130.00 240.00 300.00 1
CELL 130.00 250.00 0.00 1
CELL 130.00 250.00 300.00 1
CELL 130.00 260.00 0.00 1
CELL 130.00 260.00 300.00 1
CELL 130.00 270.00 0.00 1
CELL 130.00 270.00 300.00 1
CELL 130.00 280.00 0.00 1
CELL 130.00 280.00 300.00 1
CELL 130.00 290.00 0.00 1
CELL 130.00 290.00 300.00 1
CELL 130.00 300.00 0.00 1
CELL 130.00 300.00 10.00 1
CELL 130.00 300.00 20.00 1
CELL 130.00 300.00 30.00 1
CELL 130.00 300.00 40.00 1
CELL 130.00 300.00 50.00 1
CELL 130.00 300.00 60.00 1
CELL 130.00 300.00 70.00 1
CELL 130.00 300.00 80.00 1
CELL 130.00 300.00 90.00 1
CELL 130.00 300.00 100.00 1
CELL 130.00 300.00 110.00 1
CELL 130.00 300.00 120.00 1
CELL 130.00 300.00 130.00 1
CELL 130.00 300.00 140.00 1
CELL 130.00 300.00 150.00 1
CELL 130.00 300.00 160.00 1
CELL 130.00 300.00 170.00 1
CELL 130.00 300.00 180.00 1
CELL 130.00 300.00 190.00 1
CELL 130.00 300.00 200.00 1
CELL 130.00 300.00 210.00 1
CELL 130.00 300.00 220.00 1
CELL 130.00 300.00 230.00 1
CELL 130.00 300.00 240.00 1
CELL 130.00 300.00 250.00 1
CELL 130.00 300.00 260.00 1
CELL 130.00 300.00 270.00 1
CELL 130.00 300.00 280.00 1
CELL 130.00 300.00 290.00 1
CELL 130.00 300.00 300.00 1
CELL 140.00 0.00 0.00 1
CELL 140.00 0.00 10.00 1
CELL 140.00 0.00 20.00 1
CELL 140.00 0.00 30.00 1
CELL 140.00 0.00 40.00 1
CELL 140.00 0.00 50.00 1
CELL 140.00 0.00 60.00 1
CELL 140.00 0.00 70.00 1
CELL 140.00 0.00 80.00 1
CELL 140.00 0.00 90.00 1
CELL 140.00 0.00 100.00 1
CELL 140.00 0.00 110.00 1
CELL 140.00 0.00 120.00 1
CELL 140.00 0.00 130.00 1
CELL 140.00 0.00 140.00 1
CELL 140.00 0.00 150.00 1
CELL 140.00 0.00 160.00 1
CELL 140.00 0.00 170.00 1
CELL 140.00 0.00 180.00 1
CELL 140.00 0.00 190.00 1
CELL 140.00 0.00 200.00 1
CELL 140.00 0.00 210.00 1
CELL 140.00 0.00 220.00 1
CELL 140.00 0.00 230.00 1
CELL 140.00 0.00 240.00 1
CELL 140.00 0.00 250.00 1
CELL 140.00 0.00 260.00 1
CELL 140.00 0.00 270.00 1
CELL 140.00 0.00 280.00 1
CELL 140.00 0.00 290.00 1
CELL 140.00 0.00 300.00 1
CELL 140.00 10.00 0.00 1
CELL 140.00 10.00 300.00 1
CELL 140.00 20.00 0.00 1
CELL 140.00 20.00 300.00 1
CELL 140.00 30.00 0.00 1
CELL 140.00 30.00 300.00 1
CELL 140.00 40.00 0.00 1
CELL 140.00 40.00 300.00 1
CELL 140.00 50.00 0.00 1
CELL 140.00 50.00 300.00 1
CELL 140.00 60.00 0.00 1
CELL 140.00 60.00 300.00 1
CELL 140.00 70.00 0.00 1
CELL 140.00 70.00 300.00 1
CELL 140.00 80.00 0.00 1
CELL 140.00 80.00 300.00 1
CELL 140.00 90.00 0.00 1
CELL 140.00 90.00 300.00 1
CELL 140.00 100.00 0.00 1
CELL 140.00 100.00 300.00 1
CELL 140.00 110.00 0.00 1
CELL 140.00 110.00 300.00 1
CELL 140.00 120.00 0.00 1
CELL 140.00 120.00 300.00 1
CELL 140.00 130.00 0.00 1
CELL 140.00 130.00 300.00 1
CELL 140.00 140.00 0.00 1
CELL 140.00 140.00 300.00 1
CELL 140.00 150.00 0.00 1
CELL 140.00 150.00 300.00 1
CELL 140.00 160.00 0.00 1
CELL 140.00 160.00 300.00 1
CELL 140.00 170.00 0.00 1
CELL 140.00 170.00 300.00 1
CELL 140.00 180.00 0.00 1
CELL 140.00 180.00 300.00 1
CELL 140.00 190.00 0.00 1
CELL 140.00 190.00 300.00 1
CELL 140.00 200.00 0.00 1
CELL 140.00 200.00 300.00 1
CELL 140.00 210.00 0.00 1
CELL 140.00 210.00 300.00 1
CELL 140.00 220.00 0.00 1
CELL 140.00 220.00 300.00 1
CELL 140.00 230.00 0.00 1
CELL 140.00 230.00 300.00 1
CELL 140.00 240.00 0.00 1
CELL 140.00 240.00 300.00 1
CELL 140.00 250.00 0.00 1
CELL 140.00 250.00 300.00 1
CELL 140.00 260.00 0.00 1
CELL 140.00 260.00 300.00 1
CELL 140.00 270.00 0.00 1
CELL 140.00 270.00 300.00 1
CELL 140.00 280.00 0.00 1
CELL 140.00 280.00 300.00 1
CELL 140.00 290.00 0.00 1
CELL 140.00 290.00 300.00 1
CELL 140.00 300.00 0.00 1
CELL 140.00 300.00 10.00 1
CELL 140.00 300.00 20.00 1
CELL 140.00 300.00 30.00 1
CELL 140.00 300.00 40.00 1
CELL 140.00 300.00 50.00 1
CELL 140.00 300.00 60.00 1
CELL 140.00 300.00 70.00 1
CELL 140.00 300.00 80.00 1
CELL 140.00 300.00 90.00 1
CELL 140.00 300.00 100.00 1
CELL 140.00 300.00 110.00 1
CELL 140.00 300.00 120.00 1
CELL 140.00 300.00 130.00 1
CELL 140.00 300.00 140.00 1
CELL 140.00 300.00 150.00 1
CELL 140.00 300.00 160.00 1
CELL 140.00 300.00 170.00 1
CELL 140.00 300.00 180.00 1
CELL 140.00 300.00 190.00 1
CELL 140.00 300.00 200.00 1
CELL 140.00 300.00 210.00 1
CELL 140.00 300.00 220.00 1
CELL 140.00 300.00 230.00 1
CELL 140.00 300.00 240.00 1
CELL 140.00 300.00 250.00 1
CELL 140.00 300.00 260.00 1
CELL 140.00 300.00 270.00 1
CELL 140.00 300.00 280.00 1
CELL 140.00 300.00 290.00 1
CELL 140.00 300.00 300.00 1
CELL 150.00 0.00 0.00 1
CELL 150.00 0.00 10.00 1
CELL 150.00 0.00 20.00 1
CELL 150.00 0.00 30.00 1
CELL 150.00 0.00 40.00 1
CELL 150.00 0.00 50.00 1
CELL 150.00 0.00 60.00 1
CELL 150.00 0.00 70.00 1
CELL 150.00 0.00 80.00 1
CELL 150.00 0.00 90.00 1
CELL 150.00 0.00 100.00 1
CELL 150.00 0.00 110.00 1
CELL 150.00 0.00 120.00 1
CELL 150.00 0.00 130.00 1
CELL 150.00 0.00 140.00 1
CELL 150.00 0.00 150.00 1
CELL 150.00 0.00 160.00 1
CELL 150.00 0.00 170.00 1
CELL 150.00 0.00 180.00 1
CELL 150.00 0.00 190.00 1
CELL 150.00 0.00 200.00 1
CELL 150.00 0.00 210.00 1
CELL 150.00 0.00 220.00 1
CELL 150.00 0.00 230.00 1
CELL 150.00 0.00 240.00 1
CELL 150.00 0.00 250.00 1
CELL 150.00 0.00 260.00 1
CELL 150.00 0.00 270.00 1
CELL 150.00 0.00 280.00 1
CELL 150.00 0.00 290.00 1
CELL 150.00 0.00 300.00 1
CELL 150.00 10.00 0.00 1
CELL 150.00 10.00 300.00 1
CELL 150.00 20.00 0.00 1
CELL 150.00 20.00 300.00 1
CELL 150.00 30.00 0.00 1
CELL 150.00 30.00 300.00 1
CELL 150.00 40.00 0.00 1
CELL 150.00 40.00 300.00 1
CELL 150.00 50.00 0.00 1
CELL 150.00 50.00 300.00 1
CELL 150.00 60.00 0.00 1
CELL 150.00 60.00 300.00 1
CELL 150.00 70.00 0.00 1
CELL 150.00 70.00 300.00 1
CELL 150.00 80.00 0.00 1
CELL 150.00 80.00 300.00 1
CELL 150.00 90.00 0.00 1
CELL 150.00 90.00 300.00 1
CELL 150.00 100.00 0.00 1
CELL 150.00 100.00 300.00 1
CELL 150.00 110.00 0.00 1
CELL 150.00 110.00 300.00 1
CELL 150.00 120.00 0.00 1
CELL 150.00 120.00 300.00 1
CELL 150.00 130.00 0.00 1
CELL 150.00 130.00 300.00 1
CELL 150.00 140.00 0.00 1
CELL 150.00 140.00 300.00 1
CELL 150.00 150.00 0.00 1
CELL 150.00 150.00 300.00 1
CELL 150.00 160.00 0.00 1
CELL 150.00 160.00 300.00 1
CELL 150.00 170.00 0.00 1
CELL 150.00 170.00 300.00 1
CELL 150.00 180.00 0.00 1
CELL 150.00 180.00 300.00 1
CELL 150.00 190.00 0.00 1
CELL 150.00 190.00 300.00 1
CELL 150.00 200.00 0.00 1
CELL 150.00 200.00 300.00 1
CELL 150.00 210.00 0.00 1
CELL 150.00 210.00 300.00 1
CELL 150.00 220.00 0.00 1
CELL 150.00 220.00 300.00 1
CELL 150.00 230.00 0.00 1
CELL 150.00 230.00 300.00 1
CELL 150.00 240.00 0.00 1
CELL 150.00 240.00 300.00 1
CELL 150.00 250.00 0.00 1
CELL 150.00 250.00 300.00 1
CELL 150.00 260.00 0.00 1
CELL 150.00 260.00 300.00 1
CELL 150.00 270.00 0.00 1
CELL 150.00 270.00 300.00 1
CELL 150.00 280.00 0.00 1
CELL 150.00 280.00 300.00 1
CELL 150.00 290.00 0.00 1
CELL 150.00 290.00 300.00 1
CELL 150.00 300.00 0.00 1
CELL 150.00 300.00 10.00 1
CELL 150.00 300.00 20.00 1
CELL 150.00 300.00 30.00 1
CELL 150.00 300.00 40.00 1
CELL 150.00 300.00 50.00 1
CELL 150.00 300.00 60.00 1
CELL 150.00 300.00 70.00 1
CELL 150.00 300.00 80.00 1
CELL 150.00 300.00 90.00 1
CELL 150.00 300.00 100.00 1
CELL 150.00 300.00 110.00 1
CELL 150.00 300.00 120.00 1
CELL 150.00 300.00 130.00 1
CELL 150.00 300.00 140.00 1
CELL 150.00 300.00 150.00 1
CELL 150.00 300.00 160.00 1
CELL 150.00 300.00 170.00 1
CELL 150.00 300.00 180.00 1
CELL 150.00 300.00 190.00 1
CELL 150.00 300.00 200.00 1
CELL 150.00 300.00 210.00 1
CELL 150.00 300.00 220.00 1
CELL 150.00 300.00 230.00 1
CELL 150.00 300.00 240.00 1
CELL 150.00 300.00 250.00 1
CELL 150.00 300.00 260.00 1
CELL 150.00 300.00 270.00 1
CELL 150.00 300.00 280.00 1
CELL 150.00 300.00 290.00 1
CELL 150.00 300.00 300.00 1
CELL 160.00 0.00 0.00 1
CELL 160.00 0.00 10.00 1
CELL 160.00 0.00 20.00 1
CELL 160.00 0.00 30.00 1
CELL 160.00 0.00 40.00 1
CELL 160.00 0.00 50.00 1
CELL 160.00 0.00 60.00 1
CELL 160.00 0.00 70.00 1
CELL 160.00 0.00 80.00 1
CELL 160.00 0.00 90.00 1
CELL 160.00 0.00 100.00 1
CELL 160.00 0.00 110.00 1
CELL 160.00 0.00 120.00 1
CELL 160.00 0.00 130.00 1
CELL 160.00 0.00 140.00 1
CELL 160.00 0.00 150.00 1
CELL 160.00 0.00 160.00 1
CELL 160.00 0.00 170.00 1
CELL 160.00 0.00 180.00 1
CELL 160.00 0.00 190.00 1
CELL 160.00 0.00 200.00 1
CELL 160.00 0.00 210.00 1
CELL 160.00 0.00 220.00 1
CELL 160.00 0.00 230.00 1
CELL 160.00 0.00 240.00 1
CELL 160.00 0.00 250.00 1
CELL 160.00 0.00 260.00 1
CELL 160.00 0.00 270.00 1
CELL 160.00 0.00 280.00 1
CELL 160.00 0.00 290.00 1
CELL 160.00 0.00 300.00 1
CELL 160.00 10.00 0.00 1
CELL 160.00 10.00 300.00 1
CELL 160.00 20.00 0.00 1
CELL 160.00 20.00 300.00 1
CELL 160.00 30.00 0.00 1
CELL 160.00 30.00 300.00 1
CELL 160.00 40.00 0.00 1
CELL 160.00 40.00 300.00 1
CELL 160.00 50.00 0.00 1
CELL 160.00 50.00 300.00 1
CELL 160.00 60.00 0.00 1
CELL 160.00 60.00 300.00 1
CELL 160.00 70.00 0.00 1
CELL 160.00 70.00 300.00 1
CELL 160.00 80.00 0.00 1
CELL 160.00 80.00 300.00 1
CELL 160.00 90.00 0.00 1
CELL 160.00 90.00 300.00 1
CELL 160.00 100.00 0.00 1
CELL 160.00 100.00 300.00 1
CELL 160.00 110.00 0.00 1
CELL 160.00 110.00 300.00 1
CELL 160.00 120.00 0.00 1
CELL 160.00 120.00 300.00 1
CELL 160.00 130.00 0.00 1
CELL 160.00 130.00 300.00 1
CELL 160.00 140.00 0.00 1
CELL 160.00 140.00 300.00 1
CELL 160.00 150.00 0.00 1
CELL 160.00 150.00 300.00 1
CELL 160.00 160.00 0.00 1
CELL 160.00 160.00 300.00 1
CELL 160.00 170.00 0.00 1
CELL 160.00 170.00 300.00 1
CELL 160.00 180.00 0.00 1
CELL 160.00 180.00 300.00 1
CELL 160.00 190.00 0.00 1
CELL 160.00 190.00 300.00 1
CELL 160.00 200.00 0.00 1
CELL 160.00 200.00 300.00 1
CELL 160.00 210.00 0.00 1
CELL 160.00 210.00 300.00 1
CELL 160.00 220.00 0.00 1
CELL 160.00 220.00 300.00 1
CELL 160.00 230.00 0.00 1
CELL 160.00 230.00 300.00 1
CELL 160.00 240.00 0.00 1
CELL 160.00 240.00 300.00 1
CELL 160.00 250.00 0.00 1
CELL 160.00 250.00 300.00 1
CELL 160.00 260.00 0.00 1
CELL 160.00 260.00 300.00 1
CELL 160.00 270.00 0.00 1
CELL 160.00 270.00 300.00 1
CELL 160.00 280.00 0.00 1
CELL 160.00 280.00 300.00 1
CELL 160.00 290.00 0.00 1
CELL 160.00 290.00 300.00 1
CELL 160.00 300.00 0.00 1
CELL 160.00 300.00 10.00 1
CELL 160.00 300.00 20.00 1
CELL 160.00 300.00 30.00 1
CELL 160.00 300.00 40.00 1
CELL 160.00 300.00 50.00 1
CELL 160.00 300.00 60.00 1
CELL 160.00 300.00 70.00 1
CELL 160.00 300.00 80.00 1
CELL 160.00 300.00 90.00 1
CELL 160.00 300.00 100.00 1
CELL 160.00 300.00 110.00 1
CELL 160.00 300.00 120.00 1
CELL 160.00 300.00 130.00 1
CELL 160.00 300.00 140.00 1
CELL 160.00 300.00 150.00 1
CELL 160.00 300.00 160.00 1
CELL 160.00 300.00 170.00 1
CELL 160.00 300.00 180.00 1
CELL 160.00 300.00 190.00 1
CELL 160.00 300.00 200.00 1
CELL 160.00 300.00 210.00 1
CELL 160.00 300.00 220.00 1
CELL 160.00 300.00 230.00 1
CELL 160.00 300.00 240.00 1
CELL 160.00 300.00 250.00 1
CELL 160.00 300.00 260.00 1
CELL 160.00 300.00 270.00 1
CELL 160.00 300.00 280.00 1
CELL 160.00 300.00 290.00 1
CELL 160.00 300.00 300.00 1
CELL 170.00 0.00 0.00 1
CELL 170.00 0.00 10.00 1
CELL 170.00 0.00 20.00 1
CELL 170.00 0.00 30.00 1
CELL 170.00 0.00 40.00 1
CELL 170.00 0.00 50.00 1
CELL 170.00 0.00 60.00 1
CELL 170.00 0.00 70.00 1
CELL 170.00 0.00 80.00 1
CELL 170.00 0.00 90.00 1
CELL 170.00 0.00 100.00 1
CELL 170.00 0.00 110.00 1
CELL 170.00 0.00 120.00 1
CELL 170.00 0.00 130.00 1
CELL 170.00 0.00 140.00 1
CELL 170.00 0.00 150.00 1
CELL 170.00 0.00 160.00 1
CELL 170.00 0.00 170.00 1
CELL 170.00 0.00 180.00 1
CELL 170.00 0.00 190.00 1
CELL 170.00 0.00 200.00 1
CELL 170.00 0.00 210.00 1
CELL 170.00 0.00 220.00 1
CELL 170.00 0.00 230.00 1
CELL 170.00 0.00 240.00 1
CELL 170.00 0.00 250.00 1
CELL 170.00 0.00 260.00 1
CELL 170.00 0.00 270.00 1
CELL 170.00 0.00 280.00 1
CELL 170.00 0.00 290.00 1
CELL 170.00 0.00 300.00 1
CELL 170.00 10.00 0.00 1
CELL 170.00 10.00 300.00 1
CELL 170.00 20.00 0.00 1
CELL 170.00 20.00 300.00 1
CELL 170.00 30.00 0.00 1
CELL 170.00 30.00 300.00 1
CELL 170.00 40.00 0.00 1
CELL 170.00 40.00 300.00 1
CELL 170.00 50.00 0.00 1
CELL 170.00 50.00 300.00 1
CELL 170.00 60.00 0.00 1
CELL 170.00 60.00 300.00 1
CELL 170.00 70.00 0.00 1
CELL 170.00 70.00 300.00 1
CELL 170.00 80.00 0.00 1
CELL 170.00 80.00 300.00 1
CELL 170.00 90.00 0.00 1
CELL 170.00 90.00 300.00 1
CELL 170.00 100.00 0.00 1
CELL 170.00 100.00 300.00 1
CELL 170.00 110.00 0.00 1
CELL 170.00 110.00 300.00 1
CELL 170.00 120.00 0.00 1
CELL 170.00 120.00 300.00 1
CELL 170.00 130.00 0.00 1
CELL 170.00 130.00 300.00 1
CELL 170.00 140.00 0.00 1
CELL 170.00 140.00 300.00 1
CELL 170.00 150.00 0.00 1
CELL 170.00 150.00 300.00 1
CELL 170.00 160.00 0.00 1
CELL 170.00 160.00 300.00 1
CELL 170.00 170.00 0.00 1
CELL 170.00 170.00 300.00 1
CELL 170.00 180.00 0.00 1
CELL 170.00 180.00 300.00 1
CELL 170.00 190.00 0.00 1
CELL 170.00 190.00 300.00 1
CELL 170.00 200.00 0.00 1
CELL 170.00 200.00 300.00 1
CELL 170.00 210.00 0.00 1
CELL 170.00 210.00 300.00 1
CELL 170.00 220.00 0.00 1
CELL 170.00 220.00 300.00 1
CELL 170.00 230.00 0.00 1
CELL 170.00 230.00 300.00 1
CELL 170.00 240.00 0.00 1
CELL 170.00 240.00 300.00 1
CELL 170.00 250.00 0.00 1
CELL 170.00 250.00 300.00 1
CELL 170.00 260.00 0.00 1
CELL 170.00 260.00 300.00 1
CELL 170.00 270.00 0.00 1
CELL 170.00 270.00 300.00 1
CELL 170.00 280.00 0.00 1
CELL 170.00 280.00 300.00 1
CELL 170.00 290.00 0.00 1
CELL 170.00 290.00 300.00 1
CELL 170.00 300.00 0.00 1
CELL 170.00 300.00 10.00 1
CELL 170.00 300.00 20.00 1
CELL 170.00 300.00 30.00 1
CELL 170.00 300.00 40.00 1
CELL 170.00 300.00 50.00 1
CELL 170.00 300.00 60.00 1
CELL 170.00 300.00 70.00 1
CELL 170.00 300.00 80.00 1
CELL 170.00 300.00 90.00 1
CELL 170.00 300.00 100.00 1
CELL 170.00 300.00 110.00 1
CELL 170.00 300.00 120.00 1
CELL 170.00 300.00 130.00 1
CELL 170.00 300.00 140.00 1
CELL 170.00 300.00 150.00 1
CELL 170.00 300.00 160.00 1
CELL 170.00 300.00 170.00 1
CELL 170.00 300.00 180.00 1
CELL 170.00 300.00 190.00 1
CELL 170.00 300.00 200.00 1
CELL 170.00 300.00 210.00 1
CELL 170.00 300.00 220.00 1
CELL 170.00 300.00 230.00 1
CELL 170.00 300.00 240.00 1
CELL 170.00 300.00 250.00 1
CELL 170.00 300.00 260.00 1
CELL 170.00 300.00 270.00 1
CELL 170.00 300.00 280.00 1
CELL 170.00 300.00 290.00 1
CELL 170.00 300.00 300.00 1
CELL 180.00 0.00 0.00 1
CELL 180.00 0.00 10.00 1
CELL 180.00 0.00 20.00 1
CELL 180.00 0.00 30.00 1
CELL 180.00 0.00 40.00 1
CELL 180.00 0.00 50.00 1
CELL 180.00 0.00 60.00 1
CELL 180.00 0.00 70.00 1
CELL 180.00 0.00 80.00 1
CELL 180.00 0.00 90.00 1
CELL 180.00 0.00 100.00 1
CELL 180.00 0.00 110.00 1
CELL 180.00 0.00 120.00 1
CELL 180.00 0.00 130.00 1
CELL 180.00 0.00 140.00 1
CELL 180.00 0.00 150.00 1
CELL 180.00 0.00 160.00 1
CELL 180.00 0.00 170.00 1
CELL 180.00 0.00 180.00 1
CELL 180.00 0.00 190.00 1
CELL 180.00 0.00 200.00 1
CELL 180.00 0.00 210.00 1
CELL 180.00 0.00 220.00 1
CELL 180.00 0.00 230.00 1
CELL 180.00 0.00 240.00 1
CELL 180.00 0.00 250.00 1
CELL 180.00 0.00 260.00 1
CELL 180.00 0.00 270.00 1
CELL 180.00 0.00 280.00 1
CELL 180.00 0.00 290.00 1
CELL 180.00 0.00 300.00 1
CELL 180.00 10.00 0.00 1
CELL 180.00 10.00 300.00 1
CELL 180.00 20.00 0.00 1
CELL 180.00 20.00 300.00 1
CELL 180.00 30.00 0.00 1
CELL 180.00 30.00 300.00 1
CELL 180.00 40.00 0.00 1
CELL 180.00 40.00 300.00 1
CELL 180.00 50.00 0.00 1
CELL 180.00 50.00 300.00 1
CELL 180.00 60.00 0.00 1
CELL 180.00 60.00 300.00 1
CELL 180.00 70.00 0.00 1
CELL 180.00 70.00 300.00 1
CELL 180.00 80.00 0.00 1
CELL 180.00 80.00 300.00 1
CELL 180.00 90.00 0.00 1
CELL 180.00 90.00 300.00 1
CELL 180.00 100.00 0.00 1
CELL 180.00 100.00 300.00 1
CELL 180.00 110.00 0.00 1
CELL 180.00 110.00 300.00 1
CELL 180.00 120.00 0.00 1
CELL 180.00 120.00 300.00 1
CELL 180.00 130.00 0.00 1
CELL 180.00 130.00 300.00 1
CELL 180.00 140.00 0.00 1
CELL 180.00 140.00 300.00 1
CELL 180.00 150.00 0.00 1
CELL 180.00 150.00 300.00 1
CELL 180.00 160.00 0.00 1
CELL 180.00 160.00 300.00 1
CELL 180.00 170.00 0.00 1
CELL 180.00 170.00 300.00 1
CELL 180.00 180.00 0.00 1
CELL 180.00 180.00 300.00 1
CELL 180.00 190.00 0.00 1
CELL 180.00 190.00 300.00 1
CELL 180.00 200.00 0.00 1
CELL 180.00 200.00 300.00 1
CELL 180.00 210.00 0.00 1
CELL 180.00 210.00 300.00 1
CELL 180.00 220.00 0.00 1
CELL 180.00 220.00 300.00 1
CELL 180.00 230.00 0.00 1
CELL 180.00 230.00 300.00 1
CELL 180.00 240.00 0.00 1
CELL 180.00 240.00 300.00 1
CELL 180.00 250.00 0.00 1
CELL 180.00 250.00 300.00 1
CELL 180.00 260.00 0.00 1
CELL 180.00 260.00 300.00 1
CELL 180.00 270.00 0.00 1
CELL 180.00 270.00 300.00 1
CELL 180.00 280.00 0.00 1
CELL 180.00 280.00 300.00 1
CELL 180.00 290.00 0.00 1
CELL 180.00 290.00 300.00 1
CELL 180.00 300.00 0.00 1
CELL 180.00 300.00 10.00 1
CELL 180.00 300.00 20.00 1
CELL 180.00 300.00 30.00 1
CELL 180.00 300.00 40.00 1
CELL 180.00 300.00 50.00 1
CELL 180.00 300.00 60.00 1
CELL 180.00 300.00 70.00 1
CELL 180.00 300.00 80.00 1
CELL 180.00 300.00 90.00 1
CELL 180.00 300.00 100.00 1
CELL 180.00 300.00 110.00 1
CELL 180.00 300.00 120.00 1
CELL 180.00 300.00 130.00 1
CELL 180.00 300.00 140.00 1
CELL 180.00 300.00 150.00 1
CELL 180.00 300.00 160.00 1
CELL 180.00 300.00 170.00 1
CELL 180.00 300.00 180.00 1
CELL 180.00 300.00 190.00 1
CELL 180.00 300.00 200.00 1
CELL 180.00 300.00 210.00 1
CELL 180.00 300.00 220.00 1
CELL 180.00 300.00 230.00 1
CELL 180.00 300.00 240.00 1
CELL 180.00 300.00 250.00 1
CELL 180.00 300.00 260.00 1
CELL 180.00 300.00 270.00 1
CELL 180.00 300.00 280.00 1
CELL 180.00 300.00 290.00 1
CELL 180.00 300.00 300.00 1
CELL 190.00 0.00 0.00 1
CELL 190.00 0.00 10.00 1
CELL 190.00 0.00 20.00 1
CELL 190.00 0.00 30.00 1
CELL 190.00 0.00 40.00 1
CELL 190.00 0.00 50.00 1
CELL 190.00 0.00 60.00 1
CELL 190.00 0.00 70.00 1
CELL 190.00 0.00 80.00 1
CELL 190.00 0.00 90.00 1
CELL 190.00 0.00 100.00 1
CELL 190.00 0.00 110.00 1
CELL 190.00 0.00 120.00 1
CELL 190.00 0.00 130.00 1
CELL 190.00 0.00 140.00 1
CELL 190.00 0.00 150.00 1
CELL 190.00 0.00 160.00 1
CELL 190.00 0.00 170.00 1
CELL 190.00 0.00 180.00 1
CELL 190.00 0.00 190.00 1
CELL 190.00 0.00 200.00 1
CELL 190.00 0.00 210.00 1
CELL 190.00 0.00 220.00 1
CELL 190.00 0.00 230.00 1
CELL 190.00 0.00 240.00 1
CELL 190.00 0.00 250.00 1
CELL 190.00 0.00 260.00 1
CELL 190.00 0.00 270.00 1
CELL 190.00 0.00 280.00 1
CELL 190.00 0.00 290.00 1
CELL 190.00 0.00 300.00 1
CELL 190.00 10.00 0.00 1
CELL 190.00 10.00 300.00 1
CELL 190.00 20.00 0.00 1
CELL 190.00 20.00 300.00 1
CELL 190.00 30.00 0.00 1
CELL 190.00 30.00 300.00 1
CELL 190.00 40.00 0.00 1
CELL 190.00 40.00 300.00 1
CELL 190.00 50.00 0.00 1
CELL 190.00 50.00 300.00 1
CELL 190.00 60.00 0.00 1
CELL 190.00 60.00 300.00 1
CELL 190.00 70.00 0.00 1
CELL 190.00 70.00 300.00 1
CELL 190.00 80.00 0.00 1
CELL 190.00 80.00 300.00 1
CELL 190.00 90.00 0.00 1
CELL 190.00 90.00 300.00 1
CELL 190.00 100.00 0.00 1
CELL 190.00 100.00 300.00 1
CELL 190.00 110.00 0.00 1
CELL 190.00 110.00 300.00 1
CELL 190.00 120.00 0.00 1
CELL 190.00 120.00 300.00 1
CELL 190.00 130.00 0.00 1
CELL 190.00 130.00 300.00 1
CELL 190.00 140.00 0.00 1
CELL 190.00 140.00 300.00 1
CELL 190.00 150.00 0.00 1
CELL 190.00 150.00 300.00 1
CELL 190.00 160.00 0.00 1
CELL 190.00 160.00 300.00 1
CELL 190.00 170.00 0.00 1
CELL 190.00 170.00 300.00 1
CELL 190.00 180.00 0.00 1
CELL 190.00 180.00 300.00 1
CELL 190.00 190.00 0.00 1
CELL 190.00 190.00 300.00 1
CELL 190.00 200.00 0.00 1
CELL 190.00 200.00 300.00 1
CELL 190.00 210.00 0.00 1
CELL 190.00 210.00 300.00 1
CELL 190.00 220.00 0.00 1
CELL 190.00 220.00 300.00 1
CELL 190.00 230.00 0.00 1
CELL 190.00 230.00 300.00 1
CELL 190.00 240.00 0.00 1
CELL 190.00 240.00 300.00 1
CELL 190.00 250.00 0.00 1
CELL 190.00 250.00 300.00 1
CELL 190.00 260.00 0.00 1
CELL 190.00 260.00 300.00 1
CELL 190.00 270.00 0.00 1
CELL 190.00 270.00 300.00 1
CELL 190.00 280.00 0.00 1
CELL 190.00 280.00 300.00 1
CELL 190.00 290.00 0.00 1
CELL 190.00 290.00 300.00 1
CELL 190.00 300.00 0.00 1
CELL 190.00 300.00 10.00 1
CELL 190.00 300.00 20.00 1
CELL 190.00 300.00 30.00 1
CELL 190.00 300.00 40.00 1
CELL 190.00 300.00 50.00 1
CELL 190.00 300.00 60.00 1
CELL 190.00 300.00 70.00 1
CELL 190.00 300.00 80.00 1
CELL 190.00 300.00 90.00 1
CELL 190.00 300.00 100.00 1
CELL 190.00 300.00 110.00 1
CELL 190.00 300.00 120.00 1
CELL 190.00 300.00 130.00 1
CELL 190.00 300.00 140.00 1
CELL 190.00 300.00 150.00 1
CELL 190.00 300.00 160.00 1
CELL 190.00 300.00 170.00 1
CELL 190.00 300.00 180.00 1
CELL 190.00 300.00 190.00 1
CELL 190.00 300.00 200.00 1
CELL 190.00 300.00 210.00 1
CELL 190.00 300.00 220.00 1
CELL 190.00 300.00 230.00 1
CELL 190.00 300.00 240.00 1
CELL 190.00 300.00 250.00 1
CELL 190.00 300.00 260.00 1
CELL 190.00 300.00 270.00 1
CELL 190.00 300.00 280.00 1
CELL 190.00 300.00 290.00 1
CELL 190.00 300.00 300.00 1
CELL 200.00 0.00 0.00 1
CELL 200.00 0.00 10.00 1
CELL 200.00 0.00 20.00 1
CELL 200.00 0.00 30.00 1
CELL 200.00 0.00 40.00 1
CELL 200.00 0.00 50.00 1
CELL 200.00 0.00 60.00 1
CELL 200.00 0.00 70.00 1
CELL 200.00 0.00 80.00 1
CELL 200.00 0.00 90.00 1
CELL 200.00 0.00 100.00 1
CELL 200.00 0.00 110.00 1
CELL 200.00 0.00 120.00 1
CELL 200.00 0.00 130.00 1
CELL 200.00 0.00 140.00 1
CELL 200.00 0.00 150.00 1
CELL 200.00 0.00 160.00 1
CELL 200.00 0.00 170.00 1
CELL 200.00 0.00 180.00 1
CELL 200.00 0.00 190.00 1
CELL 200.00 0.00 200.00 1
CELL 200.00 0.00 210.00 1
CELL 200.00 0.00 220.00 1
CELL 200.00 0.00 230.00 1
CELL 200.00 0.00 240.00 1
CELL 200.00 0.00 250.00 1
CELL 200.00 0.00 260.00 1
CELL 200.00 0.00 270.00 1
CELL 200.00 0.00 280.00 1
CELL 200.00 0.00 290.00 1
CELL 200.00 0.00 300.00 1
CELL 200.00 10.00 0.00 1
CELL 200.00 10.00 300.00 1
CELL 200.00 20.00 0.00 1
CELL 200.00 20.00 300.00 1
CELL 200.00 30.00 0.00 1
CELL 200.00 30.00 300.00 1
CELL 200.00 40.00 0.00 1
CELL 200.00 40.00 300.00 1
CELL 200.00 50.00 0.00 1
CELL 200.00 50.00 300.00 1
CELL 200.00 60.00 0.00 1
CELL 200.00 60.00 300.00 1
CELL 200.00 70.00 0.00 1
CELL 200.00 70.00 300.00 1
CELL 200.00 80.00 0.00 1
CELL 200.00 80.00 300.00 1
CELL 200.00 90.00 0.00 1
CELL 200.00 90.00 300.00 1
CELL 200.00 100.00 0.00 1
CELL 200.00 100.00 300.00 1
CELL 200.00 110.00 0.00 1
CELL 200.00 110.00 300.00 1
CELL 200.00 120.00 0.00 1
CELL 200.00 120.00 300.00 1
CELL 200.00 130.00 0.00 1
CELL 200.00 130.00 300.00 1
CELL 200.00 140.00 0.00 1
CELL 200.00 140.00 300.00 1
CELL 200.00 150.00 0.00 1
CELL 200.00 150.00 300.00 1
CELL 200.00 160.00 0.00 1
CELL 200.00 160.00 300.00 1
CELL 200.00 170.00 0.00 1
CELL 200.00 170.00 300.00 1
CELL 200.00 180.00 0.00 1
CELL 200.00 180.00 300.00 1
CELL 200.00 190.00 0.00 1
CELL 200.00 190.00 300.00 1
CELL 200.00 200.00 0.00 1
CELL 200.00 200.00 300.00 1
CELL 200.00 210.00 0.00 1
CELL 200.00 210.00 300.00 1
CELL 200.00 220.00 0.00 1
CELL 200.00 220.00 300.00 1
CELL 200.00 230.00 0.00 1
CELL 200.00 230.00 300.00 1
CELL 200.00 240.00 0.00 1
CELL 200.00 240.00 300.00 1
CELL 200.00 250.00 0.00 1
CELL 200.00 250.00 300.00 1
CELL 200.00 260.00 0.00 1
CELL 200.00 260.00 300.00 1
CELL 200.00 270.00 0.00 1
CELL 200.00 270.00 300.00 1
CELL 200.00 280.00 0.00 1
CELL 200.00 280.00 300.00 1
CELL 200.00 290.00 0.00 1
CELL 200.00 290.00 300.00 1
CELL 200.00 300.00 0.00 1
CELL 200.00 300.00 10.00 1
CELL 200.00 300.00 20.00 1
CELL 200.00 300.00 30.00 1
CELL 200.00 300.00 40.00 1
CELL 200.00 300.00 50.00 1
CELL 200.00 300.00 60.00 1
CELL 200.00 300.00 70.00 1
CELL 200.00 300.00 80.00 1
CELL 200.00 300.00 90.00 1
CELL 200.00 300.00 100.00 1
CELL 200.00 300.00 110.00 1
CELL 200.00 300.00 120.00 1
CELL 200.00 300.00 130.00 1
CELL 200.00 300.00 140.00 1
CELL 200.00 300.00 150.00 1
CELL 200.00 300.00 160.00 1
CELL 200.00 300.00 170.00 1
CELL 200.00 300.00 180.00 1
CELL 200.00 300.00 190.00 1
CELL 200.00 300.00 200.00 1
CELL 200.00 300.00 210.00 1
CELL 200.00 300.00 220.00 1
CELL 200.00 300.00 230.00 1
CELL 200.00 300.00 240.00 1
CELL 200.00 300.00 250.00 1
CELL 200.00 300.00 260.00 1
CELL 200.00 300.00 270.00 1
CELL 200.00 300.00 280.00 1
CELL 200.00 300.00 290.00 1
CELL 200.00 300.00 300.00 1
CELL 210.00 0.00 0.00 1
CELL 210.00 0.00 10.00 1
CELL 210.00 0.00 20.00 1
CELL 210.00 0.00 30.00 1
CELL 210.00 0.00 40.00 1
CELL 210.00 0.00 50.00 1
CELL 210.00 0.00 60.00 1
CELL 210.00 0.00 70.00 1
CELL 210.00 0.00 80.00 1
CELL 210.00 0.00 90.00 1
CELL 210.00 0.00 100.00 1
CELL 210.00 0.00 110.00 1
CELL 210.00 0.00 120.00 1
CELL 210.00 0.00 130.00 1
CELL 210.00 0.00 140.00 1
CELL 210.00 0.00 150.00 1
CELL 210.00 0.00 160.00 1
CELL 210.00 0.00 170.00 1
CELL 210.00 0.00 180.00 1
CELL 210.00 0.00 190.00 1
CELL 210.00 0.00 200.00 1
CELL 210.00 0.00 210.00 1
CELL 210.00 0.00 220.00 1
CELL 210.00 0.00 230.00 1
CELL 210.00 0.00 240.00 1
CELL 210.00 0.00 250.00 1
CELL 210.00 0.00 260.00 1
CELL 210.00 0.00 270.00 1
CELL 210.00 0.00 280.00 1
CELL 210.00 0.00 290.00 1
CELL 210.00 0.00 300.00 1
CELL 210.00 10.00 0.00 1
CELL 210.00 10.00 300.00 1
CELL 210.00 20.00 0.00 1
CELL 210.00 20.00 300.00 1
CELL 210.00 30.00 0.00 1
CELL 210.00 30.00 300.00 1
CELL 210.00 40.00 0.00 1
CELL 210.00 40.00 300.00 1
CELL 210.00 50.00 0.00 1
CELL 210.00 50.00 300.00 1
CELL 210.00 60.00 0.00 1
CELL 210.00 60.00 300.00 1
CELL 210.00 70.00 0.00 1
CELL 210.00 70.00 300.00 1
CELL 210.00 80.00 0.00 1
CELL 210.00 80.00 300.00 1
CELL 210.00 90.00 0.00 1
CELL 210.00 90.00 300.00 1
CELL 210.00 100.00 0.00 1
CELL 210.00 100.00 300.00 1
CELL 210.00 110.00 0.00 1
CELL 210.00 110.00 300.00 1
CELL 210.00 120.00 0.00 1
CELL 210.00 120.00 300.00 1
CELL 210.00 130.00 0.00 1
CELL 210.00 130.00 300.00 1
CELL 210.00 140.00 0.00 1
CELL 210.00 140.00 300.00 1
CELL 210.00 150.00 0.00 1
CELL 210.00 150.00 300.00 1
CELL 210.00 160.00 0.00 1
CELL 210.00 160.00 300.00 1
CELL 210.00 170.00 0.00 1
CELL 210.00 170.00 300.00 1
CELL 210.00 180.00 0.00 1
CELL 210.00 180.00 300.00 1
CELL 210.00 190.00 0.00 1
CELL 210.00 190.00 300.00 1
CELL 210.00 200.00 0.00 1
CELL 210.00 200.00 300.00 1
CELL 210.00 210.00 0.00 1
CELL 210.00 210.00 300.00 1
CELL 210.00 220.00 0.00 1
CELL 210.00 220.00 300.00 1
CELL 210.00 230.00 0.00 1
CELL 210.00 230.00 300.00 1
CELL 210.00 240.00 0.00 1
CELL 210.00 240.00 300.00 1
CELL 210.00 250.00 0.00 1
CELL 210.00 250.00 300.00 1
CELL 210.00 260.00 0.00 1
CELL 210.00 260.00 300.00 1
CELL 210.00 270.00 0.00 1
CELL 210.00 270.00 300.00 1
CELL 210.00 280.00 0.00 1
CELL 210.00 280.00 300.00 1
CELL 210.00 290.00 0.00 1
CELL 210.00 290.00 300.00 1
CELL 210.00 300.00 0.00 1
CELL 210.00 300.00 10.00 1
CELL 210.00 300.00 20.00 1
CELL 210.00 300.00 30.00 1
CELL 210.00 300.00 40.00 1
CELL 210.00 300.00 50.00 1
CELL 210.00 300.00 60.00 1
CELL 210.00 300.00 70.00 1
CELL 210.00 300.00 80.00 1
CELL 210.00 300.00 90.00 1
CELL 210.00 300.00 100.00 1
CELL 210.00 300.00 110.00 1
CELL 210.00 300.00 120.00 1
CELL 210.00 300.00 130.00 1
CELL 210.00 300.00 140.00 1
CELL 210.00 300.00 150.00 1
CELL 210.00 300.00 160.00 1
CELL 210.00 300.00 170.00 1
CELL 210.00 300.00 180.00 1
CELL 210.00 300.00 190.00 1
CELL 210.00 300.00 200.00 1
CELL 210.00 300.00 210.00 1
CELL 210.00 300.00 220.00 1
CELL 210.00 300.00 230.00 1
CELL 210.00 300.00 240.00 1
CELL 210.00 300.00 250.00 1
CELL 210.00 300.00 260.00 1
CELL 210.00 300.00 270.00 1
CELL 210.00 300.00 280.00 1
CELL 210.00 300.00 290.00 1
CELL 210.00 300.00 300.00 1
CELL 220.00 0.00 0.00 1
CELL 220.00 0.00 10.00 1
CELL 220.00 0.00 20.00 1
CELL 220.00 0.00 30.00 1
CELL 220.00 0.00 40.00 1
CELL 220.00 0.00 50.00 1
CELL 220.00 0.00 60.00 1
CELL 220.00 0.00 70.00 1
CELL 220.00 0.00 80.00 1
CELL 220.00 0.00 90.00 1
CELL 220.00 0.00 100.00 1
CELL 220.00 0.00 110.00 1
CELL 220.00 0.00 120.00 1
CELL 220.00 0.00 130.00 1
CELL 220.00 0.00 140.00 1
CELL 220.00 0.00 150.00 1
CELL 220.00 0.00 160.00 1
CELL 220.00 0.00 170.00 1
CELL 220.00 0.00 180.00 1
CELL 220.00 0.00 190.00 1
CELL 220.00 0.00 200.00 1
CELL 220.00 0.00 210.00 1
CELL 220.00 0.00 220.00 1
CELL 220.00 0.00 230.00 1
CELL 220.00 0.00 240.00 1
CELL 220.00 0.00 250.00 1
CELL 220.00 0.00 260.00 1
CELL 220.00 0.00 270.00 1
CELL 220.00 0.00 280.00 1
CELL 220.00 0.00 290.00 1
CELL 220.00 0.00 300.00 1
CELL 220.00 10.00 0.00 1
CELL 220.00 10.00 300.00 1
CELL 220.00 20.00 0.00 1
CELL 220.00 20.00 300.00 1
CELL 220.00 30.00 0.00 1
CELL 220.00 30.00 300.00 1
CELL 220.00 40.00 0.00 1
CELL 220.00 40.00 300.00 1
CELL 220.00 50.00 0.00 1
CELL 220.00 50.00 300.00 1
CELL 220.00 60.00 0.00 1
CELL 220.00 60.00 300.00 1
CELL 220.00 70.00 0.00 1
CELL 220.00 70.00 300.00 1
CELL 220.00 80.00 0.00 1
CELL 220.00 80.00 300.00 1
CELL 220.00 90.00 0.00 1
CELL 220.00 90.00 300.00 1
CELL 220.00 100.00 0.00 1
CELL 220.00 100.00 300.00 1
CELL 220.00 110.00 0.00 1
CELL 220.00 110.00 300.00 1
CELL 220.00 120.00 0.00 1
CELL 220.00 120.00 300.00 1
CELL 220.00 130.00 0.00 1
CELL 220.00 130.00 300.00 1
CELL 220.00 140.00 0.00 1
CELL 220.00 140.00 300.00 1
CELL 220.00 150.00 0.00 1
CELL 220.00 150.00 300.00 1
CELL 220.00 160.00 0.00 1
CELL 220.00 160.00 300.00 1
CELL 220.00 170.00 0.00 1
CELL 220.00 170.00 300.00 1
CELL 220.00 180.00 0.00 1
CELL 220.00 180.00 300.00 1
CELL 220.00 190.00 0.00 1
CELL 220.00 190.00 300.00 1
CELL 220.00 200.00 0.00 1
CELL 220.00 200.00 300.00 1
CELL 220.00 210.00 0.00 1
CELL 220.00 210.00 300.00 1
CELL 220.00 220.00 0.00 1
CELL 220.00 220.00 300.00 1
CELL 220.00 230.00 0.00 1
CELL 220.00 230.00 300.00 1
CELL 220.00 240.00 0.00 1
CELL 220.00 240.00 300.00 1
CELL 220.00 250.00 0.00 1
CELL 220.00 250.00 300.00 1
CELL 220.00 260.00 0.00 1
CELL 220.00 260.00 300.00 1
CELL 220.00 270.00 0.00 1
CELL 220.00 270.00 300.00 1
CELL 220.00 280.00 0.00 1
CELL 220.00 280.00 300.00 1
CELL 220.00 290.00 0.00 1
CELL 220.00 290.00 300.00 1
CELL 220.00 300.00 0.00 1
CELL 220.00 300.00 10.00 1
CELL 220.00 300.00 20.00 1
CELL 220.00 300.00 30.00 1
CELL 220.00 300.00 40.00 1
CELL 220.00 300.00 50.00 1
CELL 220.00 300.00 60.00 1
CELL 220.00 300.00 70.00 1
CELL 220.00 300.00 80.00 1
CELL 220.00 300.00 90.00 1
CELL 220.00 300.00 100.00 1
CELL 220.00 300.00 110.00 1
CELL 220.00 300.00 120.00 1
CELL 220.00 300.00 130.00 1
CELL 220.00 300.00 140.00 1
CELL 220.00 300.00 150.00 1
CELL 220.00 300.00 160.00 1
CELL 220.00 300.00 170.00 1
CELL 220.00 300.00 180.00 1
CELL 220.00 300.00 190.00 1
CELL 220.00 300.00 200.00 1
CELL 220.00 300.00 210.00 1
CELL 220.00 300.00 220.00 1
CELL 220.00 300.00 230.00 1
CELL 220.00 300.00 240.00 1
CELL 220.00 300.00 250.00 1
CELL 220.00 300.00 260.00 1
CELL 220.00 300.00 270.00 1
CELL 220.00 300.00 280.00 1
CELL 220.00 300.00 290.00 1
CELL 220.00 300.00 300.00 1
CELL 230.00 0.00 0.00 1
CELL 230.00 0.00 10.00 1
CELL 230.00 0.00 20.00 1
CELL 230.00 0.00 30.00 1
CELL 230.00 0.00 40.00 1
CELL 230.00 0.00 50.00 1
CELL 230.00 0.00 60.00 1
CELL 230.00 0.00 70.00 1
CELL 230.00 0.00 80.00 1
CELL 230.00 0.00 90.00 1
CELL 230.00 0.00 100.00 1
CELL 230.00 0.00 110.00 1
CELL 230.00 0.00 120.00 1
CELL 230.00 0.00 130.00 1
CELL 230.00 0.00 140.00 1
CELL 230.00 0.00 150.00 1
CELL 230.00 0.00 160.00 1
CELL 230.00 0.00 170.00 1
CELL 230.00 0.00 180.00 1
CELL 230.00 0.00 190.00 1
CELL 230.00 0.00 200.00 1
CELL 230.00 0.00 210.00 1
CELL 230.00 0.00 220.00 1
CELL 230.00 0.00 230.00 1
CELL 230.00 0.00 240.00 1
CELL 230.00 0.00 250.00 1
CELL 230.00 0.00 260.00 1
CELL 230.00 0.00 270.00 1
CELL 230.00 0.00 280.00 1
CELL 230.00 0.00 290.00 1
CELL 230.00 0.00 300.00 1
CELL 230.00 10.00 0.00 1
CELL 230.00 10.00 300.00 1
CELL 230.00 20.00 0.00 1
CELL 230.00 20.00 300.00 1
CELL 230.00 30.00 0.00 1
CELL 230.00 30.00 300.00 1
CELL 230.00 40.00 0.00 1
CELL 230.00 40.00 300.00 1
CELL 230.00 50.00 0.00 1
CELL 230.00 50.00 300.00 1
CELL 230.00 60.00 0.00 1
CELL 230.00 60.00 300.00 1
CELL 230.00 70.00 0.00 1
CELL 230.00 70.00 300.00 1
CELL 230.00 80.00 0.00 1
CELL 230.00 80.00 300.00 1
CELL 230.00 90.00 0.00 1
CELL 230.00 90.00 300.00 1
CELL 230.00 100.00 0.00 1
CELL 230.00 100.00 300.00 1
CELL 230.00 110.00 0.00 1
CELL 230.00 110.00 300.00 1
CELL 230.00 120.00 0.00 1
CELL 230.00 120.00 300.00 1
CELL 230.00 130.00 0.00 1
CELL 230.00 130.00 300.00 1
CELL 230.00 140.00 0.00 1
CELL 230.00 140.00 300.00 1
CELL 230.00 150.00 0.00 1
CELL 230.00 150.00 300.00 1
CELL 230.00 160.00 0.00 1
CELL 230.00 160.00 300.00 1
CELL 230.00 170.00 0.00 1
CELL 230.00 170.00 300.00 1
CELL 230.00 180.00 0.00 1
CELL 230.00 180.00 300.00 1
CELL 230.00 190.00 0.00 1
CELL 230.00 190.00 300.00 1
CELL 230.00 200.00 0.00 1
CELL 230.00 200.00 300.00 1
CELL 230.00 210.00 0.00 1
CELL 230.00 210.00 300.00 1
CELL 230.00 220.00 0.00 1
CELL 230.00 220.00 300.00 1
CELL 230.00 230.00 0.00 1
CELL 230.00 230.00 300.00 1
CELL 230.00 240.00 0.00 1
CELL 230.00 240.00 300.00 1
CELL 230.00 250.00 0.00 1
CELL 230.00 250.00 300.00 1
CELL 230.00 260.00 0.00 1
CELL 230.00 260.00 300.00 1
CELL 230.00 270.00 0.00 1
CELL 230.00 270.00 300.00 1
CELL 230.00 280.00 0.00 1
CELL 230.00 280.00 300.00 1
CELL 230.00 290.00 0.00 1
CELL 230.00 290.00 300.00 1
CELL 230.00 300.00 0.00 1
CELL 230.00 300.00 10.00 1
CELL 230.00 300.00 20.00 1
CELL 230.00 300.00 30.00 1
CELL 230.00 300.00 40.00 1
CELL 230.00 300.00 50.00 1
CELL 230.00 300.00 60.00 1
CELL 230.00 300.00 70.00 1
CELL 230.00 300.00 80.00 1
CELL 230.00 300.00 90.00 1
CELL 230.00 300.00 100.00 1
CELL 230.00 300.00 110.00 1
CELL 230.00 300.00 120.00 1
CELL 230.00 300.00 130.00 1
CELL 230.00 300.00 140.00 1
CELL 230.00 300.00 150.00 1
CELL 230.00 300.00 160.00 1
CELL 230.00 300.00 170.00 1
CELL 230.00 300.00 180.00 1
CELL 230.00 300.00 190.00 1
CELL 230.00 300.00 200.00 1
CELL 230.00 300.00 210.00 1
CELL 230.00 300.00 220.00 1
CELL 230.00 300.00 230.00 1
CELL 230.00 300.00 240.00 1
CELL 230.00 300.00 250.00 1
CELL 230.00 300.00 260.00 1
CELL 230.00 300.00 270.00 1
CELL 230.00 300.00 280.00 1
CELL 230.00 300.00 290.00 1
CELL 230.00 300.00 300.00 1
CELL 240.00 0.00 0.00 1
CELL 240.00 0.00 10.00 1
CELL 240.00 0.00 20.00 1
CELL 240.00 0.00 30.00 1
CELL 240.00 0.00 40.00 1
CELL 240.00 0.00 50.00 1
CELL 240.00 0.00 60.00 1
CELL 240.00 0.00 70.00 1
CELL 240.00 0.00 80.00 1
CELL 240.00 0.00 90.00 1
CELL 240.00 0.00 100.00 1
CELL 240.00 0.00 110.00 1
CELL 240.00 0.00 120.00 1
CELL 240.00 0.00 130.00 1
CELL 240.00 0.00 140.00 1
CELL 240.00 0.00 150.00 1
CELL 240.00 0.00 160.00 1
CELL 240.00 0.00 170.00 1
CELL 240.00 0.00 180.00 1
CELL 240.00 0.00 190.00 1
CELL 240.00 0.00 200.00 1
CELL 240.00 0.00 210.00 1
CELL 240.00 0.00 220.00 1
CELL 240.00 0.00 230.00 1
CELL 240.00 0.00 240.00 1
CELL 240.00 0.00 250.00 1
CELL 240.00 0.00 260.00 1
CELL 240.00 0.00 270.00 1
CELL 240.00 0.00 280.00 1
CELL 240.00 0.00 290.00 1
CELL 240.00 0.00 300.00 1
CELL 240.00 10.00 0.00 1
CELL 240.00 10.00 300.00 1
CELL 240.00 20.00 0.00 1
CELL 240.00 20.00 300.00 1
CELL 240.00 30.00 0.00 1
CELL 240.00 30.00 300.00 1
CELL 240.00 40.00 0.00 1
CELL 240.00 40.00 300.00 1
CELL 240.00 50.00 0.00 1
CELL 240.00 50.00 300.00 1
CELL 240.00 60.00 0.00 1
CELL 240.00 60.00 300.00 1
CELL 240.00 70.00 0.00 1
CELL 240.00 70.00 300.00 1
CELL 240.00 80.00 0.00 1
CELL 240.00 80.00 300.00 1
CELL 240.00 90.00 0.00 1
CELL 240.00 90.00 300.00 1
CELL 240.00 100.00 0.00 1
CELL 240.00 100.00 300.00 1
CELL 240.00 110.00 0.00 1
CELL 240.00 110.00 300.00 1
CELL 240.00 120.00 0.00 1
CELL 240.00 120.00 300.00 1
CELL 240.00 130.00 0.00 1
CELL 240.00 130.00 300.00 1
CELL 240.00 140.00 0.00 1
CELL 240.00 140.00 300.00 1
CELL 240.00 150.00 0.00 1
CELL 240.00 150.00 300.00 1
CELL 240.00 160.00 0.00 1
CELL 240.00 160.00 300.00 1
CELL 240.00 170.00 0.00 1
CELL 240.00 170.00 300.00 1
CELL 240.00 180.00 0.00 1
CELL 240.00 180.00 300.00 1
CELL 240.00 190.00 0.00 1
CELL 240.00 190.00 300.00 1
CELL 240.00 200.00 0.00 1
CELL 240.00 200.00 300.00 1
CELL 240.00 210.00 0.00 1
CELL 240.00 210.00 300.00 1
CELL 240.00 220.00 0.00 1
CELL 240.00 220.00 300.00 1
CELL 240.00 230.00 0.00 1
CELL 240.00 230.00 300.00 1
CELL 240.00 240.00 0.00 1
CELL 240.00 240.00 300.00 1
CELL 240.00 250.00 0.00 1
CELL 240.00 250.00 300.00 1
CELL 240.00 260.00 0.00 1
CELL 240.00 260.00 300.00 1
CELL 240.00 270.00 0.00 1
CELL 240.00 270.00 300.00 1
CELL 240.00 280.00 0.00 1
CELL 240.00 280.00 300.00 1
CELL 240.00 290.00 0.00 1
CELL 240.00 290.00 300.00 1
CELL 240.00 300.00 0.00 1
CELL 240.00 300.00 10.00 1
CELL 240.00 300.00 20.00 1
CELL 240.00 300.00 30.00 1
CELL 240.00 300.00 40.00 1
CELL 240.00 300.00 50.00 1
CELL 240.00 300.00 60.00 1
CELL 240.00 300.00 70.00 1
CELL 240.00 300.00 80.00 1
CELL 240.00 300.00 90.00 1
CELL 240.00 300.00 100.00 1
CELL 240.00 300.00 110.00 1
CELL 240.00 300.00 120.00 1
CELL 240.00 300.00 130.00 1
CELL 240.00 300.00 140.00 1
CELL 240.00 300.00 150.00 1
CELL 240.00 300.00 160.00 1
CELL 240.00 300.00 170.00 1
CELL 240.00 300.00 180.00 1
CELL 240.00 300.00 190.00 1
CELL 240.00 300.00 200.00 1
CELL 240.00 300.00 210.00 1
CELL 240.00 300.00 220.00 1
CELL 240.00 300.00 230.00 1
CELL 240.00 300.00 240.00 1
CELL 240.00 300.00 250.00 1
CELL 240.00 300.00 260.00 1
CELL 240.00 300.00 270.00 1
CELL 240.00 300.00 280.00 1
CELL 240.00 300.00 290.00 1
CELL 240.00 300.00 300.00 1
CELL 250.00 0.00 0.00 1
CELL 250.00 0.00 10.00 1
CELL 250.00 0.00 20.00 1
CELL 250.00 0.00 30.00 1
CELL 250.00 0.00 40.00 1
CELL 250.00 0.00 50.00 1
CELL 250.00 0.00 60.00 1
CELL 250.00 0.00 70.00 1
CELL 250.00 0.00 80.00 1
CELL 250.00 0.00 90.00 1
CELL 250.00 0.00 100.00 1
CELL 250.00 0.00 110.00 1
CELL 250.00 0.00 120.00 1
CELL 250.00 0.00 130.00 1
CELL 250.00 0.00 140.00 1
CELL 250.00 0.00 150.00 1
CELL 250.00 0.00 160.00 1
CELL 250.00 0.00 170.00 1
CELL 250.00 0.00 180.00 1
CELL 250.00 0.00 190.00 1
CELL 250.00 0.00 200.00 1
CELL 250.00 0.00 210.00 1
CELL 250.00 0.00 220.00 1
CELL 250.00 0.00 230.00 1
CELL 250.00 0.00 240.00 1
CELL 250.00 0.00 250.00 1
CELL 250.00 0.00 260.00 1
CELL 250.00 0.00 270.00 1
CELL 250.00 0.00 280.00 1
CELL 250.00 0.00 290.00 1
CELL 250.00 0.00 300.00 1
CELL 250.00 10.00 0.00 1
CELL 250.00 10.00 300.00 1
CELL 250.00 20.00 0.00 1
CELL 250.00 20.00 300.00 1
CELL 250.00 30.00 0.00 1
CELL 250.00 30.00 300.00 1
CELL 250.00 40.00 0.00 1
CELL 250.00 40.00 300.00 1
CELL 250.00 50.00 0.00 1
CELL 250.00 50.00 300.00 1
CELL 250.00 60.00 0.00 1
CELL 250.00 60.00 300.00 1
CELL 250.00 70.00 0.00 1
CELL 250.00 70.00 300.00 1
CELL 250.00 80.00 0.00 1
CELL 250.00 80.00 300.00 1
CELL 250.00 90.00 0.00 1
CELL 250.00 90.00 300.00 1
CELL 250.00 100.00 0.00 1
CELL 250.00 100.00 300.00 1
CELL 250.00 110.00 0.00 1
CELL 250.00 110.00 300.00 1
CELL 250.00 120.00 0.00 1
CELL 250.00 120.00 300.00 1
CELL 250.00 130.00 0.00 1
CELL 250.00 130.00 300.00 1
CELL 250.00 140.00 0.00 1
CELL 250.00 140.00 300.00 1
CELL 250.00 150.00 0.00 1
CELL 250.00 150.00 300.00 1
CELL 250.00 160.00 0.00 1
CELL 250.00 160.00 300.00 1
CELL 250.00 170.00 0.00 1
CELL 250.00 170.00 300.00 1
CELL 250.00 180.00 0.00 1
CELL 250.00 180.00 300.00 1
CELL 250.00 190.00 0.00 1
CELL 250.00 190.00 300.00 1
CELL 250.00 200.00 0.00 1
CELL 250.00 200.00 300.00 1
CELL 250.00 210.00 0.00 1
CELL 250.00 210.00 300.00 1
CELL 250.00 220.00 0.00 1
CELL 250.00 220.00 300.00 1
CELL 250.00 230.00 0.00 1
CELL 250.00 230.00 300.00 1
CELL 250.00 240.00 0.00 1
CELL 250.00 240.00 300.00 1
CELL 250.00 250.00 0.00 1
CELL 250.00 250.00 300.00 1
CELL 250.00 260.00 0.00 1
CELL 250.00 260.00 300.00 1
CELL 250.00 270.00 0.00 1
CELL 250.00 270.00 300.00 1
CELL 250.00 280.00 0.00 1
CELL 250.00 280.00 300.00 1
CELL 250.00 290.00 0.00 1
CELL 250.00 290.00 300.00 1
CELL 250.00 300.00 0.00 1
CELL 250.00 300.00 10.00 1
CELL 250.00 300.00 20.00 1
CELL 250.00 300.00 30.00 1
CELL 250.00 300.00 40.00 1
CELL 250.00 300.00 50.00 1
CELL 250.00 300.00 60.00 1
CELL 250.00 300.00 70.00 1
CELL 250.00 300.00 80.00 1
CELL 250.00 300.00 90.00 1
CELL 250.00 300.00 100.00 1
CELL 250.00 300.00 110.00 1
CELL 250.00 300.00 120.00 1
CELL 250.00 300.00 130.00 1
CELL 250.00 300.00 140.00 1
CELL 250.00 300.00 150.00 1
CELL 250.00 300.00 160.00 1
CELL 250.00 300.00 170.00 1
CELL 250.00 300.00 180.00 1
CELL 250.00 300.00 190.00 1
CELL 250.00 300.00 200.00 1
CELL 250.00 300.00 210.00 1
CELL 250.00 300.00 220.00 1
CELL 250.00 300.00 230.00 1
CELL 250.00 300.00 240.00 1
CELL 250.00 300.00 250.00 1
CELL 250.00 300.00 260.00 1
CELL 250.00 300.00 270.00 1
CELL 250.00 300.00 280.00 1
CELL 250.00 300.00 290.00 1
CELL 250.00 300.00 300.00 1
CELL 260.00 0.00 0.00 1
CELL 260.00 0.00 10.00 1
CELL 260.00 0.00 20.00 1
CELL 260.00 0.00 30.00 1
CELL 260.00 0.00 40.00 1
CELL 260.00 0.00 50.00 1
CELL 260.00 0.00 60.00 1
CELL 260.00 0.00 70.00 1
CELL 260.00 0.00 80.00 1
CELL 260.00 0.00 90.00 1
CELL 260.00 0.00 100.00 1
CELL 260.00 0.00 110.00 1
CELL 260.00 0.00 120.00 1
CELL 260.00 0.00 130.00 1
CELL 260.00 0.00 140.00 1
CELL 260.00 0.00 150.00 1
CELL 260.00 0.00 160.00 1
CELL 260.00 0.00 170.00 1
CELL 260.00 0.00 180.00 1
CELL 260.00 0.00 190.00 1
CELL 260.00 0.00 200.00 1
CELL 260.00 0.00 210.00 1
CELL 260.00 0.00 220.00 1
CELL 260.00 0.00 230.00 1
CELL 260.00 0.00 240.00 1
CELL 260.00 0.00 250.00 1
CELL 260.00 0.00 260.00 1
CELL 260.00 0.00 270.00 1
CELL 260.00 0.00 280.00 1
CELL 260.00 0.00 290.00 1
CELL 260.00 0.00 300.00 1
CELL 260.00 10.00 0.00 1
CELL 260.00 10.00 300.00 1
CELL 260.00 20.00 0.00 1
CELL 260.00 20.00 300.00 1
CELL 260.00 30.00 0.00 1
CELL 260.00 30.00 300.00 1
CELL 260.00 40.00 0.00 1
CELL 260.00 40.00 300.00 1
CELL 260.00 50.00 0.00 1
CELL 260.00 50.00 300.00 1
CELL 260.00 60.00 0.00 1
CELL 260.00 60.00 300.00 1
CELL 260.00 70.00 0.00 1
CELL 260.00 70.00 300.00 1
CELL 260.00 80.00 0.00 1
CELL 260.00 80.00 300.00 1
CELL 260.00 90.00 0.00 1
CELL 260.00 90.00 300.00 1
CELL 260.00 100.00 0.00 1
CELL 260.00 100.00 300.00 1
CELL 260.00 110.00 0.00 1
CELL 260.00 110.00 300.00 1
CELL 260.00 120.00 0.00 1
CELL 260.00 120.00 300.00 1
CELL 260.00 130.00 0.00 1
CELL 260.00 130.00 300.00 1
CELL 260.00 140.00 0.00 1
CELL 260.00 140.00 300.00 1
CELL 260.00 150.00 0.00 1
CELL 260.00 150.00 300.00 1
CELL 260.00 160.00 0.00 1
CELL 260.00 160.00 300.00 1
CELL 260.00 170.00 0.00 1
CELL 260.00 170.00 300.00 1
CELL 260.00 180.00 0.00 1
CELL 260.00 180.00 300.00 1
CELL 260.00 190.00 0.00 1
CELL 260.00 190.00 300.00 1
CELL 260.00 200.00 0.00 1
CELL 260.00 200.00 300.00 1
CELL 260.00 210.00 0.00 1
CELL 260.00 210.00 300.00 1
CELL 260.00 220.00 0.00 1
CELL 260.00 220.00 300.00 1
CELL 260.00 230.00 0.00 1
CELL 260.00 230.00 300.00 1
CELL 260.00 240.00 0.00 1
CELL 260.00 240.00 300.00 1
CELL 260.00 250.00 0.00 1
CELL 260.00 250.00 300.00 1
CELL 260.00 260.00 0.00 1
CELL 260.00 260.00 300.00 1
CELL 260.00 270.00 0.00 1
CELL 260.00 270.00 300.00 1
CELL 260.00 280.00 0.00 1
CELL 260.00 280.00 300.00 1
CELL 260.00 290.00 0.00 1
CELL 260.00 290.00 300.00 1
CELL 260.00 300.00 0.00 1
CELL 260.00 300.00 10.00 1
CELL 260.00 300.00 20.00 1
CELL 260.00 300.00 30.00 1
CELL 260.00 300.00 40.00 1
CELL 260.00 300.00 50.00 1
CELL 260.00 300.00 60.00 1
CELL 260.00 300.00 70.00 1
CELL 260.00 300.00 80.00 1
CELL 260.00 300.00 90.00 1
CELL 260.00 300.00 100.00 1
CELL 260.00 300.00 110.00 1
CELL 260.00 300.00 120.00 1
CELL 260.00 300.00 130.00 1
CELL 260.00 300.00 140.00 1
CELL 260.00 300.00 150.00 1
CELL 260.00 300.00 160.00 1
CELL 260.00 300.00 170.00 1
CELL 260.00 300.00 180.00 1
CELL 260.00 300.00 190.00 1
CELL 260.00 300.00 200.00 1
CELL 260.00 300.00 210.00 1
CELL 260.00 300.00 220.00 1
CELL 260.00 300.00 230.00 1
CELL 260.00 300.00 240.00 1
CELL 260.00 300.00 250.00 1
CELL 260.00 300.00 260.00 1
CELL 260.00 300.00 270.00 1
CELL 260.00 300.00 280.00 1
CELL 260.00 300.00 290.00 1
CELL 260.00 300.00 300.00 1
CELL 270.00 0.00 0.00 1
CELL 270.00 0.00 10.00 1
CELL 270.00 0.00 20.00 1
CELL 270.00 0.00 30.00 1
CELL 270.00 0.00 40.00 1
CELL 270.00 0.00 50.00 1
CELL 270.00 0.00 60.00 1
CELL 270.00 0.00 70.00 1
CELL 270.00 0.00 80.00 1
CELL 270.00 0.00 90.00 1
CELL 270.00 0.00 100.00 1
CELL 270.00 0.00 110.00 1
CELL 270.00 0.00 120.00 1
CELL 270.00 0.00 130.00 1
CELL 270.00 0.00 140.00 1
CELL 270.00 0.00 150.00 1
CELL 270.00 0.00 160.00 1
CELL 270.00 0.00 170.00 1
CELL 270.00 0.00 180.00 1
CELL 270.00 0.00 190.00 1
CELL 270.00 0.00 200.00 1
CELL 270.00 0.00 210.00 1
CELL 270.00 0.00 220.00 1
CELL 270.00 0.00 230.00 1
CELL 270.00 0.00 240.00 1
CELL 270.00 0.00 250.00 1
CELL 270.00 0.00 260.00 1
CELL 270.00 0.00 270.00 1
CELL 270.00 0.00 280.00 1
CELL 270.00 0.00 290.00 1
CELL 270.00 0.00 300.00 1
CELL 270.00 10.00 0.00 1
CELL 270.00 10.00 300.00 1
CELL 270.00 20.00 0.00 1
CELL 270.00 20.00 300.00 1
CELL 270.00 30.00 0.00 1
CELL 270.00 30.00 300.00 1
CELL 270.00 40.00 0.00 1
CELL 270.00 40.00 300.00 1
CELL 270.00 50.00 0.00 1
CELL 270.00 50.00 300.00 1
CELL 270.00 60.00 0.00 1
CELL 270.00 60.00 300.00 1
CELL 270.00 70.00 0.00 1
CELL 270.00 70.00 300.00 1
CELL 270.00 80.00 0.00 1
CELL 270.00 80.00 300.00 1
CELL 270.00 90.00 0.00 1
CELL 270.00 90.00 300.00 1
CELL 270.00 100.00 0.00 1
CELL 270.00 100.00 300.00 1
CELL 270.00 110.00 0.00 1
CELL 270.00 110.00 300.00 1
CELL 270.00 120.00 0.00 1
CELL 270.00 120.00 300.00 1
CELL 270.00 130.00 0.00 1
CELL 270.00 130.00 300.00 1
CELL 270.00 140.00 0.00 1
CELL 270.00 140.00 300.00 1
CELL 270.00 150.00 0.00 1
CELL 270.00 150.00 300.00 1
CELL 270.00 160.00 0.00 1
CELL 270.00 160.00 300.00 1
CELL 270.00 170.00 0.00 1
CELL 270.00 170.00 300.00 1
CELL 270.00 180.00 0.00 1
CELL 270.00 180.00 300.00 1
CELL 270.00 190.00 0.00 1
CELL 270.00 190.00 300.00 1
CELL 270.00 200.00 0.00 1
CELL 270.00 200.00 300.00 1
CELL 270.00 210.00 0.00 1
CELL 270.00 210.00 300.00 1
CELL 270.00 220.00 0.00 1
CELL 270.00 220.00 300.00 1
CELL 270.00 230.00 0.00 1
CELL 270.00 230.00 300.00 1
CELL 270.00 240.00 0.00 1
CELL 270.00 240.00 300.00 1
CELL 270.00 250.00 0.00 1
CELL 270.00 250.00 300.00 1
CELL 270.00 260.00 0.00 1
CELL 270.00 260.00 300.00 1
CELL 270.00 270.00 0.00 1
CELL 270.00 270.00 300.00 1
CELL 270.00 280.00 0.00 1
CELL 270.00 280.00 300.00 1
CELL 270.00 290.00 0.00 1
CELL 270.00 290.00 300.00 1
CELL 270.00 300.00 0.00 1
CELL 270.00 300.00 10.00 1
CELL 270.00 300.00 20.00 1
CELL 270.00 300.00 30.00 1
CELL 270.00 300.00 40.00 1
CELL 270.00 300.00 50.00 1
CELL 270.00 300.00 60.00 1
CELL 270.00 300.00 70.00 1
CELL 270.00 300.00 80.00 1
CELL 270.00 300.00 90.00 1
CELL 270.00 300.00 100.00 1
CELL 270.00 300.00 110.00 1
CELL 270.00 300.00 120.00 1
CELL 270.00 300.00 130.00 1
CELL 270.00 300.00 140.00 1
CELL 270.00 300.00 150.00 1
CELL 270.00 300.00 160.00 1
CELL 270.00 300.00 170.00 1
CELL 270.00 300.00 180.00 1
CELL 270.00 300.00 190.00 1
CELL 270.00 300.00 200.00 1
CELL 270.00 300.00 210.00 1
CELL 270.00 300.00 220.00 1
CELL 270.00 300.00 230.00 1
CELL 270.00 300.00 240.00 1
CELL 270.00 300.00 250.00 1
CELL 270.00 300.00 260.00 1
CELL 270.00 300.00 270.00 1
CELL 270.00 300.00 280.00 1
CELL 270.00 300.00 290.00 1
CELL 270.00 300.00 300.00 1
CELL 280.00 0.00 0.00 1
CELL 280.00 0.00 10.00 1
CELL 280.00 0.00 20.00 1
CELL 280.00 0.00 30.00 1
CELL 280.00 0.00 40.00 1
CELL 280.00 0.00 50.00 1
CELL 280.00 0.00 60.00 1
CELL 280.00 0.00 70.00 1
CELL 280.00 0.00 80.00 1
CELL 280.00 0.00 90.00 1
CELL 280.00 0.00 100.00 1
CELL 280.00 0.00 110.00 1
CELL 280.00 0.00 120.00 1
CELL 280.00 0.00 130.00 1
CELL 280.00 0.00 140.00 1
CELL 280.00 0.00 150.00 1
CELL 280.00 0.00 160.00 1
CELL 280.00 0.00 170.00 1
CELL 280.00 0.00 180.00 1
CELL 280.00 0.00 190.00 1
CELL 280.00 0.00 200.00 1
CELL 280.00 0.00 210.00 1
CELL 280.00 0.00 220.00 1
CELL 280.00 0.00 230.00 1
CELL 280.00 0.00 240.00 1
CELL 280.00 0.00 250.00 1
CELL 280.00 0.00 260.00 1
CELL 280.00 0.00 270.00 1
CELL 280.00 0.00 280.00 1
CELL 280.00 0.00 290.00 1
CELL 280.00 0.00 300.00 1
CELL 280.00 10.00 0.00 1
CELL 280.00 10.00 300.00 1
CELL 280.00 20.00 0.00 1
CELL 280.00 20.00 300.00 1
CELL 280.00 30.00 0.00 1
CELL 280.00 30.00 300.00 1
CELL 280.00 40.00 0.00 1
CELL 280.00 40.00 300.00 1
CELL 280.00 50.00 0.00 1
CELL 280.00 50.00 300.00 1
CELL 280.00 60.00 0.00 1
CELL 280.00 60.00 300.00 1
CELL 280.00 70.00 0.00 1
CELL 280.00 70.00 300.00 1
CELL 280.00 80.00 0.00 1
CELL 280.00 80.00 300.00 1
CELL 280.00 90.00 0.00 1
CELL 280.00 90.00 300.00 1
CELL 280.00 100.00 0.00 1
CELL 280.00 100.00 300.00 1
CELL 280.00 110.00 0.00 1
CELL 280.00 110.00 300.00 1
CELL 280.00 120.00 0.00 1
CELL 280.00 120.00 300.00 1
CELL 280.00 130.00 0.00 1
CELL 280.00 130.00 300.00 1
CELL 280.00 140.00 0.00 1
CELL 280.00 140.00 300.00 1
CELL 280.00 150.00 0.00 1
CELL 280.00 150.00 300.00 1
CELL 280.00 160.00 0.00 1
CELL 280.00 160.00 300.00 1
CELL 280.00 170.00 0.00 1
CELL 280.00 170.00 300.00 1
CELL 280.00 180.00 0.00 1
CELL 280.00 180.00 300.00 1
CELL 280.00 190.00 0.00 1
CELL 280.00 190.00 300.00 1
CELL 280.00 200.00 0.00 1
CELL 280.00 200.00 300.00 1
CELL 280.00 210.00 0.00 1
CELL 280.00 210.00 300.00 1
CELL 280.00 220.00 0.00 1
CELL 280.00 220.00 300.00 1
CELL 280.00 230.00 0.00 1
CELL 280.00 230.00 300.00 1
CELL 280.00 240.00 0.00 1
CELL 280.00 240.00 300.00 1
CELL 280.00 250.00 0.00 1
CELL 280.00 250.00 300.00 1
CELL 280.00 260.00 0.00 1
CELL 280.00 260.00 300.00 1
CELL 280.00 270.00 0.00 1
CELL 280.00 270.00 300.00 1
CELL 280.00 280.00 0.00 1
CELL 280.00 280.00 300.00 1
CELL 280.00 290.00 0.00 1
CELL 280.00 290.00 300.00 1
CELL 280.00 300.00 0.00 1
CELL 280.00 300.00 10.00 1
CELL 280.00 300.00 20.00 1
CELL 280.00 300.00 30.00 1
CELL 280.00 300.00 40.00 1
CELL 280.00 300.00 50.00 1
CELL 280.00 300.00 60.00 1
CELL 280.00 300.00 70.00 1
CELL 280.00 300.00 80.00 1
CELL 280.00 300.00 90.00 1
CELL 280.00 300.00 100.00 1
CELL 280.00 300.00 110.00 1
CELL 280.00 300.00 120.00 1
CELL 280.00 300.00 130.00 1
CELL 280.00 300.00 140.00 1
CELL 280.00 300.00 150.00 1
CELL 280.00 300.00 160.00 1
CELL 280.00 300.00 170.00 1
CELL 280.00 300.00 180.00 1
CELL 280.00 300.00 190.00 1
CELL 280.00 300.00 200.00 1
CELL 280.00 300.00 210.00 1
CELL 280.00 300.00 220.00 1
CELL 280.00 300.00 230.00 1
CELL 280.00 300.00 240.00 1
CELL 280.00 300.00 250.00 1
CELL 280.00 300.00 260.00 1
CELL 280.00 300.00 270.00 1
CELL 280.00 300.00 280.00 1
CELL 280.00 300.00 290.00 1
CELL 280.00 300.00 300.00 1
CELL 290.00 0.00 0.00 1
CELL 290.00 0.00 10.00 1
CELL 290.00 0.00 20.00 1
CELL 290.00 0.00 30.00 1
CELL 290.00 0.00 40.00 1
CELL 290.00 0.00 50.00 1
CELL 290.00 0.00 60.00 1
CELL 290.00 0.00 70.00 1
CELL 290.00 0.00 80.00 1
CELL 290.00 0.00 90.00 1
CELL 290.00 0.00 100.00 1
CELL 290.00 0.00 110.00 1
CELL 290.00 0.00 120.00 1
CELL 290.00 0.00 130.00 1
CELL 290.00 0.00 140.00 1
CELL 290.00 0.00 150.00 1
CELL 290.00 0.00 160.00 1
CELL 290.00 0.00 170.00 1
CELL 290.00 0.00 180.00 1
CELL 290.00 0.00 190.00 1
CELL 290.00 0.00 200.00 1
CELL 290.00 0.00 210.00 1
CELL 290.00 0.00 220.00 1
CELL 290.00 0.00 230.00 1
CELL 290.00 0.00 240.00 1
CELL 290.00 0.00 250.00 1
CELL 290.00 0.00 260.00 1
CELL 290.00 0.00 270.00 1
CELL 290.00 0.00 280.00 1
CELL 290.00 0.00 290.00 1
CELL 290.00 0.00 300.00 1
CELL 290.00 10.00 0.00 1
CELL 290.00 10.00 300.00 1
CELL 290.00 20.00 0.00 1
CELL 290.00 20.00 300.00 1
CELL 290.00 30.00 0.00 1
CELL 290.00 30.00 300.00 1
CELL 290.00 40.00 0.00 1
CELL 290.00 40.00 300.00 1
CELL 290.00 50.00 0.00 1
CELL 290.00 50.00 300.00 1
CELL 290.00 60.00 0.00 1
CELL 290.00 60.00 300.00 1
CELL 290.00 70.00 0.00 1
CELL 290.00 70.00 300.00 1
CELL 290.00 80.00 0.00 1
CELL 290.00 80.00 300.00 1
CELL 290.00 90.00 0.00 1
CELL 290.00 90.00 300.00 1
CELL 290.00 100.00 0.00 1
CELL 290.00 100.00 300.00 1
CELL 290.00 110.00 0.00 1
CELL 290.00 110.00 300.00 1
CELL 290.00 120.00 0.00 1
CELL 290.00 120.00 300.00 1
CELL 290.00 130.00 0.00 1
CELL 290.00 130.00 300.00 1
CELL 290.00 140.00 0.00 1
CELL 290.00 140.00 300.00 1
CELL 290.00 150.00 0.00 1
CELL 290.00 150.00 300.00 1
CELL 290.00 160.00 0.00 1
CELL 290.00 160.00 300.00 1
CELL 290.00 170.00 0.00 1
CELL 290.00 170.00 300.00 1
CELL 290.00 180.00 0.00 1
CELL 290.00 180.00 300.00 1
CELL 290.00 190.00 0.00 1
CELL 290.00 190.00 300.00 1
CELL 290.00 200.00 0.00 1
CELL 290.00 200.00 300.00 1
CELL 290.00 210.00 0.00 1
CELL 290.00 210.00 300.00 1
CELL 290.00 220.00 0.00 1
CELL 290.00 220.00 300.00 1
CELL 290.00 230.00 0.00 1
CELL 290.00 230.00 300.00 1
CELL 290.00 240.00 0.00 1
CELL 290.00 240.00 300.00 1
CELL 290.00 250.00 0.00 1
CELL 290.00 250.00 300.00 1
CELL 290.00 260.00 0.00 1
CELL 290.00 260.00 300.00 1
CELL 290.00 270.00 0.00 1
CELL 290.00 270.00 300.00 1
CELL 290.00 280.00 0.00 1
CELL 290.00 280.00 300.00 1
CELL 290.00 290.00 0.00 1
CELL 290.00 290.00 300.00 1
CELL 290.00 300.00 0.00 1
CELL 290.00 300.00 10.00 1
CELL 290.00 300.00 20.00 1
CELL 290.00 300.00 30.00 1
CELL 290.00 300.00 40.00 1
CELL 290.00 300.00 50.00 1
CELL 290.00 300.00 60.00 1
CELL 290.00 300.00 70.00 1
CELL 290.00 300.00 80.00 1
CELL 290.00 300.00 90.00 1
CELL 290.00 300.00 100.00 1
CELL 290.00 300.00 110.00 1
CELL 290.00 300.00 120.00 1
CELL 290.00 300.00 130.00 1
CELL 290.00 300.00 140.00 1
CELL 290.00 300.00 150.00 1
CELL 290.00 300.00 160.00 1
CELL 290.00 300.00 170.00 1
CELL 290.00 300.00 180.00 1
CELL 290.00 300.00 190.00 1
CELL 290.00 300.00 200.00 1
CELL 290.00 300.00 210.00 1
CELL 290.00 300.00 220.00 1
CELL 290.00 300.00 230.00 1
CELL 290.00 300.00 240.00 1
CELL 290.00 300.00 250.00 1
CELL 290.00 300.00 260.00 1
CELL 290.00 300.00 270.00 1
CELL 290.00 300.00 280.00 1
CELL 290.00 300.00 290.00 1
CELL 290.00 300.00 300.00 1
CELL 300.00 0.00 0.00 1
CELL 300.00 0.00 10.00 1
CELL 300.00 0.00 20.00 1
CELL 300.00 0.00 30.00 1
CELL 300.00 0.00 40.00 1
CELL 300.00 0.00 50.00 1
CELL 300.00 0.00 60.00 1
CELL 300.00 0.00 70.00 1
CELL 300.00 0.00 80.00 1
CELL 300.00 0.00 90.00 1
CELL 300.00 0.00 100.00 1
CELL 300.00 0.00 110.00 1
CELL 300.00 0.00 120.00 1
CELL 300.00 0.00 130.00 1
CELL 300.00 0.00 140.00 1
CELL 300.00 0.00 150.00 1
CELL 300.00 0.00 160.00 1
CELL 300.00 0.00 170.00 1
CELL 300.00 0.00 180.00 1
CELL 300.00 0.00 190.00 1
CELL 300.00 0.00 200.00 1
CELL 300.00 0.00 210.00 1
CELL 300.00 0.00 220.00 1
CELL 300.00 0.00 230.00 1
CELL 300.00 0.00 240.00 1
CELL 300.00 0.00 250.00 1
CELL 300.00 0.00 260.00 1
CELL 300.00 0.00 270.00 1
CELL 300.00 0.00 280.00 1
CELL 300.00 0.00 290.00 1
CELL 300.00 0.00 300.00 1
CELL 300.00 10.00 0.00 1
CELL 300.00 10.00 10.00 1
CELL 300.00 10.00 20.00 1
CELL 300.00 10.00 30.00 1
CELL 300.00 10.00 40.00 1
CELL 300.00 10.00 50.00 1
CELL 300.00 10.00 60.00 1
CELL 300.00 10.00 70.00 1
CELL 300.00 10.00 80.00 1
CELL 300.00 10.00 90.00 1
CELL 300.00 10.00 100.00 1
CELL 300.00 10.00 110.00 1
CELL 300.00 10.00 120.00 1
CELL 300.00 10.00 130.00 1
CELL 300.00 10.00 140.00 1
CELL 300.00 10.00 150.00 1
CELL 300.00 10.00 160.00 1
CELL 300.00 10.00 170.00 1
CELL 300.00 10.00 180.00 1
CELL 300.00 10.00 190.00 1
CELL 300.00 10.00 200.00 1
CELL 300.00 10.00 210.00 1
CELL 300.00 10.00 220.00 1
CELL 300.00 10.00 230.00 1
CELL 300.00 10.00 240.00 1
CELL 300.00 10.00 250.00 1
CELL 300.00 10.00 260.00 1
CELL 300.00 10.00 270.00 1
CELL 300.00 10.00 280.00 1
CELL 300.00 10.00 290.00 1
CELL 300.00 10.00 300.00 1
CELL 300.00 20.00 0.00 1
CELL 300.00 20.00 10.00 1
CELL 300.00 20.00 20.00 1
CELL 300.00 20.00 30.00 1
CELL 300.00 20.00 40.00 1
CELL 300.00 20.00 50.00 1
CELL 300.00 20.00 60.00 1
CELL 300.00 20.00 70.00 1
CELL 300.00 20.00 80.00 1
CELL 300.00 20.00 90.00 1
CELL 300.00 20.00 100.00 1
CELL 300.00 20.00 110.00 1
CELL 300.00 20.00 120.00 1
CELL 300.00 20.00 130.00 1
CELL 300.00 20.00 140.00 1
CELL 300.00 20.00 150.00 1
CELL 300.00 20.00 160.00 1
CELL 300.00 20.00 170.00 1
CELL 300.00 20.00 180.00 1
CELL 300.00 20.00 190.00 1
CELL 300.00 20.00 200.00 1
CELL 300.00 20.00 210.00 1
CELL 300.00 20.00 220.00 1
CELL 300.00 20.00 230.00 1
CELL 300.00 20.00 240.00 1
CELL 300.00 20.00 250.00 1
CELL 300.00 20.00 260.00 1
CELL 300.00 20.00 270.00 1
CELL 300.00 20.00 280.00 1
CELL 300.00 20.00 290.00 1
CELL 300.00 20.00 300.00 1
CELL 300.00 30.00 0.00 1
CELL 300.00 30.00 10.00 1
CELL 300.00 30.00 20.00 1
CELL 300.00 30.00 30.00 1
CELL 300.00 30.00 40.00 1
CELL 300.00 30.00 50.00 1
CELL 300.00 30.00 60.00 1
CELL 300.00 30.00 70.00 1
CELL 300.00 30.00 80.00 1
CELL 300.00 30.00 90.00 1
CELL 300.00 30.00 100.00 1
CELL 300.00 30.00 110.00 1
CELL 300.00 30.00 120.00 1
CELL 300.00 30.00 130.00 1
CELL 300.00 30.00 140.00 1
CELL 300.00 30.00 150.00 1
CELL 300.00 30.00 160.00 1
CELL 300.00 30.00 170.00 1
CELL 300.00 30.00 180.00 1
CELL 300.00 30.00 190.00 1
CELL 300.00 30.00 200.00 1
CELL 300.00 30.00 210.00 1
CELL 300.00 30.00 220.00 1
CELL 300.00 30.00 230.00 1
CELL 300.00 30.00 240.00 1
CELL 300.00 30.00 250.00 1
CELL 300.00 30.00 260.00 1
CELL 300.00 30.00 270.00 1
CELL 300.00 30.00 280.00 1
CELL 300.00 30.00 290.00 1
CELL 300.00 30.00 300.00 1
CELL 300.00 40.00 0.00 1
CELL 300.00 40.00 10.00 1
CELL 300.00 40.00 20.00 1
CELL 300.00 40.00 30.00 1
CELL 300.00 40.00 40.00 1
CELL 300.00 40.00 50.00 1
CELL 300.00 40.00 60.00 1
CELL 300.00 40.00 70.00 1
CELL 300.00 40.00 80.00 1
CELL 300.00 40.00 90.00 1
CELL 300.00 40.00 100.00 1
CELL 300.00 40.00 110.00 1
CELL 300.00 40.00 120.00 1
CELL 300.00 40.00 130.00 1
CELL 300.00 40.00 140.00 1
CELL 300.00 40.00 150.00 1
CELL 300.00 40.00 160.00 1
CELL 300.00 40.00 170.00 1
CELL 300.00 40.00 180.00 1
CELL 300.00 40.00 190.00 1
CELL 300.00 40.00 200.00 1
CELL 300.00 40.00 210.00 1
CELL 300.00 40.00 220.00 1
CELL 300.00 40.00 230.00 1
CELL 300.00 40.00 240.00 1
CELL 300.00 40.00 250.00 1
CELL 300.00 40.00 260.00 1
CELL 300.00 40.00 270.00 1
CELL 300.00 40.00 280.00 1
CELL 300.00 40.00 290.00 1
CELL 300.00 40.00 300.00 1
CELL 300.00 50.00 0.00 1
CELL 300.00 50.00 10.00 1
CELL 300.00 50.00 20.00 1
CELL 300.00 50.00 30.00 1
CELL 300.00 50.00 40.00 1
CELL 300.00 50.00 50.00 1
CELL 300.00 50.00 60.00 1
CELL 300.00 50.00 70.00 1
CELL 300.00 50.00 80.00 1
CELL 300.00 50.00 90.00 1
CELL 300.00 50.00 100.00 1
CELL 300.00 50.00 110.00 1
CELL 300.00 50.00 120.00 1
CELL 300.00 50.00 130.00 1
CELL 300.00 50.00 140.00 1
CELL 300.00 50.00 150.00 1
CELL 300.00 50.00 160.00 1
CELL 300.00 50.00 170.00 1
CELL 300.00 50.00 180.00 1
CELL 300.00 50.00 190.00 1
CELL 300.00 50.00 200.00 1
CELL 300.00 50.00 210.00 1
CELL 300.00 50.00 220.00 1
CELL 300.00 50.00 230.00 1
CELL 300.00 50.00 240.00 1
CELL 300.00 50.00 250.00 1
CELL 300.00 50.00 260.00 1
CELL 300.00 50.00 270.00 1
CELL 300.00 50.00 280.00 1
CELL 300.00 50.00 290.00 1
CELL 300.00 50.00 300.00 1
CELL 300.00 60.00 0.00 1
CELL 300.00 60.00 10.00 1
CELL 300.00 60.00 20.00 1
CELL 300.00 60.00 30.00 1
CELL 300.00 60.00 40.00 1
CELL 300.00 60.00 50.00 1
CELL 300.00 60.00 60.00 1
CELL 300.00 60.00 70.00 1
CELL 300.00 60.00 80.00 1
CELL 300.00 60.00 90.00 1
CELL 300.00 60.00 100.00 1
CELL 300.00 60.00 110.00 1
CELL 300.00 60.00 120.00 1
CELL 300.00 60.00 130.00 1
CELL 300.00 60.00 140.00 1
CELL 300.00 60.00 150.00 1
CELL 300.00 60.00 160.00 1
CELL 300.00 60.00 170.00 1
CELL 300.00 60.00 180.00 1
CELL 300.00 60.00 190.00 1
CELL 300.00 60.00 200.00 1
CELL 300.00 60.00 210.00 1
CELL 300.00 60.00 220.00 1
CELL 300.00 60.00 230.00 1
CELL 300.00 60.00 240.00 1
CELL 300.00 60.00 250.00 1
CELL 300.00 60.00 260.00 1
CELL 300.00 60.00 270.00 1
CELL 300.00 60.00 280.00 1
CELL 300.00 60.00 290.00 1
CELL 300.00 60.00 300.00 1
CELL 300.00 70.00 0.00 1
CELL 300.00 70.00 10.00 1
CELL 300.00 70.00 20.00 1
CELL 300.00 70.00 30.00 1
CELL 300.00 70.00 40.00 1
CELL 300.00 70.00 50.00 1
CELL 300.00 70.00 60.00 1
CELL 300.00 70.00 70.00 1
CELL 300.00 70.00 80.00 1
CELL 300.00 70.00 90.00 1
CELL 300.00 70.00 100.00 1
CELL 300.00 70.00 110.00 1
CELL 300.00 70.00 120.00 1
CELL 300.00 70.00 130.00 1
CELL 300.00 70.00 140.00 1
CELL 300.00 70.00 150.00 1
CELL 300.00 70.00 160.00 1
CELL 300.00 70.00 170.00 1
CELL 300.00 70.00 180.00 1
CELL 300.00 70.00 190.00 1
CELL 300.00 70.00 200.00 1
CELL 300.00 70.00 210.00 1
CELL 300.00 70.00 220.00 1
CELL 300.00 70.00 230.00 1
CELL 300.00 70.00 240.00 1
CELL 300.00 70.00 250.00 1
CELL 300.00 70.00 260.00 1
CELL 300.00 70.00 270.00 1
CELL 300.00 70.00 280.00 1
CELL 300.00 70.00 290.00 1
CELL 300.00 70.00 300.00 1
CELL 300.00 80.00 0.00 1
CELL 300.00 80.00 10.00 1
CELL 300.00 80.00 20.00 1
CELL 300.00 80.00 30.00 1
CELL 300.00 80.00 40.00 1
CELL 300.00 80.00 50.00 1
CELL 300.00 80.00 60.00 1
CELL 300.00 80.00 70.00 1
CELL 300.00 80.00 80.00 1
CELL 300.00 80.00 90.00 1
CELL 300.00 80.00 100.00 1
CELL 300.00 80.00 110.00 1
CELL 300.00 80.00 120.00 1
CELL 300.00 80.00 130.00 1
CELL 300.00 80.00 140.00 1
CELL 300.00 80.00 150.00 1
CELL 300.00 80.00 160.00 1
CELL 300.00 80.00 170.00 1
CELL 300.00 80.00 180.00 1
CELL 300.00 80.00 190.00 1
CELL 300.00 80.00 200.00 1
CELL 300.00 80.00 210.00 1
CELL 300.00 80.00 220.00 1
CELL 300.00 80.00 230.00 1
CELL 300.00 80.00 240.00 1
CELL 300.00 80.00 250.00 1
CELL 300.00 80.00 260.00 1
CELL 300.00 80.00 270.00 1
CELL 300.00 80.00 280.00 1
CELL 300.00 80.00 290.00 1
CELL 300.00 80.00 300.00 1
CELL 300.00 90.00 0.00 1
CELL 300.00 90.00 10.00 1
CELL 300.00 90.00 20.00 1
CELL 300.00 90.00 30.00 1
CELL 300.00 90.00 40.00 1
CELL 300.00 90.00 50.00 1
CELL 300.00 90.00 60.00 1
CELL 300.00 90.00 70.00 1
CELL 300.00 90.00 80.00 1
CELL 300.00 90.00 90.00 1
CELL 300.00 90.00 100.00 1
CELL 300.00 90.00 110.00 1
CELL 300.00 90.00 120.00 1
CELL 300.00 90.00 130.00 1
CELL 300.00 90.00 140.00 1
CELL 300.00 90.00 150.00 1
CELL 300.00 90.00 160.00 1
CELL 300.00 90.00 170.00 1
CELL 300.00 90.00 180.00 1
CELL 300.00 90.00 190.00 1
CELL 300.00 90.00 200.00 1
CELL 300.00 90.00 210.00 1
CELL 300.00 90.00 220.00 1
CELL 300.00 90.00 230.00 1
CELL 300.00 90.00 240.00 1
CELL 300.00 90.00 250.00 1
CELL 300.00 90.00 260.00 1
CELL 300.00 90.00 270.00 1
CELL 300.00 90.00 280.00 1
CELL 300.00 90.00 290.00 1
CELL 300.00 90.00 300.00 1
CELL 300.00 100.00 0.00 1
CELL 300.00 100.00 10.00 1
CELL 300.00 100.00 20.00 1
CELL 300.00 100.00 30.00 1
CELL 300.00 100.00 40.00 1
CELL 300.00 100.00 50.00 1
CELL 300.00 100.00 60.00 1
CELL 300.00 100.00 70.00 1
CELL 300.00 100.00 80.00 1
CELL 300.00 100.00 90.00 1
CELL 300.00 100.00 100.00 1
CELL 300.00 100.00 110.00 1
CELL 300.00 100.00 120.00 1
CELL 300.00 100.00 130.00 1
CELL 300.00 100.00 140.00 1
CELL 300.00 100.00 150.00 1
CELL 300.00 100.00 160.00 1
CELL 300.00 100.00 170.00 1
CELL 300.00 100.00 180.00 1
CELL 300.00 100.00 190.00 1
CELL 300.00 100.00 200.00 1
CELL 300.00 100.00 210.00 1
CELL 300.00 100.00 220.00 1
CELL 300.00 100.00 230.00 1
CELL 300.00 100.00 240.00 1
CELL 300.00 100.00 250.00 1
CELL 300.00 100.00 260.00 1
CELL 300.00 100.00 270.00 1
CELL 300.00 100.00 280.00 1
CELL 300.00 100.00 290.00 1
CELL 300.00 100.00 300.00 1
CELL 300.00 110.00 0.00 1
CELL 300.00 110.00 10.00 1
CELL 300.00 110.00 20.00 1
CELL 300.00 110.00 30.00 1
CELL 300.00 110.00 40.00 1
CELL 300.00 110.00 50.00 1
CELL 300.00 110.00 60.00 1
CELL 300.00 110.00 70.00 1
CELL 300.00 110.00 80.00 1
CELL 300.00 110.00 90.00 1
CELL 300.00 110.00 100.00 1
CELL 300.00 110.00 110.00 1
CELL 300.00 110.00 120.00 1
CELL 300.00 110.00 130.00 1
CELL 300.00 110.00 140.00 1
CELL 300.00 110.00 150.00 1
CELL 300.00 110.00 160.00 1
CELL 300.00 110.00 170.00 1
CELL 300.00 110.00 180.00 1
CELL 300.00 110.00 190.00 1
CELL 300.00 110.00 200.00 1
CELL 300.00 110.00 210.00 1
CELL 300.00 110.00 220.00 1
CELL 300.00 110.00 230.00 1
CELL 300.00 110.00 240.00 1
CELL 300.00 110.00 250.00 1
CELL 300.00 110.00 260.00 1
CELL 300.00 110.00 270.00 1
CELL 300.00 110.00 280.00 1
CELL 300.00 110.00 290.00 1
CELL 300.00 110.00 300.00 1
CELL 300.00 120.00 0.00 1
CELL 300.00 120.00 10.00 1
CELL 300.00 120.00 20.00 1
CELL 300.00 120.00 30.00 1
CELL 300.00 120.00 40.00 1
CELL 300.00 120.00 50.00 1
CELL 300.00 120.00 60.00 1
CELL 300.00 120.00 70.00 1
CELL 300.00 120.00 80.00 1
CELL 300.00 120.00 90.00 1
CELL 300.00 120.00 100.00 1
CELL 300.00 120.00 110.00 1
CELL 300.00 120.00 120.00 1
CELL 300.00 120.00 130.00 1
CELL 300.00 120.00 140.00 1
CELL 300.00 120.00 150.00 1
CELL 300.00 120.00 160.00 1
CELL 300.00 120.00 170.00 1
CELL 300.00 120.00 180.00 1
CELL 300.00 120.00 190.00 1
CELL 300.00 120.00 200.00 1
CELL 300.00 120.00 210.00 1
CELL 300.00 120.00 220.00 1
CELL 300.00 120.00 230.00 1
CELL 300.00 120.00 240.00 1
CELL 300.00 120.00 250.00 1
CELL 300.00 120.00 260.00 1
CELL 300.00 120.00 270.00 1
CELL 300.00 120.00 280.00 1
CELL 300.00 120.00 290.00 1
CELL 300.00 120.00 300.00 1
CELL 300.00 130.00 0.00 1
CELL 300.00 130.00 10.00 1
CELL 300.00 130.00 20.00 1
CELL 300.00 130.00 30.00 1
CELL 300.00 130.00 40.00 1
CELL 300.00 130.00 50.00 1
CELL 300.00 130.00 60.00 1
CELL 300.00 130.00 70.00 1
CELL 300.00 130.00 80.00 1
CELL 300.00 130.00 90.00 1
CELL 300.00 130.00 100.00 1
CELL 300.00 130.00 110.00 1
CELL 300.00 130.00 120.00 1
CELL 300.00 130.00 130.00 1
CELL 300.00 130.00 140.00 1
CELL 300.00 130.00 150.00 1
CELL 300.00 130.00 160.00 1
CELL 300.00 130.00 170.00 1
CELL 300.00 130.00 180.00 1
CELL 300.00 130.00 190.00 1
CELL 300.00 130.00 200.00 1
CELL 300.00 130.00 210.00 1
CELL 300.00 130.00 220.00 1
CELL 300.00 130.00 230.00 1
CELL 300.00 130.00 240.00 1
CELL 300.00 130.00 250.00 1
CELL 300.00 130.00 260.00 1
CELL 300.00 130.00 270.00 1
CELL 300.00 130.00 280.00 1
CELL 300.00 130.00 290.00 1
CELL 300.00 130.00 300.00 1
CELL 300.00 140.00 0.00 1
CELL 300.00 140.00 10.00 1
CELL 300.00 140.00 20.00 1
CELL 300.00 140.00 30.00 1
CELL 300.00 140.00 40.00 1
CELL 300.00 140.00 50.00 1
CELL 300.00 140.00 60.00 1
CELL 300.00 140.00 70.00 1
CELL 300.00 140.00 80.00 1
CELL 300.00 140.00 90.00 1
CELL 300.00 140.00 100.00 1
CELL 300.00 140.00 110.00 1
CELL 300.00 140.00 120.00 1
CELL 300.00 140.00 130.00 1
CELL 300.00 140.00 140.00 1
CELL 300.00 140.00 150.00 1
CELL 300.00 140.00 160.00 1
CELL 300.00 140.00 170.00 1
CELL 300.00 140.00 180.00 1
CELL 300.00 140.00 190.00 1
CELL 300.00 140.00 200.00 1
CELL 300.00 140.00 210.00 1
CELL 300.00 140.00 220.00 1
CELL 300.00 140.00 230.00 1
CELL 300.00 140.00 240.00 1
CELL 300.00 140.00 250.00 1
CELL 300.00 140.00 260.00 1
CELL 300.00 140.00 270.00 1
CELL 300.00 140.00 280.00 1
CELL 300.00 140.00 290.00 1
CELL 300.00 140.00 300.00 1
CELL 300.00 150.00 0.00 1
CELL 300.00 150.00 10.00 1
CELL 300.00 150.00 20.00 1
CELL 300.00 150.00 30.00 1
CELL 300.00 150.00 40.00 1
CELL 300.00 150.00 50.00 1
CELL 300.00 150.00 60.00 1
CELL 300.00 150.00 70.00 1
CELL 300.00 150.00 80.00 1
CELL 300.00 150.00 90.00 1
CELL 300.00 150.00 100.00 1
CELL 300.00 150.00 110.00 1
CELL 300.00 150.00 120.00 1
CELL 300.00 150.00 130.00 1
CELL 300.00 150.00 140.00 1
CELL 300.00 150.00 150.00 1
CELL 300.00 150.00 160.00 1
CELL 300.00 150.00 170.00 1
CELL 300.00 150.00 180.00 1
CELL 300.00 150.00 190.00 1
CELL 300.00 150.00 200.00 1
CELL 300.00 150.00 210.00 1
CELL 300.00 150.00 220.00 1
CELL 300.00 150.00 230.00 1
CELL 300.00 150.00 240.00 1
CELL 300.00 150.00 250.00 1
CELL 300.00 150.00 260.00 1
CELL 300.00 150.00 270.00 1
CELL 300.00 150.00 280.00 1
CELL 300.00 150.00 290.00 1
CELL 300.00 150.00 300.00 1
CELL 300.00 160.00 0.00 1
CELL 300.00 160.00 10.00 1
CELL 300.00 160.00 20.00 1
CELL 300.00 160.00 30.00 1
CELL 300.00 160.00 40.00 1
CELL 300.00 160.00 50.00 1
CELL 300.00 160.00 60.00 1
CELL 300.00 160.00 70.00 1
CELL 300.00 160.00 80.00 1
CELL 300.00 160.00 90.00 1
CELL 300.00 160.00 100.00 1
CELL 300.00 160.00 110.00 1
CELL 300.00 160.00 120.00 1
CELL 300.00 160.00 130.00 1
CELL 300.00 160.00 140.00 1
CELL 300.00 160.00 150.00 1
CELL 300.00 160.00 160.00 1
CELL 300.00 160.00 170.00 1
CELL 300.00 160.00 180.00 1
CELL 300.00 160.00 190.00 1
CELL 300.00 160.00 200.00 1
CELL 300.00 160.00 210.00 1
CELL 300.00 160.00 220.00 1
CELL 300.00 160.00 230.00 1
CELL 300.00 160.00 240.00 1
CELL 300.00 160.00 250.00 1
CELL 300.00 160.00 260.00 1
CELL 300.00 160.00 270.00 1
CELL 300.00 160.00 280.00 1
CELL 300.00 160.00 290.00 1
CELL 300.00 160.00 300.00 1
CELL 300.00 170.00 0.00 1
CELL 300.00 170.00 10.00 1
CELL 300.00 170.00 20.00 1
CELL 300.00 170.00 30.00 1
CELL 300.00 170.00 40.00 1
CELL 300.00 170.00 50.00 1
CELL 300.00 170.00 60.00 1
CELL 300.00 170.00 70.00 1
CELL 300.00 170.00 80.00 1
CELL 300.00 170.00 90.00 1
CELL 300.00 170.00 100.00 1
CELL 300.00 170.00 110.00 1
CELL 300.00 170.00 120.00 1
CELL 300.00 170.00 130.00 1
CELL 300.00 170.00 140.00 1
CELL 300.00 170.00 150.00 1
CELL 300.00 170.00 160.00 1
CELL 300.00 170.00 170.00 1
CELL 300.00 170.00 180.00 1
CELL 300.00 170.00 190.00 1
CELL 300.00 170.00 200.00 1
CELL 300.00 170.00 210.00 1
CELL 300.00 170.00 220.00 1
CELL 300.00 170.00 230.00 1
CELL 300.00 170.00 240.00 1
CELL 300.00 170.00 250.00 1
CELL 300.00 170.00 260.00 1
CELL 300.00 170.00 270.00 1
CELL 300.00 170.00 280.00 1
CELL 300.00 170.00 290.00 1
CELL 300.00 170.00 300.00 1
CELL 300.00 180.00 0.00 1
CELL 300.00 180.00 10.00 1
CELL 300.00 180.00 20.00 1
CELL 300.00 180.00 30.00 1
CELL 300.00 180.00 40.00 1
CELL 300.00 180.00 50.00 1
CELL 300.00 180.00 60.00 1
CELL 300.00 180.00 70.00 1
CELL 300.00 180.00 80.00 1
CELL 300.00 180.00 90.00 1
CELL 300.00 180.00 100.00 1
CELL 300.00 180.00 110.00 1
CELL 300.00 180.00 120.00 1
CELL 300.00 180.00 130.00 1
CELL 300.00 180.00 140.00 1
CELL 300.00 180.00 150.00 1
CELL 300.00 180.00 160.00 1
CELL 300.00 180.00 170.00 1
CELL 300.00 180.00 180.00 1
CELL 300.00 180.00 190.00 1
CELL 300.00 180.00 200.00 1
CELL 300.00 180.00 210.00 1
CELL 300.00 180.00 220.00 1
CELL 300.00 180.00 230.00 1
CELL 300.00 180.00 240.00 1
CELL 300.00 180.00 250.00 1
CELL 300.00 180.00 260.00 1
CELL 300.00 180.00 270.00 1
CELL 300.00 180.00 280.00 1
CELL 300.00 180.00 290.00 1
CELL 300.00 180.00 300.00 1
CELL 300.00 190.00 0.00 1
CELL 300.00 190.00 10.00 1
CELL 300.00 190.00 20.00 1
CELL 300.00 190.00 30.00 1
CELL 300.00 190.00 40.00 1
CELL 300.00 190.00 50.00 1
CELL 300.00 190.00 60.00 1
CELL 300.00 190.00 70.00 1
CELL 300.00 190.00 80.00 1
CELL 300.00 190.00 90.00 1
CELL 300.00 190.00 100.00 1
CELL 300.00 190.00 110.00 1
CELL 300.00 190.00 120.00 1
CELL 300.00 190.00 130.00 1
CELL 300.00 190.00 140.00 1
CELL 300.00 190.00 150.00 1
CELL 300.00 190.00 160.00 1
CELL 300.00 190.00 170.00 1
CELL 300.00 190.00 180.00 1
CELL 300.00 190.00 190.00 1
CELL 300.00 190.00 200.00 1
CELL 300.00 190.00 210.00 1
CELL 300.00 190.00 220.00 1
CELL 300.00 190.00 230.00 1
CELL 300.00 190.00 240.00 1
CELL 300.00 190.00 250.00 1
CELL 300.00 190.00 260.00 1
CELL 300.00 190.00 270.00 1
CELL 300.00 190.00 280.00 1
CELL 300.00 190.00 290.00 1
CELL 300.00 190.00 300.00 1
CELL 300.00 200.00 0.00 1
CELL 300.00 200.00 10.00 1
CELL 300.00 200.00 20.00 1
CELL 300.00 200.00 30.00 1
CELL 300.00 200.00 40.00 1
CELL 300.00 200.00 50.00 1
CELL 300.00 200.00 60.00 1
CELL 300.00 200.00 70.00 1
CELL 300.00 200.00 80.00 1
CELL 300.00 200.00 90.00 1
CELL 300.00 200.00 100.00 1
CELL 300.00 200.00 110.00 1
CELL 300.00 200.00 120.00 1
CELL 300.00 200.00 130.00 1
CELL 300.00 200.00 140.00 1
CELL 300.00 200.00 150.00 1
CELL 300.00 200.00 160.00 1
CELL 300.00 200.00 170.00 1
CELL 300.00 200.00 180.00 1
CELL 300.00 200.00 190.00 1
CELL 300.00 200.00 200.00 1
CELL 300.00 200.00 210.00 1
CELL 300.00 200.00 220.00 1
CELL 300.00 200.00 230.00 1
CELL 300.00 200.00 240.00 1
CELL 300.00 200.00 250.00 1
CELL 300.00 200.00 260.00 1
CELL 300.00 200.00 270.00 1
CELL 300.00 200.00 280.00 1
CELL 300.00 200.00 290.00 1
CELL 300.00 200.00 300.00 1
CELL 300.00 210.00 0.00 1
CELL 300.00 210.00 10.00 1
CELL 300.00 210.00 20.00 1
CELL 300.00 210.00 30.00 1
CELL 300.00 210.00 40.00 1
CELL 300.00 210.00 50.00 1
CELL 300.00 210.00 60.00 1
CELL 300.00 210.00 70.00 1
CELL 300.00 210.00 80.00 1
CELL 300.00 210.00 90.00 1
CELL 300.00 210.00 100.00 1
CELL 300.00 210.00 110.00 1
CELL 300.00 210.00 120.00 1
CELL 300.00 210.00 130.00 1
CELL 300.00 210.00 140.00 1
CELL 300.00 210.00 150.00 1
CELL 300.00 210.00 160.00 1
CELL 300.00 210.00 170.00 1
CELL 300.00 210.00 180.00 1
CELL 300.00 210.00 190.00 1
CELL 300.00 210.00 200.00 1
CELL 300.00 210.00 210.00 1
CELL 300.00 210.00 220.00 1
CELL 300.00 210.00 230.00 1
CELL 300.00 210.00 240.00 1
CELL 300.00 210.00 250.00 1
CELL 300.00 210.00 260.00 1
CELL 300.00 210.00 270.00 1
CELL 300.00 210.00 280.00 1
CELL 300.00 210.00 290.00 1
CELL 300.00 210.00 300.00 1
CELL 300.00 220.00 0.00 1
CELL 300.00 220.00 10.00 1
CELL 300.00 220.00 20.00 1
CELL 300.00 220.00 30.00 1
CELL 300.00 220.00 40.00 1
CELL 300.00 220.00 50.00 1
CELL 300.00 220.00 60.00 1
CELL 300.00 220.00 70.00 1
CELL 300.00 220.00 80.00 1
CELL 300.00 220.00 90.00 1
CELL 300.00 220.00 100.00 1
CELL 300.00 220.00 110.00 1
CELL 300.00 220.00 120.00 1
CELL 300.00 220.00 130.00 1
CELL 300.00 220.00 140.00 1
CELL 300.00 220.00 150.00 1
CELL 300.00 220.00 160.00 1
CELL 300.00 220.00 170.00 1
CELL 300.00 220.00 180.00 1
CELL 300.00 220.00 190.00 1
CELL 300.00 220.00 200.00 1
CELL 300.00 220.00 210.00 1
CELL 300.00 220.00 220.00 1
CELL 300.00 220.00 230.00 1
CELL 300.00 220.00 240.00 1
CELL 300.00 220.00 250.00 1
CELL 300.00 220.00 260.00 1
CELL 300.00 220.00 270.00 1
CELL 300.00 220.00 280.00 1
CELL 300.00 220.00 290.00 1
CELL 300.00 220.00 300.00 1
CELL 300.00 230.00 0.00 1
CELL 300.00 230.00 10.00 1
CELL 300.00 230.00 20.00 1
CELL 300.00 230.00 30.00 1
CELL 300.00 230.00 40.00 1
CELL 300.00 230.00 50.00 1
CELL 300.00 230.00 60.00 1
CELL 300.00 230.00 70.00 1
CELL 300.00 230.00 80.00 1
CELL 300.00 230.00 90.00 1
CELL 300.00 230.00 100.00 1
CELL 300.00 230.00 110.00 1
CELL 300.00 230.00 120.00 1
CELL 300.00 230.00 130.00 1
CELL 300.00 230.00 140.00 1
CELL 300.00 230.00 150.00 1
CELL 300.00 230.00 160.00 1
CELL 300.00 230.00 170.00 1
CELL 300.00 230.00 180.00 1
CELL 300.00 230.00 190.00 1
CELL 300.00 230.00 200.00 1
CELL 300.00 230.00 210.00 1
CELL 300.00 230.00 220.00 1
CELL 300.00 230.00 230.00 1
CELL 300.00 230.00 240.00 1
CELL 300.00 230.00 250.00 1
CELL 300.00 230.00 260.00 1
CELL 300.00 230.00 270.00 1
CELL 300.00 230.00 280.00 1
CELL 300.00 230.00 290.00 1
CELL 300.00 230.00 300.00 1
CELL 300.00 240.00 0.00 1
CELL 300.00 240.00 10.00 1
CELL 300.00 240.00 20.00 1
CELL 300.00 240.00 30.00 1
CELL 300.00 240.00 40.00 1
CELL 300.00 240.00 50.00 1
CELL 300.00 240.00 60.00 1
CELL 300.00 240.00 70.00 1
CELL 300.00 240.00 80.00 1
CELL 300.00 240.00 90.00 1
CELL 300.00 240.00 100.00 1
CELL 300.00 240.00 110.00 1
CELL 300.00 240.00 120.00 1
CELL 300.00 240.00 130.00 1
CELL 300.00 240.00 140.00 1
CELL 300.00 240.00 150.00 1
CELL 300.00 240.00 160.00 1
CELL 300.00 240.00 170.00 1
CELL 300.00 240.00 180.00 1
CELL 300.00 240.00 190.00 1
CELL 300.00 240.00 200.00 1
CELL 300.00 240.00 210.00 1
CELL 300.00 240.00 220.00 1
CELL 300.00 240.00 230.00 1
CELL 300.00 240.00 240.00 1
CELL 300.00 240.00 250.00 1
CELL 300.00 240.00 260.00 1
CELL 300.00 240.00 270.00 1
CELL 300.00 240.00 280.00 1
CELL 300.00 240.00 290.00 1
CELL 300.00 240.00 300.00 1
CELL 300.00 250.00 0.00 1
CELL 300.00 250.00 10.00 1
CELL 300.00 250.00 20.00 1
CELL 300.00 250.00 30.00 1
CELL 300.00 250.00 40.00 1
CELL 300.00 250.00 50.00 1
CELL 300.00 250.00 60.00 1
CELL 300.00 250.00 70.00 1
CELL 300.00 250.00 80.00 1
CELL 300.00 250.00 90.00 1
CELL 300.00 250.00 100.00 1
CELL 300.00 250.00 110.00 1
CELL 300.00 250.00 120.00 1
CELL 300.00 250.00 130.00 1
CELL 300.00 250.00 140.00 1
CELL 300.00 250.00 150.00 1
CELL 300.00 250.00 160.00 1
CELL 300.00 250.00 170.00 1
CELL 300.00 250.00 180.00 1
CELL 300.00 250.00 190.00 1
CELL 300.00 250.00 200.00 1
CELL 300.00 250.00 210.00 1
CELL 300.00 250.00 220.00 1
CELL 300.00 250.00 230.00 1
CELL 300.00 250.00 240.00 1
CELL 300.00 250.00 250.00 1
CELL 300.00 250.00 260.00 1
CELL 300.00 250.00 270.00 1
CELL 300.00 250.00 280.00 1
CELL 300.00 250.00 290.00 1
CELL 300.00 250.00 300.00 1
CELL 300.00 260.00 0.00 1
CELL 300.00 260.00 10.00 1
CELL 300.00 260.00 20.00 1
CELL 300.00 260.00 30.00 1
CELL 300.00 260.00 40.00 1
CELL 300.00 260.00 50.00 1
CELL 300.00 260.00 60.00 1
CELL 300.00 260.00 70.00 1
CELL 300.00 260.00 80.00 1
CELL 300.00 260.00 90.00 1
CELL 300.00 260.00 100.00 1
CELL 300.00 260.00 110.00 1
CELL 300.00 260.00 120.00 1
CELL 300.00 260.00 130.00 1
CELL 300.00 260.00 140.00 1
CELL 300.00 260.00 150.00 1
CELL 300.00 260.00 160.00 1
CELL 300.00 260.00 170.00 1
CELL 300.00 260.00 180.00 1
CELL 300.00 260.00 190.00 1
CELL 300.00 260.00 200.00 1
CELL 300.00 260.00 210.00 1
CELL 300.00 260.00 220.00 1
CELL 300.00 260.00 230.00 1
CELL 300.00 260.00 240.00 1
CELL 300.00 260.00 250.00 1
CELL 300.00 260.00 260.00 1
CELL 300.00 260.00 270.00 1
CELL 300.00 260.00 280.00 1
CELL 300.00 260.00 290.00 1
CELL 300.00 260.00 300.00 1
CELL 300.00 270.00 0.00 1
CELL 300.00 270.00 10.00 1
CELL 300.00 270.00 20.00 1
CELL 300.00 270.00 30.00 1
CELL 300.00 270.00 40.00 1
CELL 300.00 270.00 50.00 1
CELL 300.00 270.00 60.00 1
CELL 300.00 270.00 70.00 1
CELL 300.00 270.00 80.00 1
CELL 300.00 270.00 90.00 1
CELL 300.00 270.00 100.00 1
CELL 300.00 270.00 110.00 1
CELL 300.00 270.00 120.00 1
CELL 300.00 270.00 130.00 1
CELL 300.00 270.00 140.00 1
CELL 300.00 270.00 150.00 1
CELL 300.00 270.00 160.00 1
CELL 300.00 270.00 170.00 1
CELL 300.00 270.00 180.00 1
CELL 300.00 270.00 190.00 1
CELL 300.00 270.00 200.00 1
CELL 300.00 270.00 210.00 1
CELL 300.00 270.00 220.00 1
CELL 300.00 270.00 230.00 1
CELL 300.00 270.00 240.00 1
CELL 300.00 270.00 250.00 1
CELL 300.00 270.00 260.00 1
CELL 300.00 270.00 270.00 1
CELL 300.00 270.00 280.00 1
CELL 300.00 270.00 290.00 1
CELL 300.00 270.00 300.00 1
CELL 300.00 280.00 0.00 1
CELL 300.00 280.00 10.00 1
CELL 300.00 280.00 20.00 1
CELL 300.00 280.00 30.00 1
CELL 300.00 280.00 40.00 1
CELL 300.00 280.00 50.00 1
CELL 300.00 280.00 60.00 1
CELL 300.00 280.00 70.00 1
CELL 300.00 280.00 80.00 1
CELL 300.00 280.00 90.00 1
CELL 300.00 280.00 100.00 1
CELL 300.00 280.00 110.00 1
CELL 300.00 280.00 120.00 1
CELL 300.00 280.00 130.00 1
CELL 300.00 280.00 140.00 1
CELL 300.00 280.00 150.00 1
CELL 300.00 280.00 160.00 1
CELL 300.00 280.00 170.00 1
CELL 300.00 280.00 180.00 1
CELL 300.00 280.00 190.00 1
CELL 300.00 280.00 200.00 1
CELL 300.00 280.00 210.00 1
CELL 300.00 280.00 220.00 1
CELL 300.00 280.00 230.00 1
CELL 300.00 280.00 240.00 1
CELL 300.00 280.00 250.00 1
CELL 300.00 280.00 260.00 1
CELL 300.00 280.00 270.00 1
CELL 300.00 280.00 280.00 1
CELL 300.00 280.00 290.00 1
CELL 300.00 280.00 300.00 1
CELL 300.00 290.00 0.00 1
CELL 300.00 290.00 10.00 1
CELL 300.00 290.00 20.00 1
CELL 300.00 290.00 30.00 1
CELL 300.00 290.00 40.00 1
CELL 300.00 290.00 50.00 1
CELL 300.00 290.00 60.00 1
CELL 300.00 290.00 70.00 1
CELL 300.00 290.00 80.00 1
CELL 300.00 290.00 90.00 1
CELL 300.00 290.00 100.00 1
CELL 300.00 290.00 110.00 1
CELL 300.00 290.00 120.00 1
CELL 300.00 290.00 130.00 1
CELL 300.00 290.00 140.00 1
CELL 300.00 290.00 150.00 1
CELL 300.00 290.00 160.00 1
CELL 300.00 290.00 170.00 1
CELL 300.00 290.00 180.00 1
CELL 300.00 290.00 190.00 1
CELL 300.00 290.00 200.00 1
CELL 300.00 290.00 210.00 1
CELL 300.00 290.00 220.00 1
CELL 300.00 290.00 230.00 1
CELL 300.00 290.00 240.00 1
CELL 300.00 290.00 250.00 1
CELL 300.00 290.00 260.00 1
CELL 300.00 290.00 270.00 1
CELL 300.00 290.00 280.00 1
CELL 300.00 290.00 290.00 1
CELL 300.00 290.00 300.00 1
CELL 300.00 300.00 0.00 1
CELL 300.00 300.00 10.00 1
CELL 300.00 300.00 20.00 1
CELL 300.00 300.00 30.00 1
CELL 300.00 300.00 40.00 1
CELL 300.00 300.00 50.00 1
CELL 300.00 300.00 60.00 1
CELL 300.00 300.00 70.00 1
CELL 300.00 300.00 80.00 1
CELL 300.00 300.00 90.00 1
CELL 300.00 300.00 100.00 1
CELL 300.00 300.00 110.00 1
CELL 300.00 300.00 120.00 1
CELL 300.00 300.00 130.00 1
CELL 300.00 300.00 140.00 1
CELL 300.00 300.00 150.00 1
CELL 300.00 300.00 160.00 1
CELL 300.00 300.00 170.00 1
CELL 300.00 300.00 180.00 1
CELL 300.00 300.00 190.00 1
CELL 300.00 300.00 200.00 1
CELL 300.00 300.00 210.00 1
CELL 300.00 300.00 220.00 1
CELL 300.00 300.00 230.00 1
CELL 300.00 300.00 240.00 1
CELL 300.00 300.00 250.00 1
CELL 300.00 300.00 260.00 1
CELL 300.00 300.00 270.00 1
CELL 300.00 300.00 280.00 1
CELL 300.00 300.00 290.00 1
CELL 300.00 300.00 300.00 1
CELL 310.00 0.00 0.00 1
CELL 310.00 0.00 10.00 1
CELL 310.00 0.00 20.00 1
CELL 310.00 0.00 30.00 1
CELL 310.00 0.00 40.00 1
CELL 310.00 0.00 50.00 1
CELL 310.00 0.00 60.00 1
CELL 310.00 0.00 70.00 1
CELL 310.00 0.00 80.00 1
CELL 310.00 0.00 90.00 1
CELL 310.00 0.00 100.00 1
CELL 310.00 0.00 110.00 1
CELL 310.00 0.00 120.00 1
CELL 310.00 0.00 130.00 1
CELL 310.00 0.00 140.00 1
CELL 310.00 0.00 150.00 1
CELL 310.00 0.00 160.00 1
CELL 310.00 0.00 170.00 1
CELL 310.00 0.00 180.00 1
CELL 310.00 0.00 190.00 1
CELL 310.00 0.00 200.00 1
CELL 310.00 0.00 210.00 1
CELL 310.00 0.00 220.00 1
CELL 310.00 0.00 230.00 1
CELL 310.00 0.00 240.00 1
CELL 310.00 0.00 250.00 1
CELL 310.00 0.00 260.00 1
CELL 310.00 0.00 270.00 1
CELL 310.00 0.00 280.00 1
CELL 310.00 0.00 290.00 1
CELL 310.00 0.00 300.00 1
CELL 310.00 10.00 0.00 1
CELL 310.00 10.00 300.00 1
CELL 310.00 20.00 0.00 1
CELL 310.00 20.00 300.00 1
CELL 310.00 30.00 0.00 1
CELL 310.00 30.00 300.00 1
CELL 310.00 40.00 0.00 1
CELL 310.00 40.00 300.00 1
CELL 310.00 50.00 0.00 1
CELL 310.00 50.00 300.00 1
CELL 310.00 60.00 0.00 1
CELL 310.00 60.00 300.00 1
CELL 310.00 70.00 0.00 1
CELL 310.00 70.00 300.00 1
CELL 310.00 80.00 0.00 1
CELL 310.00 80.00 300.00 1
CELL 310.00 90.00 0.00 1
CELL 310.00 90.00 300.00 1
CELL 310.00 100.00 0.00 1
CELL 310.00 100.00 300.00 1
CELL 310.00 110.00 0.00 1
CELL 310.00 110.00 300.00 1
CELL 310.00 120.00 0.00 1
CELL 310.00 120.00 300.00 1
CELL 310.00 130.00 0.00 1
CELL 310.00 130.00 300.00 1
CELL 310.00 140.00 0.00 1
CELL 310.00 140.00 300.00 1
CELL 310.00 150.00 0.00 1
CELL 310.00 150.00 300.00 1
CELL 310.00 160.00 0.00 1
CELL 310.00 160.00 300.00 1
CELL 310.00 170.00 0.00 1
CELL 310.00 170.00 300.00 1
CELL 310.00 180.00 0.00 1
CELL 310.00 180.00 300.00 1
CELL 310.00 190.00 0.00 1
CELL 310.00 190.00 300.00 1
CELL 310.00 200.00 0.00 1
CELL 310.00 200.00 300.00 1
CELL 310.00 210.00 0.00 1
CELL 310.00 210.00 300.00 1
CELL 310.00 220.00 0.00 1
CELL 310.00 220.00 300.00 1
CELL 310.00 230.00 0.00 1
CELL 310.00 230.00 300.00 1
CELL 310.00 240.00 0.00 1
CELL 310.00 240.00 300.00 1
CELL 310.00 250.00 0.00 1
CELL 310.00 250.00 300.00 1
CELL 310.00 260.00 0.00 1
CELL 310.00 260.00 300.00 1
CELL 310.00 270.00 0.00 1
CELL 310.00 270.00 300.00 1
CELL 310.00 280.00 0.00 1
CELL 310.00 280.00 300.00 1
CELL 310.00 290.00 0.00 1
CELL 310.00 290.00 300.00 1
CELL 310.00 300.00 0.00 1
CELL 310.00 300.00 10.00 1
CELL 310.00 300.00 20.00 1
CELL 310.00 300.00 30.00 1
CELL 310.00 300.00 40.00 1
CELL 310.00 300.00 50.00 1
CELL 310.00 300.00 60.00 1
CELL 310.00 300.00 70.00 1
CELL 310.00 300.00 80.00 1
CELL 310.00 300.00 90.00 1
CELL 310.00 300.00 100.00 1
CELL 310.00 300.00 110.00 1
CELL 310.00 300.00 120.00 1
CELL 310.00 300.00 130.00 1
CELL 310.00 300.00 140.00 1
CELL 310.00 300.00 150.00 1
CELL 310.00 300.00 160.00 1
CELL 310.00 300.00 170.00 1
CELL 310.00 300.00 180.00 1
CELL 310.00 300.00 190.00 1
CELL 310.00 300.00 200.00 1
CELL 310.00 300.00 210.00 1
CELL 310.00 300.00 220.00 1
CELL 310.00 300.00 230.00 1
CELL 310.00 300.00 240.00 1
CELL 310.00 300.00 250.00 1
CELL 310.00 300.00 260.00 1
CELL 310.00 300.00 270.00 1
CELL 310.00 300.00 280.00 1
CELL 310.00 300.00 290.00 1
CELL 310.00 300.00 300.00 1
CELL 320.00 0.00 0.00 1
CELL 320.00 0.00 10.00 1
CELL 320.00 0.00 20.00 1
CELL 320.00 0.00 30.00 1
CELL 320.00 0.00 40.00 1
CELL 320.00 0.00 50.00 1
CELL 320.00 0.00 60.00 1
CELL 320.00 0.00 70.00 1
CELL 320.00 0.00 80.00 1
CELL 320.00 0.00 90.00 1
CELL 320.00 0.00 100.00 1
CELL 320.00 0.00 110.00 1
CELL 320.00 0.00 120.00 1
CELL 320.00 0.00 130.00 1
CELL 320.00 0.00 140.00 1
CELL 320.00 0.00 150.00 1
CELL 320.00 0.00 160.00 1
CELL 320.00 0.00 170.00 1
CELL 320.00 0.00 180.00 1
CELL 320.00 0.00 190.00 1
CELL 320.00 0.00 200.00 1
CELL 320.00 0.00 210.00 1
CELL 320.00 0.00 220.00 1
CELL 320.00 0.00 230.00 1
CELL 320.00 0.00 240.00 1
CELL 320.00 0.00 250.00 1
CELL 320.00 0.00 260.00 1
CELL 320.00 0.00 270.00 1
CELL 320.00 0.00 280.00 1
CELL 320.00 0.00 290.00 1
CELL 320.00 0.00 300.00 1
CELL 320.00 10.00 0.00 1
CELL 320.00 10.00 300.00 1
CELL 320.00 20.00 0.00 1
CELL 320.00 20.00 300.00 1
CELL 320.00 30.00 0.00 1
CELL 320.00 30.00 300.00 1
CELL 320.00 40.00 0.00 1
CELL 320.00 40.00 300.00 1
CELL 320.00 50.00 0.00 1
CELL 320.00 50.00 300.00 1
CELL 320.00 60.00 0.00 1
CELL 320.00 60.00 300.00 1
CELL 320.00 70.00 0.00 1
CELL 320.00 70.00 300.00 1
CELL 320.00 80.00 0.00 1
CELL 320.00 80.00 300.00 1
CELL 320.00 90.00 0.00 1
CELL 320.00 90.00 300.00 1
CELL 320.00 100.00 0.00 1
CELL 320.00 100.00 300.00 1
CELL 320.00 110.00 0.00 1
CELL 320.00 110.00 300.00 1
CELL 320.00 120.00 0.00 1
CELL 320.00 120.00 300.00 1
CELL 320.00 130.00 0.00 1
CELL 320.00 130.00 300.00 1
CELL 320.00 140.00 0.00 1
CELL 320.00 140.00 300.00 1
CELL 320.00 150.00 0.00 1
CELL 320.00 150.00 300.00 1
CELL 320.00 160.00 0.00 1
CELL 320.00 160.00 300.00 1
CELL 320.00 170.00 0.00 1
CELL 320.00 170.00 300.00 1
CELL 320.00 180.00 0.00 1
CELL 320.00 180.00 300.00 1
CELL 320.00 190.00 0.00 1
CELL 320.00 190.00 300.00 1
CELL 320.00 200.00 0.00 1
CELL 320.00 200.00 300.00 1
CELL 320.00 210.00 0.00 1
CELL 320.00 210.00 300.00 1
CELL 320.00 220.00 0.00 1
CELL 320.00 220.00 300.00 1
CELL 320.00 230.00 0.00 1
CELL 320.00 230.00 300.00 1
CELL 320.00 240.00 0.00 1
CELL 320.00 240.00 300.00 1
CELL 320.00 250.00 0.00 1
CELL 320.00 250.00 300.00 1
CELL 320.00 260.00 0.00 1
CELL 320.00 260.00 300.00 1
CELL 320.00 270.00 0.00 1
CELL 320.00 270.00 300.00 1
CELL 320.00 280.00 0.00 1
CELL 320.00 280.00 300.00 1
CELL 320.00 290.00 0.00 1
CELL 320.00 290.00 300.00 1
CELL 320.00 300.00 0.00 1
CELL 320.00 300.00 10.00 1
CELL 320.00 300.00 20.00 1
CELL 320.00 300.00 30.00 1
CELL 320.00 300.00 40.00 1
CELL 320.00 300.00 50.00 1
CELL 320.00 300.00 60.00 1
CELL 320.00 300.00 70.00 1
CELL 320.00 300.00 80.00 1
CELL 320.00 300.00 90.00 1
CELL 320.00 300.00 100.00 1
CELL 320.00 300.00 110.00 1
CELL 320.00 300.00 120.00 1
CELL 320.00 300.00 130.00 1
CELL 320.00 300.00 140.00 1
CELL 320.00 300.00 150.00 1
CELL 320.00 300.00 160.00 1
CELL 320.00 300.00 170.00 1
CELL 320.00 300.00 180.00 1
CELL 320.00 300.00 190.00 1
CELL 320.00 300.00 200.00 1
CELL 320.00 300.00 210.00 1
CELL 320.00 300.00 220.00 1
CELL 320.00 300.00 230.00 1
CELL 320.00 300.00 240.00 1
CELL 320.00 300.00 250.00 1
CELL 320.00 300.00 260.00 1
CELL 320.00 300.00 270.00 1
CELL 320.00 300.00 280.00 1
CELL 320.00 300.00 290.00 1
CELL 320.00 300.00 300.00 1
CELL 330.00 0.00 0.00 1
CELL 330.00 0.00 10.00 1
CELL 330.00 0.00 20.00 1
CELL 330.00 0.00 30.00 1
CELL 330.00 0.00 40.00 1
CELL 330.00 0.00 50.00 1
CELL 330.00 0.00 60.00 1
CELL 330.00 0.00 70.00 1
CELL 330.00 0.00 80.00 1
CELL 330.00 0.00 90.00 1
CELL 330.00 0.00 100.00 1
CELL 330.00 0.00 110.00 1
CELL 330.00 0.00 120.00 1
CELL 330.00 0.00 130.00 1
CELL 330.00 0.00 140.00 1
CELL 330.00 0.00 150.00 1
CELL 330.00 0.00 160.00 1
CELL 330.00 0.00 170.00 1
CELL 330.00 0.00 180.00 1
CELL 330.00 0.00 190.00 1
CELL 330.00 0.00 200.00 1
CELL 330.00 0.00 210.00 1
CELL 330.00 0.00 220.00 1
CELL 330.00 0.00 230.00 1
CELL 330.00 0.00 240.00 1
CELL 330.00 0.00 250.00 1
CELL 330.00 0.00 260.00 1
CELL 330.00 0.00 270.00 1
CELL 330.00 0.00 280.00 1
CELL 330.00 0.00 290.00 1
CELL 330.00 0.00 300.00 1
CELL 330.00 10.00 0.00 1
CELL 330.00 10.00 300.00 1
CELL 330.00 20.00 0.00 1
CELL 330.00 20.00 300.00 1
CELL 330.00 30.00 0.00 1
CELL 330.00 30.00 300.00 1
CELL 330.00 40.00 0.00 1
CELL 330.00 40.00 300.00 1
CELL 330.00 50.00 0.00 1
CELL 330.00 50.00 300.00 1
CELL 330.00 60.00 0.00 1
CELL 330.00 60.00 300.00 1
CELL 330.00 70.00 0.00 1
CELL 330.00 70.00 300.00 1
CELL 330.00 80.00 0.00 1
CELL 330.00 80.00 300.00 1
CELL 330.00 90.00 0.00 1
CELL 330.00 90.00 300.00 1
CELL 330.00 100.00 0.00 1
CELL 330.00 100.00 300.00 1
CELL 330.00 110.00 0.00 1
CELL 330.00 110.00 300.00 1
CELL 330.00 120.00 0.00 1
CELL 330.00 120.00 300.00 1
CELL 330.00 130.00 0.00 1
CELL 330.00 130.00 300.00 1
CELL 330.00 140.00 0.00 1
CELL 330.00 140.00 300.00 1
CELL 330.00 150.00 0.00 1
CELL 330.00 150.00 300.00 1
CELL 330.00 160.00 0.00 1
CELL 330.00 160.00 300.00 1
CELL 330.00 170.00 0.00 1
CELL 330.00 170.00 300.00 1
CELL 330.00 180.00 0.00 1
CELL 330.00 180.00 300.00 1
CELL 330.00 190.00 0.00 1
CELL 330.00 190.00 300.00 1
CELL 330.00 200.00 0.00 1
CELL 330.00 200.00 300.00 1
CELL 330.00 210.00 0.00 1
CELL 330.00 210.00 300.00 1
CELL 330.00 220.00 0.00 1
CELL 330.00 220.00 300.00 1
CELL 330.00 230.00 0.00 1
CELL 330.00 230.00 300.00 1
CELL 330.00 240.00 0.00 1
CELL 330.00 240.00 300.00 1
CELL 330.00 250.00 0.00 1
CELL 330.00 250.00 300.00 1
CELL 330.00 260.00 0.00 1
CELL 330.00 260.00 300.00 1
CELL 330.00 270.00 0.00 1
CELL 330.00 270.00 300.00 1
CELL 330.00 280.00 0.00 1
CELL 330.00 280.00 300.00 1
CELL 330.00 290.00 0.00 1
CELL 330.00 290.00 300.00 1
CELL 330.00 300.00 0.00 1
CELL 330.00 300.00 10.00 1
CELL 330.00 300.00 20.00 1
CELL 330.00 300.00 30.00 1
CELL 330.00 300.00 40.00 1
CELL 330.00 300.00 50.00 1
CELL 330.00 300.00 60.00 1
CELL 330.00 300.00 70.00 1
CELL 330.00 300.00 80.00 1
CELL 330.00 300.00 90.00 1
CELL 330.00 300.00 100.00 1
CELL 330.00 300.00 110.00 1
CELL 330.00 300.00 120.00 1
CELL 330.00 300.00 130.00 1
CELL 330.00 300.00 140.00 1
CELL 330.00 300.00 150.00 1
CELL 330.00 300.00 160.00 1
CELL 330.00 300.00 170.00 1
CELL 330.00 300.00 180.00 1
CELL 330.00 300.00 190.00 1
CELL 330.00 300.00 200.00 1
CELL 330.00 300.00 210.00 1
CELL 330.00 300.00 220.00 1
CELL 330.00 300.00 230.00 1
CELL 330.00 300.00 240.00 1
CELL 330.00 300.00 250.00 1
CELL 330.00 300.00 260.00 1
CELL 330.00 300.00 270.00 1
CELL 330.00 300.00 280.00 1
CELL 330.00 300.00 290.00 1
CELL 330.00 300.00 300.00 1
CELL 340.00 0.00 0.00 1
CELL 340.00 0.00 10.00 1
CELL 340.00 0.00 20.00 1
CELL 340.00 0.00 30.00 1
CELL 340.00 0.00 40.00 1
CELL 340.00 0.00 50.00 1
CELL 340.00 0.00 60.00 1
CELL 340.00 0.00 70.00 1
CELL 340.00 0.00 80.00 1
CELL 340.00 0.00 90.00 1
CELL 340.00 0.00 100.00 1
CELL 340.00 0.00 110.00 1
CELL 340.00 0.00 120.00 1
CELL 340.00 0.00 130.00 1
CELL 340.00 0.00 140.00 1
CELL 340.00 0.00 150.00 1
CELL 340.00 0.00 160.00 1
CELL 340.00 0.00 170.00 1
CELL 340.00 0.00 180.00 1
CELL 340.00 0.00 190.00 1
CELL 340.00 0.00 200.00 1
CELL 340.00 0.00 210.00 1
CELL 340.00 0.00 220.00 1
CELL 340.00 0.00 230.00 1
CELL 340.00 0.00 240.00 1
CELL 340.00 0.00 250.00 1
CELL 340.00 0.00 260.00 1
CELL 340.00 0.00 270.00 1
CELL 340.00 0.00 280.00 1
CELL 340.00 0.00 290.00 1
CELL 340.00 0.00 300.00 1
CELL 340.00 10.00 0.00 1
CELL 340.00 10.00 300.00 1
CELL 340.00 20.00 0.00 1
CELL 340.00 20.00 300.00 1
CELL 340.00 30.00 0.00 1
CELL 340.00 30.00 300.00 1
CELL 340.00 40.00 0.00 1
CELL 340.00 40.00 300.00 1
CELL 340.00 50.00 0.00 1
CELL 340.00 50.00 300.00 1
CELL 340.00 60.00 0.00 1
CELL 340.00 60.00 300.00 1
CELL 340.00 70.00 0.00 1
CELL 340.00 70.00 300.00 1
CELL 340.00 80.00 0.00 1
CELL 340.00 80.00 300.00 1
CELL 340.00 90.00 0.00 1
CELL 340.00 90.00 300.00 1
CELL 340.00 100.00 0.00 1
CELL 340.00 100.00 300.00 1
CELL 340.00 110.00 0.00 1
CELL 340.00 110.00 300.00 1
CELL 340.00 120.00 0.00 1
CELL 340.00 120.00 300.00 1
CELL 340.00 130.00 0.00 1
CELL 340.00 130.00 300.00 1
CELL 340.00 140.00 0.00 1
CELL 340.00 140.00 300.00 1
CELL 340.00 150.00 0.00 1
CELL 340.00 150.00 300.00 1
CELL 340.00 160.00 0.00 1
CELL 340.00 160.00 300.00 1
CELL 340.00 170.00 0.00 1
CELL 340.00 170.00 300.00 1
CELL 340.00 180.00 0.00 1
CELL 340.00 180.00 300.00 1
CELL 340.00 190.00 0.00 1
CELL 340.00 190.00 300.00 1
CELL 340.00 200.00 0.00 1
CELL 340.00 200.00 300.00 1
CELL 340.00 210.00 0.00 1
CELL 340.00 210.00 300.00 1
CELL 340.00 220.00 0.00 1
CELL 340.00 220.00 300.00 1
CELL 340.00 230.00 0.00 1
CELL 340.00 230.00 300.00 1
CELL 340.00 240.00 0.00 1
CELL 340.00 240.00 300.00 1
CELL 340.00 250.00 0.00 1
CELL 340.00 250.00 300.00 1
CELL 340.00 260.00 0.00 1
CELL 340.00 260.00 300.00 1
CELL 340.00 270.00 0.00 1
CELL 340.00 270.00 300.00 1
CELL 340.00 280.00 0.00 1
CELL 340.00 280.00 300.00 1
CELL 340.00 290.00 0.00 1
CELL 340.00 290.00 300.00 1
CELL 340.00 300.00 0.00 1
CELL 340.00 300.00 10.00 1
CELL 340.00 300.00 20.00 1
CELL 340.00 300.00 30.00 1
CELL 340.00 300.00 40.00 1
CELL 340.00 300.00 50.00 1
CELL 340.00 300.00 60.00 1
CELL 340.00 300.00 70.00 1
CELL 340.00 300.00 80.00 1
CELL 340.00 300.00 90.00 1
CELL 340.00 300.00 100.00 1
CELL 340.00 300.00 110.00 1
CELL 340.00 300.00 120.00 1
CELL 340.00 300.00 130.00 1
CELL 340.00 300.00 140.00 1
CELL 340.00 300.00 150.00 1
CELL 340.00 300.00 160.00 1
CELL 340.00 300.00 170.00 1
CELL 340.00 300.00 180.00 1
CELL 340.00 300.00 190.00 1
CELL 340.00 300.00 200.00 1
CELL 340.00 300.00 210.00 1
CELL 340.00 300.00 220.00 1
CELL 340.00 300.00 230.00 1
CELL 340.00 300.00 240.00 1
CELL 340.00 300.00 250.00 1
CELL 340.00 300.00 260.00 1
CELL 340.00 300.00 270.00 1
CELL 340.00 300.00 280.00 1
CELL 340.00 300.00 290.00 1
CELL 340.00 300.00 300.00 1
CELL 350.00 0.00 0.00 1
CELL 350.00 0.00 10.00 1
CELL 350.00 0.00 20.00 1
CELL 350.00 0.00 30.00 1
CELL 350.00 0.00 40.00 1
CELL 350.00 0.00 50.00 1
CELL 350.00 0.00 60.00 1
CELL 350.00 0.00 70.00 1
CELL 350.00 0.00 80.00 1
CELL 350.00 0.00 90.00 1
CELL 350.00 0.00 100.00 1
CELL 350.00 0.00 110.00 1
CELL 350.00 0.00 120.00 1
CELL 350.00 0.00 130.00 1
CELL 350.00 0.00 140.00 1
CELL 350.00 0.00 150.00 1
CELL 350.00 0.00 160.00 1
CELL 350.00 0.00 170.00 1
CELL 350.00 0.00 180.00 1
CELL 350.00 0.00 190.00 1
CELL 350.00 0.00 200.00 1
CELL 350.00 0.00 210.00 1
CELL 350.00 0.00 220.00 1
CELL 350.00 0.00 230.00 1
CELL 350.00 0.00 240.00 1
CELL 350.00 0.00 250.00 1
CELL 350.00 0.00 260.00 1
CELL 350.00 0.00 270.00 1
CELL 350.00 0.00 280.00 1
CELL 350.00 0.00 290.00 1
CELL 350.00 0.00 300.00 1
CELL 350.00 10.00 0.00 1
CELL 350.00 10.00 300.00 1
CELL 350.00 20.00 0.00 1
CELL 350.00 20.00 300.00 1
CELL 350.00 30.00 0.00 1
CELL 350.00 30.00 300.00 1
CELL 350.00 40.00 0.00 1
CELL 350.00 40.00 300.00 1
CELL 350.00 50.00 0.00 1
CELL 350.00 50.00 300.00 1
CELL 350.00 60.00 0.00 1
CELL 350.00 60.00 300.00 1
CELL 350.00 70.00 0.00 1
CELL 350.00 70.00 300.00 1
CELL 350.00 80.00 0.00 1
CELL 350.00 80.00 300.00 1
CELL 350.00 90.00 0.00 1
CELL 350.00 90.00 300.00 1
CELL 350.00 100.00 0.00 1
CELL 350.00 100.00 300.00 1
CELL 350.00 110.00 0.00 1
CELL 350.00 110.00 300.00 1
CELL 350.00 120.00 0.00 1
CELL 350.00 120.00 300.00 1
CELL 350.00 130.00 0.00 1
CELL 350.00 130.00 300.00 1
CELL 350.00 140.00 0.00 1
CELL 350.00 140.00 300.00 1
CELL 350.00 150.00 0.00 1
CELL 350.00 150.00 300.00 1
CELL 350.00 160.00 0.00 1
CELL 350.00 160.00 300.00 1
CELL 350.00 170.00 0.00 1
CELL 350.00 170.00 300.00 1
CELL 350.00 180.00 0.00 1
CELL 350.00 180.00 300.00 1
CELL 350.00 190.00 0.00 1
CELL 350.00 190.00 300.00 1
CELL 350.00 200.00 0.00 1
CELL 350.00 200.00 300.00 1
CELL 350.00 210.00 0.00 1
CELL 350.00 210.00 300.00 1
CELL 350.00 220.00 0.00 1
CELL 350.00 220.00 300.00 1
CELL 350.00 230.00 0.00 1
CELL 350.00 230.00 300.00 1
CELL 350.00 240.00 0.00 1
CELL 350.00 240.00 300.00 1
CELL 350.00 250.00 0.00 1
CELL 350.00 250.00 300.00 1
CELL 350.00 260.00 0.00 1
CELL 350.00 260.00 300.00 1
CELL 350.00 270.00 0.00 1
CELL 350.00 270.00 300.00 1
CELL 350.00 280.00 0.00 1
CELL 350.00 280.00 300.00 1
CELL 350.00 290.00 0.00 1
CELL 350.00 290.00 300.00 1
CELL 350.00 300.00 0.00 1
CELL 350.00 300.00 10.00 1
CELL 350.00 300.00 20.00 1
CELL 350.00 300.00 30.00 1
CELL 350.00 300.00 40.00 1
CELL 350.00 300.00 50.00 1
CELL 350.00 300.00 60.00 1
CELL 350.00 300.00 70.00 1
CELL 350.00 300.00 80.00 1
CELL 350.00 300.00 90.00 1
CELL 350.00 300.00 100.00 1
CELL 350.00 300.00 110.00 1
CELL 350.00 300.00 120.00 1
CELL 350.00 300.00 130.00 1
CELL 350.00 300.00 140.00 1
CELL 350.00 300.00 150.00 1
CELL 350.00 300.00 160.00 1
CELL 350.00 300.00 170.00 1
CELL 350.00 300.00 180.00 1
CELL 350.00 300.00 190.00 1
CELL 350.00 300.00 200.00 1
CELL 350.00 300.00 210.00 1
CELL 350.00 300.00 220.00 1
CELL 350.00 300.00 230.00 1
CELL 350.00 300.00 240.00 1
CELL 350.00 300.00 250.00 1
CELL 350.00 300.00 260.00 1
CELL 350.00 300.00 270.00 1
CELL 350.00 300.00 280.00 1
CELL 350.00 300.00 290.00 1
CELL 350.00 300.00 300.00 1
CELL 360.00 0.00 0.00 1
CELL 360.00 0.00 10.00 1
CELL 360.00 0.00 20.00 1
CELL 360.00 0.00 30.00 1
CELL 360.00 0.00 40.00 1
CELL 360.00 0.00 50.00 1
CELL 360.00 0.00 60.00 1
CELL 360.00 0.00 70.00 1
CELL 360.00 0.00 80.00 1
CELL 360.00 0.00 90.00 1
CELL 360.00 0.00 100.00 1
CELL 360.00 0.00 110.00 1
CELL 360.00 0.00 120.00 1
CELL 360.00 0.00 130.00 1
CELL 360.00 0.00 140.00 1
CELL 360.00 0.00 150.00 1
CELL 360.00 0.00 160.00 1
CELL 360.00 0.00 170.00 1
CELL 360.00 0.00 180.00 1
CELL 360.00 0.00 190.00 1
CELL 360.00 0.00 200.00 1
CELL 360.00 0.00 210.00 1
CELL 360.00 0.00 220.00 1
CELL 360.00 0.00 230.00 1
CELL 360.00 0.00 240.00 1
CELL 360.00 0.00 250.00 1
CELL 360.00 0.00 260.00 1
CELL 360.00 0.00 270.00 1
CELL 360.00 0.00 280.00 1
CELL 360.00 0.00 290.00 1
CELL 360.00 0.00 300.00 1
CELL 360.00 10.00 0.00 1
CELL 360.00 10.00 300.00 1
CELL 360.00 20.00 0.00 1
CELL 360.00 20.00 300.00 1
CELL 360.00 30.00 0.00 1
CELL 360.00 30.00 300.00 1
CELL 360.00 40.00 0.00 1
CELL 360.00 40.00 300.00 1
CELL 360.00 50.00 0.00 1
CELL 360.00 50.00 300.00 1
CELL 360.00 60.00 0.00 1
CELL 360.00 60.00 300.00 1
CELL 360.00 70.00 0.00 1
CELL 360.00 70.00 300.00 1
CELL 360.00 80.00 0.00 1
CELL 360.00 80.00 300.00 1
CELL 360.00 90.00 0.00 1
CELL 360.00 90.00 300.00 1
CELL 360.00 100.00 0.00 1
CELL 360.00 100.00 300.00 1
CELL 360.00 110.00 0.00 1
CELL 360.00 110.00 300.00 1
CELL 360.00 120.00 0.00 1
CELL 360.00 120.00 300.00 1
CELL 360.00 130.00 0.00 1
CELL 360.00 130.00 300.00 1
CELL 360.00 140.00 0.00 1
CELL 360.00 140.00 300.00 1
CELL 360.00 150.00 0.00 1
CELL 360.00 150.00 300.00 1
CELL 360.00 160.00 0.00 1
CELL 360.00 160.00 300.00 1
CELL 360.00 170.00 0.00 1
CELL 360.00 170.00 300.00 1
CELL 360.00 180.00 0.00 1
CELL 360.00 180.00 300.00 1
CELL 360.00 190.00 0.00 1
CELL 360.00 190.00 300.00 1
CELL 360.00 200.00 0.00 1
CELL 360.00 200.00 300.00 1
CELL 360.00 210.00 0.00 1
CELL 360.00 210.00 300.00 1
CELL 360.00 220.00 0.00 1
CELL 360.00 220.00 300.00 1
CELL 360.00 230.00 0.00 1
CELL 360.00 230.00 300.00 1
CELL 360.00 240.00 0.00 1
CELL 360.00 240.00 300.00 1
CELL 360.00 250.00 0.00 1
CELL 360.00 250.00 300.00 1
CELL 360.00 260.00 0.00 1
CELL 360.00 260.00 300.00 1
CELL 360.00 270.00 0.00 1
CELL 360.00 270.00 300.00 1
CELL 360.00 280.00 0.00 1
CELL 360.00 280.00 300.00 1
CELL 360.00 290.00 0.00 1
CELL 360.00 290.00 300.00 1
CELL 360.00 300.00 0.00 1
CELL 360.00 300.00 10.00 1
CELL 360.00 300.00 20.00 1
CELL 360.00 300.00 30.00 1
CELL 360.00 300.00 40.00 1
CELL 360.00 300.00 50.00 1
CELL 360.00 300.00 60.00 1
CELL 360.00 300.00 70.00 1
CELL 360.00 300.00 80.00 1
CELL 360.00 300.00 90.00 1
CELL 360.00 300.00 100.00 1
CELL 360.00 300.00 110.00 1
CELL 360.00 300.00 120.00 1
CELL 360.00 300.00 130.00 1
CELL 360.00 300.00 140.00 1
CELL 360.00 300.00 150.00 1
CELL 360.00 300.00 160.00 1
CELL 360.00 300.00 170.00 1
CELL 360.00 300.00 180.00 1
CELL 360.00 300.00 190.00 1
CELL 360.00 300.00 200.00 1
CELL 360.00 300.00 210.00 1
CELL 360.00 300.00 220.00 1
CELL 360.00 300.00 230.00 1
CELL 360.00 300.00 240.00 1
CELL 360.00 300.00 250.00 1
CELL 360.00 300.00 260.00 1
CELL 360.00 300.00 270.00 1
CELL 360.00 300.00 280.00 1
CELL 360.00 300.00 290.00 1
CELL 360.00 300.00 300.00 1
CELL 370.00 0.00 0.00 1
CELL 370.00 0.00 10.00 1
CELL 370.00 0.00 20.00 1
CELL 370.00 0.00 30.00 1
CELL 370.00 0.00 40.00 1
CELL 370.00 0.00 50.00 1
CELL 370.00 0.00 60.00 1
CELL 370.00 0.00 70.00 1
CELL 370.00 0.00 80.00 1
CELL 370.00 0.00 90.00 1
CELL 370.00 0.00 100.00 1
CELL 370.00 0.00 110.00 1
CELL 370.00 0.00 120.00 1
CELL 370.00 0.00 130.00 1
CELL 370.00 0.00 140.00 1
CELL 370.00 0.00 150.00 1
CELL 370.00 0.00 160.00 1
CELL 370.00 0.00 170.00 1
CELL 370.00 0.00 180.00 1
CELL 370.00 0.00 190.00 1
CELL 370.00 0.00 200.00 1
CELL 370.00 0.00 210.00 1
CELL 370.00 0.00 220.00 1
CELL 370.00 0.00 230.00 1
CELL 370.00 0.00 240.00 1
CELL 370.00 0.00 250.00 1
CELL 370.00 0.00 260.00 1
CELL 370.00 0.00 270.00 1
CELL 370.00 0.00 280.00 1
CELL 370.00 0.00 290.00 1
CELL 370.00 0.00 300.00 1
CELL 370.00 10.00 0.00 1
CELL 370.00 10.00 300.00 1
CELL 370.00 20.00 0.00 1
CELL 370.00 20.00 300.00 1
CELL 370.00 30.00 0.00 1
CELL 370.00 30.00 300.00 1
CELL 370.00 40.00 0.00 1
CELL 370.00 40.00 300.00 1
CELL 370.00 50.00 0.00 1
CELL 370.00 50.00 300.00 1
CELL 370.00 60.00 0.00 1
CELL 370.00 60.00 300.00 1
CELL 370.00 70.00 0.00 1
CELL 370.00 70.00 300.00 1
CELL 370.00 80.00 0.00 1
CELL 370.00 80.00 300.00 1
CELL 370.00 90.00 0.00 1
CELL 370.00 90.00 300.00 1
CELL 370.00 100.00 0.00 1
CELL 370.00 100.00 300.00 1
CELL 370.00 110.00 0.00 1
CELL 370.00 110.00 300.00 1
CELL 370.00 120.00 0.00 1
CELL 370.00 120.00 300.00 1
CELL 370.00 130.00 0.00 1
CELL 370.00 130.00 300.00 1
CELL 370.00 140.00 0.00 1
CELL 370.00 140.00 300.00 1
CELL 370.00 150.00 0.00 1
CELL 370.00 150.00 300.00 1
CELL 370.00 160.00 0.00 1
CELL 370.00 160.00 300.00 1
CELL 370.00 170.00 0.00 1
CELL 370.00 170.00 300.00 1
CELL 370.00 180.00 0.00 1
CELL 370.00 180.00 300.00 1
CELL 370.00 190.00 0.00 1
CELL 370.00 190.00 300.00 1
CELL 370.00 200.00 0.00 1
CELL 370.00 200.00 300.00 1
CELL 370.00 210.00 0.00 1
CELL 370.00 210.00 300.00 1
CELL 370.00 220.00 0.00 1
CELL 370.00 220.00 300.00 1
CELL 370.00 230.00 0.00 1
CELL 370.00 230.00 300.00 1
CELL 370.00 240.00 0.00 1
CELL 370.00 240.00 300.00 1
CELL 370.00 250.00 0.00 1
CELL 370.00 250.00 300.00 1
CELL 370.00 260.00 0.00 1
CELL 370.00 260.00 300.00 1
CELL 370.00 270.00 0.00 1
CELL 370.00 270.00 300.00 1
CELL 370.00 280.00 0.00 1
CELL 370.00 280.00 300.00 1
CELL 370.00 290.00 0.00 1
CELL 370.00 290.00 300.00 1
CELL 370.00 300.00 0.00 1
CELL 370.00 300.00 10.00 1
CELL 370.00 300.00 20.00 1
CELL 370.00 300.00 30.00 1
CELL 370.00 300.00 40.00 1
CELL 370.00 300.00 50.00 1
CELL 370.00 300.00 60.00 1
CELL 370.00 300.00 70.00 1
CELL 370.00 300.00 80.00 1
CELL 370.00 300.00 90.00 1
CELL 370.00 300.00 100.00 1
CELL 370.00 300.00 110.00 1
CELL 370.00 300.00 120.00 1
CELL 370.00 300.00 130.00 1
CELL 370.00 300.00 140.00 1
CELL 370.00 300.00 150.00 1
CELL 370.00 300.00 160.00 1
CELL 370.00 300.00 170.00 1
CELL 370.00 300.00 180.00 1
CELL 370.00 300.00 190.00 1
CELL 370.00 300.00 200.00 1
CELL 370.00 300.00 210.00 1
CELL 370.00 300.00 220.00 1
CELL 370.00 300.00 230.00 1
CELL 370.00 300.00 240.00 1
CELL 370.00 300.00 250.00 1
CELL 370.00 300.00 260.00 1
CELL 370.00 300.00 270.00 1
CELL 370.00 300.00 280.00 1
CELL 370.00 300.00 290.00 1
CELL 370.00 300.00 300.00 1
CELL 380.00 0.00 0.00 1
CELL 380.00 0.00 10.00 1
CELL 380.00 0.00 20.00 1
CELL 380.00 0.00 30.00 1
CELL 380.00 0.00 40.00 1
CELL 380.00 0.00 50.00 1
CELL 380.00 0.00 60.00 1
CELL 380.00 0.00 70.00 1
CELL 380.00 0.00 80.00 1
CELL 380.00 0.00 90.00 1
CELL 380.00 0.00 100.00 1
CELL 380.00 0.00 110.00 1
CELL 380.00 0.00 120.00 1
CELL 380.00 0.00 130.00 1
CELL 380.00 0.00 140.00 1
CELL 380.00 0.00 150.00 1
CELL 380.00 0.00 160.00 1
CELL 380.00 0.00 170.00 1
CELL 380.00 0.00 180.00 1
CELL 380.00 0.00 190.00 1
CELL 380.00 0.00 200.00 1
CELL 380.00 0.00 210.00 1
CELL 380.00 0.00 220.00 1
CELL 380.00 0.00 230.00 1
CELL 380.00 0.00 240.00 1
CELL 380.00 0.00 250.00 1
CELL 380.00 0.00 260.00 1
CELL 380.00 0.00 270.00 1
CELL 380.00 0.00 280.00 1
CELL 380.00 0.00 290.00 1
CELL 380.00 0.00 300.00 1
CELL 380.00 10.00 0.00 1
CELL 380.00 10.00 300.00 1
CELL 380.00 20.00 0.00 1
CELL 380.00 20.00 300.00 1
CELL 380.00 30.00 0.00 1
CELL 380.00 30.00 300.00 1
CELL 380.00 40.00 0.00 1
CELL 380.00 40.00 300.00 1
CELL 380.00 50.00 0.00 1
CELL 380.00 50.00 300.00 1
CELL 380.00 60.00 0.00 1
CELL 380.00 60.00 300.00 1
CELL 380.00 70.00 0.00 1
CELL 380.00 70.00 300.00 1
CELL 380.00 80.00 0.00 1
CELL 380.00 80.00 300.00 1
CELL 380.00 90.00 0.00 1
CELL 380.00 90.00 300.00 1
CELL 380.00 100.00 0.00 1
CELL 380.00 100.00 300.00 1
CELL 380.00 110.00 0.00 1
CELL 380.00 110.00 300.00 1
CELL 380.00 120.00 0.00 1
CELL 380.00 120.00 300.00 1
CELL 380.00 130.00 0.00 1
CELL 380.00 130.00 300.00 1
CELL 380.00 140.00 0.00 1
CELL 380.00 140.00 300.00 1
CELL 380.00 150.00 0.00 1
CELL 380.00 150.00 300.00 1
CELL 380.00 160.00 0.00 1
CELL 380.00 160.00 300.00 1
CELL 380.00 170.00 0.00 1
CELL 380.00 170.00 300.00 1
CELL 380.00 180.00 0.00 1
CELL 380.00 180.00 300.00 1
CELL 380.00 190.00 0.00 1
CELL 380.00 190.00 300.00 1
CELL 380.00 200.00 0.00 1
CELL 380.00 200.00 300.00 1
CELL 380.00 210.00 0.00 1
CELL 380.00 210.00 300.00 1
CELL 380.00 220.00 0.00 1
CELL 380.00 220.00 300.00 1
CELL 380.00 230.00 0.00 1
CELL 380.00 230.00 300.00 1
CELL 380.00 240.00 0.00 1
CELL 380.00 240.00 300.00 1
CELL 380.00 250.00 0.00 1
CELL 380.00 250.00 300.00 1
CELL 380.00 260.00 0.00 1
CELL 380.00 260.00 300.00 1
CELL 380.00 270.00 0.00 1
CELL 380.00 270.00 300.00 1
CELL 380.00 280.00 0.00 1
CELL 380.00 280.00 300.00 1
CELL 380.00 290.00 0.00 1
CELL 380.00 290.00 300.00 1
CELL 380.00 300.00 0.00 1
CELL 380.00 300.00 10.00 1
CELL 380.00 300.00 20.00 1
CELL 380.00 300.00 30.00 1
CELL 380.00 300.00 40.00 1
CELL 380.00 300.00 50.00 1
CELL 380.00 300.00 60.00 1
CELL 380.00 300.00 70.00 1
CELL 380.00 300.00 80.00 1
CELL 380.00 300.00 90.00 1
CELL 380.00 300.00 100.00 1
CELL 380.00 300.00 110.00 1
CELL 380.00 300.00 120.00 1
CELL 380.00 300.00 130.00 1
CELL 380.00 300.00 140.00 1
CELL 380.00 300.00 150.00 1
CELL 380.00 300.00 160.00 1
CELL 380.00 300.00 170.00 1
CELL 380.00 300.00 180.00 1
CELL 380.00 300.00 190.00 1
CELL 380.00 300.00 200.00 1
CELL 380.00 300.00 210.00 1
CELL 380.00 300.00 220.00 1
CELL 380.00 300.00 230.00 1
CELL 380.00 300.00 240.00 1
CELL 380.00 300.00 250.00 1
CELL 380.00 300.00 260.00 1
CELL 380.00 300.00 270.00 1
CELL 380.00 300.00 280.00 1
CELL 380.00 300.00 290.00 1
CELL 380.00 300.00 300.00 1
CELL 390.00 0.00 0.00 1
CELL 390.00 0.00 10.00 1
CELL 390.00 0.00 20.00 1
CELL 390.00 0.00 30.00 1
CELL 390.00 0.00 40.00 1
CELL 390.00 0.00 50.00 1
CELL 390.00 0.00 60.00 1
CELL 390.00 0.00 70.00 1
CELL 390.00 0.00 80.00 1
CELL 390.00 0.00 90.00 1
CELL 390.00 0.00 100.00 1
CELL 390.00 0.00 110.00 1
CELL 390.00 0.00 120.00 1
CELL 390.00 0.00 130.00 1
CELL 390.00 0.00 140.00 1
CELL 390.00 0.00 150.00 1
CELL 390.00 0.00 160.00 1
CELL 390.00 0.00 170.00 1
CELL 390.00 0.00 180.00 1
CELL 390.00 0.00 190.00 1
CELL 390.00 0.00 200.00 1
CELL 390.00 0.00 210.00 1
CELL 390.00 0.00 220.00 1
CELL 390.00 0.00 230.00 1
CELL 390.00 0.00 240.00 1
CELL 390.00 0.00 250.00 1
CELL 390.00 0.00 260.00 1
CELL 390.00 0.00 270.00 1
CELL 390.00 0.00 280.00 1
CELL 390.00 0.00 290.00 1
CELL 390.00 0.00 300.00 1
CELL 390.00 10.00 0.00 1
CELL 390.00 10.00 300.00 1
CELL 390.00 20.00 0.00 1
CELL 390.00 20.00 300.00 1
CELL 390.00 30.00 0.00 1
CELL 390.00 30.00 300.00 1
CELL 390.00 40.00 0.00 1
CELL 390.00 40.00 300.00 1
CELL 390.00 50.00 0.00 1
CELL 390.00 50.00 300.00 1
CELL 390.00 60.00 0.00 1
CELL 390.00 60.00 300.00 1
CELL 390.00 70.00 0.00 1
CELL 390.00 70.00 300.00 1
CELL 390.00 80.00 0.00 1
CELL 390.00 80.00 300.00 1
CELL 390.00 90.00 0.00 1
CELL 390.00 90.00 300.00 1
CELL 390.00 100.00 0.00 1
CELL 390.00 100.00 300.00 1
CELL 390.00 110.00 0.00 1
CELL 390.00 110.00 300.00 1
CELL 390.00 120.00 0.00 1
CELL 390.00 120.00 300.00 1
CELL 390.00 130.00 0.00 1
CELL 390.00 130.00 300.00 1
CELL 390.00 140.00 0.00 1
CELL 390.00 140.00 300.00 1
CELL 390.00 150.00 0.00 1
CELL 390.00 150.00 300.00 1
CELL 390.00 160.00 0.00 1
CELL 390.00 160.00 300.00 1
CELL 390.00 170.00 0.00 1
CELL 390.00 170.00 300.00 1
CELL 390.00 180.00 0.00 1
CELL 390.00 180.00 300.00 1
CELL 390.00 190.00 0.00 1
CELL 390.00 190.00 300.00 1
CELL 390.00 200.00 0.00 1
CELL 390.00 200.00 300.00 1
CELL 390.00 210.00 0.00 1
CELL 390.00 210.00 300.00 1
CELL 390.00 220.00 0.00 1
CELL 390.00 220.00 300.00 1
CELL 390.00 230.00 0.00 1
CELL 390.00 230.00 300.00 1
CELL 390.00 240.00 0.00 1
CELL 390.00 240.00 300.00 1
CELL 390.00 250.00 0.00 1
CELL 390.00 250.00 300.00 1
CELL 390.00 260.00 0.00 1
CELL 390.00 260.00 300.00 1
CELL 390.00 270.00 0.00 1
CELL 390.00 270.00 300.00 1
CELL 390.00 280.00 0.00 1
CELL 390.00 280.00 300.00 1
CELL 390.00 290.00 0.00 1
CELL 390.00 290.00 300.00 1
CELL 390.00 300.00 0.00 1
CELL 390.00 300.00 10.00 1
CELL 390.00 300.00 20.00 1
CELL 390.00 300.00 30.00 1
CELL 390.00 300.00 40.00 1
CELL 390.00 300.00 50.00 1
CELL 390.00 300.00 60.00 1
CELL 390.00 300.00 70.00 1
CELL 390.00 300.00 80.00 1
CELL 390.00 300.00 90.00 1
CELL 390.00 300.00 100.00 1
CELL 390.00 300.00 110.00 1
CELL 390.00 300.00 120.00 1
CELL 390.00 300.00 130.00 1
CELL 390.00 300.00 140.00 1
CELL 390.00 300.00 150.00 1
CELL 390.00 300.00 160.00 1
CELL 390.00 300.00 170.00 1
CELL 390.00 300.00 180.00 1
CELL 390.00 300.00 190.00 1
CELL 390.00 300.00 200.00 1
CELL 390.00 300.00 210.00 1
CELL 390.00 300.00 220.00 1
CELL 390.00 300.00 230.00 1
CELL 390.00 300.00 240.00 1
CELL 390.00 300.00 250.00 1
CELL 390.00 300.00 260.00 1
CELL 390.00 300.00 270.00 1
CELL 390.00 300.00 280.00 1
CELL 390.00 300.00 290.00 1
CELL 390.00 300.00 300.00 1
CELL 400.00 0.00 0.00 1
CELL 400.00 0.00 10.00 1
CELL 400.00 0.00 20.00 1
CELL 400.00 0.00 30.00 1
CELL 400.00 0.00 40.00 1
CELL 400.00 0.00 50.00 1
CELL 400.00 0.00 60.00 1
CELL 400.00 0.00 70.00 1
CELL 400.00 0.00 80.00 1
CELL 400.00 0.00 90.00 1
CELL 400.00 0.00 100.00 1
CELL 400.00 0.00 110.00 1
CELL 400.00 0.00 120.00 1
CELL 400.00 0.00 130.00 1
CELL 400.00 0.00 140.00 1
CELL 400.00 0.00 150.00 1
CELL 400.00 0.00 160.00 1
CELL 400.00 0.00 170.00 1
CELL 400.00 0.00 180.00 1
CELL 400.00 0.00 190.00 1
CELL 400.00 0.00 200.00 1
CELL 400.00 0.00 210.00 1
CELL 400.00 0.00 220.00 1
CELL 400.00 0.00 230.00 1
CELL 400.00 0.00 240.00 1
CELL 400.00 0.00 250.00 1
CELL 400.00 0.00 260.00 1
CELL 400.00 0.00 270.00 1
CELL 400.00 0.00 280.00 1
CELL 400.00 0.00 290.00 1
CELL 400.00 0.00 300.00 1
CELL 400.00 10.00 0.00 1
CELL 400.00 10.00 300.00 1
CELL 400.00 20.00 0.00 1
CELL 400.00 20.00 300.00 1
CELL 400.00 30.00 0.00 1
CELL 400.00 30.00 300.00 1
CELL 400.00 40.00 0.00 1
CELL 400.00 40.00 300.00 1
CELL 400.00 50.00 0.00 1
CELL 400.00 50.00 300.00 1
CELL 400.00 60.00 0.00 1
CELL 400.00 60.00 300.00 1
CELL 400.00 70.00 0.00 1
CELL 400.00 70.00 300.00 1
CELL 400.00 80.00 0.00 1
CELL 400.00 80.00 300.00 1
CELL 400.00 90.00 0.00 1
CELL 400.00 90.00 300.00 1
CELL 400.00 100.00 0.00 1
CELL 400.00 100.00 300.00 1
CELL 400.00 110.00 0.00 1
CELL 400.00 110.00 300.00 1
CELL 400.00 120.00 0.00 1
CELL 400.00 120.00 300.00 1
CELL 400.00 130.00 0.00 1
CELL 400.00 130.00 300.00 1
CELL 400.00 140.00 0.00 1
CELL 400.00 140.00 300.00 1
CELL 400.00 150.00 0.00 1
CELL 400.00 150.00 300.00 1
CELL 400.00 160.00 0.00 1
CELL 400.00 160.00 300.00 1
CELL 400.00 170.00 0.00 1
CELL 400.00 170.00 300.00 1
CELL 400.00 180.00 0.00 1
CELL 400.00 180.00 300.00 1
CELL 400.00 190.00 0.00 1
CELL 400.00 190.00 300.00 1
CELL 400.00 200.00 0.00 1
CELL 400.00 200.00 300.00 1
CELL 400.00 210.00 0.00 1
CELL 400.00 210.00 300.00 1
CELL 400.00 220.00 0.00 1
CELL 400.00 220.00 300.00 1
CELL 400.00 230.00 0.00 1
CELL 400.00 230.00 300.00 1
CELL 400.00 240.00 0.00 1
CELL 400.00 240.00 300.00 1
CELL 400.00 250.00 0.00 1
CELL 400.00 250.00 300.00 1
CELL 400.00 260.00 0.00 1
CELL 400.00 260.00 300.00 1
CELL 400.00 270.00 0.00 1
CELL 400.00 270.00 300.00 1
CELL 400.00 280.00 0.00 1
CELL 400.00 280.00 300.00 1
CELL 400.00 290.00 0.00 1
CELL 400.00 290.00 300.00 1
CELL 400.00 300.00 0.00 1
CELL 400.00 300.00 10.00 1
CELL 400.00 300.00 20.00 1
CELL 400.00 300.00 30.00 1
CELL 400.00 300.00 40.00 1
CELL 400.00 300.00 50.00 1
CELL 400.00 300.00 60.00 1
CELL 400.00 300.00 70.00 1
CELL 400.00 300.00 80.00 1
CELL 400.00 300.00 90.00 1
CELL 400.00 300.00 100.00 1
CELL 400.00 300.00 110.00 1
CELL 400.00 300.00 120.00 1
CELL 400.00 300.00 130.00 1
CELL 400.00 300.00 140.00 1
CELL 400.00 300.00 150.00 1
CELL 400.00 300.00 160.00 1
CELL 400.00 300.00 170.00 1
CELL 400.00 300.00 180.00 1
CELL 400.00 300.00 190.00 1
CELL 400.00 300.00 200.00 1
CELL 400.00 300.00 210.00 1
CELL 400.00 300.00 220.00 1
CELL 400.00 300.00 230.00 1
CELL 400.00 300.00 240.00 1
CELL 400.00 300.00 250.00 1
CELL 400.00 300.00 260.00 1
CELL 400.00 300.00 270.00 1
CELL 400.00 300.00 280.00 1
CELL 400.00 300.00 290.00 1
CELL 400.00 300.00 300.00 1
CELL 410.00 0.00 0.00 1
CELL 410.00 0.00 10.00 1
CELL 410.00 0.00 20.00 1
CELL 410.00 0.00 30.00 1
CELL 410.00 0.00 40.00 1
CELL 410.00 0.00 50.00 1
CELL 410.00 0.00 60.00 1
CELL 410.00 0.00 70.00 1
CELL 410.00 0.00 80.00 1
CELL 410.00 0.00 90.00 1
CELL 410.00 0.00 100.00 1
CELL 410.00 0.00 110.00 1
CELL 410.00 0.00 120.00 1
CELL 410.00 0.00 130.00 1
CELL 410.00 0.00 140.00 1
CELL 410.00 0.00 150.00 1
CELL 410.00 0.00 160.00 1
CELL 410.00 0.00 170.00 1
CELL 410.00 0.00 180.00 1
CELL 410.00 0.00 190.00 1
CELL 410.00 0.00 200.00 1
CELL 410.00 0.00 210.00 1
CELL 410.00 0.00 220.00 1
CELL 410.00 0.00 230.00 1
CELL 410.00 0.00 240.00 1
CELL 410.00 0.00 250.00 1
CELL 410.00 0.00 260.00 1
CELL 410.00 0.00 270.00 1
CELL 410.00 0.00 280.00 1
CELL 410.00 0.00 290.00 1
CELL 410.00 0.00 300.00 1
CELL 410.00 10.00 0.00 1
CELL 410.00 10.00 300.00 1
CELL 410.00 20.00 0.00 1
CELL 410.00 20.00 300.00 1
CELL 410.00 30.00 0.00 1
CELL 410.00 30.00 300.00 1
CELL 410.00 40.00 0.00 1
CELL 410.00 40.00 300.00 1
CELL 410.00 50.00 0.00 1
CELL 410.00 50.00 300.00 1
CELL 410.00 60.00 0.00 1
CELL 410.00 60.00 300.00 1
CELL 410.00 70.00 0.00 1
CELL 410.00 70.00 300.00 1
CELL 410.00 80.00 0.00 1
CELL 410.00 80.00 300.00 1
CELL 410.00 90.00 0.00 1
CELL 410.00 90.00 300.00 1
CELL 410.00 100.00 0.00 1
CELL 410.00 100.00 300.00 1
CELL 410.00 110.00 0.00 1
CELL 410.00 110.00 300.00 1
CELL 410.00 120.00 0.00 1
CELL 410.00 120.00 300.00 1
CELL 410.00 130.00 0.00 1
CELL 410.00 130.00 300.00 1
CELL 410.00 140.00 0.00 1
CELL 410.00 140.00 300.00 1
CELL 410.00 150.00 0.00 1
CELL 410.00 150.00 300.00 1
CELL 410.00 160.00 0.00 1
CELL 410.00 160.00 300.00 1
CELL 410.00 170.00 0.00 1
CELL 410.00 170.00 300.00 1
CELL 410.00 180.00 0.00 1
CELL 410.00 180.00 300.00 1
CELL 410.00 190.00 0.00 1
CELL 410.00 190.00 300.00 1
CELL 410.00 200.00 0.00 1
CELL 410.00 200.00 300.00 1
CELL 410.00 210.00 0.00 1
CELL 410.00 210.00 300.00 1
CELL 410.00 220.00 0.00 1
CELL 410.00 220.00 300.00 1
CELL 410.00 230.00 0.00 1
CELL 410.00 230.00 300.00 1
CELL 410.00 240.00 0.00 1
CELL 410.00 240.00 300.00 1
CELL 410.00 250.00 0.00 1
CELL 410.00 250.00 300.00 1
CELL 410.00 260.00 0.00 1
CELL 410.00 260.00 300.00 1
CELL 410.00 270.00 0.00 1
CELL 410.00 270.00 300.00 1
CELL 410.00 280.00 0.00 1
CELL 410.00 280.00 300.00 1
CELL 410.00 290.00 0.00 1
CELL 410.00 290.00 300.00 1
CELL 410.00 300.00 0.00 1
CELL 410.00 300.00 10.00 1
CELL 410.00 300.00 20.00 1
CELL 410.00 300.00 30.00 1
CELL 410.00 300.00 40.00 1
CELL 410.00 300.00 50.00 1
CELL 410.00 300.00 60.00 1
CELL 410.00 300.00 70.00 1
CELL 410.00 300.00 80.00 1
CELL 410.00 300.00 90.00 1
CELL 410.00 300.00 100.00 1
CELL 410.00 300.00 110.00 1
CELL 410.00 300.00 120.00 1
CELL 410.00 300.00 130.00 1
CELL 410.00 300.00 140.00 1
CELL 410.00 300.00 150.00 1
CELL 410.00 300.00 160.00 1
CELL 410.00 300.00 170.00 1
CELL 410.00 300.00 180.00 1
CELL 410.00 300.00 190.00 1
CELL 410.00 300.00 200.00 1
CELL 410.00 300.00 210.00 1
CELL 410.00 300.00 220.00 1
CELL 410.00 300.00 230.00 1
CELL 410.00 300.00 240.00 1
CELL 410.00 300.00 250.00 1
CELL 410.00 300.00 260.00 1
CELL 410.00 300.00 270.00 1
CELL 410.00 300.00 280.00 1
CELL 410.00 300.00 290.00 1
CELL 410.00 300.00 300.00 1
CELL 420.00 0.00 0.00 1
CELL 420.00 0.00 10.00 1
CELL 420.00 0.00 20.00 1
CELL 420.00 0.00 30.00 1
CELL 420.00 0.00 40.00 1
CELL 420.00 0.00 50.00 1
CELL 420.00 0.00 60.00 1
CELL 420.00 0.00 70.00 1
CELL 420.00 0.00 80.00 1
CELL 420.00 0.00 90.00 1
CELL 420.00 0.00 100.00 1
CELL 420.00 0.00 110.00 1
CELL 420.00 0.00 120.00 1
CELL 420.00 0.00 130.00 1
CELL 420.00 0.00 140.00 1
CELL 420.00 0.00 150.00 1
CELL 420.00 0.00 160.00 1
CELL 420.00 0.00 170.00 1
CELL 420.00 0.00 180.00 1
CELL 420.00 0.00 190.00 1
CELL 420.00 0.00 200.00 1
CELL 420.00 0.00 210.00 1
CELL 420.00 0.00 220.00 1
CELL 420.00 0.00 230.00 1
CELL 420.00 0.00 240.00 1
CELL 420.00 0.00 250.00 1
CELL 420.00 0.00 260.00 1
CELL 420.00 0.00 270.00 1
CELL 420.00 0.00 280.00 1
CELL 420.00 0.00 290.00 1
CELL 420.00 0.00 300.00 1
CELL 420.00 10.00 0.00 1
CELL 420.00 10.00 300.00 1
CELL 420.00 20.00 0.00 1
CELL 420.00 20.00 300.00 1
CELL 420.00 30.00 0.00 1
CELL 420.00 30.00 300.00 1
CELL 420.00 40.00 0.00 1
CELL 420.00 40.00 300.00 1
CELL 420.00 50.00 0.00 1
CELL 420.00 50.00 300.00 1
CELL 420.00 60.00 0.00 1
CELL 420.00 60.00 300.00 1
CELL 420.00 70.00 0.00 1
CELL 420.00 70.00 300.00 1
CELL 420.00 80.00 0.00 1
CELL 420.00 80.00 300.00 1
CELL 420.00 90.00 0.00 1
CELL 420.00 90.00 300.00 1
CELL 420.00 100.00 0.00 1
CELL 420.00 100.00 300.00 1
CELL 420.00 110.00 0.00 1
CELL 420.00 110.00 300.00 1
CELL 420.00 120.00 0.00 1
CELL 420.00 120.00 300.00 1
CELL 420.00 130.00 0.00 1
CELL 420.00 130.00 300.00 1
CELL 420.00 140.00 0.00 1
CELL 420.00 140.00 300.00 1
CELL 420.00 150.00 0.00 1
CELL 420.00 150.00 300.00 1
CELL 420.00 160.00 0.00 1
CELL 420.00 160.00 300.00 1
CELL 420.00 170.00 0.00 1
CELL 420.00 170.00 300.00 1
CELL 420.00 180.00 0.00 1
CELL 420.00 180.00 300.00 1
CELL 420.00 190.00 0.00 1
CELL 420.00 190.00 300.00 1
CELL 420.00 200.00 0.00 1
CELL 420.00 200.00 300.00 1
CELL 420.00 210.00 0.00 1
CELL 420.00 210.00 300.00 1
CELL 420.00 220.00 0.00 1
CELL 420.00 220.00 300.00 1
CELL 420.00 230.00 0.00 1
CELL 420.00 230.00 300.00 1
CELL 420.00 240.00 0.00 1
CELL 420.00 240.00 300.00 1
CELL 420.00 250.00 0.00 1
CELL 420.00 250.00 300.00 1
CELL 420.00 260.00 0.00 1
CELL 420.00 260.00 300.00 1
CELL 420.00 270.00 0.00 1
CELL 420.00 270.00 300.00 1
CELL 420.00 280.00 0.00 1
CELL 420.00 280.00 300.00 1
CELL 420.00 290.00 0.00 1
CELL 420.00 290.00 300.00 1
CELL 420.00 300.00 0.00 1
CELL 420.00 300.00 10.00 1
CELL 420.00 300.00 20.00 1
CELL 420.00 300.00 30.00 1
CELL 420.00 300.00 40.00 1
CELL 420.00 300.00 50.00 1
CELL 420.00 300.00 60.00 1
CELL 420.00 300.00 70.00 1
CELL 420.00 300.00 80.00 1
CELL 420.00 300.00 90.00 1
CELL 420.00 300.00 100.00 1
CELL 420.00 300.00 110.00 1
CELL 420.00 300.00 120.00 1
CELL 420.00 300.00 130.00 1
CELL 420.00 300.00 140.00 1
CELL 420.00 300.00 150.00 1
CELL 420.00 300.00 160.00 1
CELL 420.00 300.00 170.00 1
CELL 420.00 300.00 180.00 1
CELL 420.00 300.00 190.00 1
CELL 420.00 300.00 200.00 1
CELL 420.00 300.00 210.00 1
CELL 420.00 300.00 220.00 1
CELL 420.00 300.00 230.00 1
CELL 420.00 300.00 240.00 1
CELL 420.00 300.00 250.00 1
CELL 420.00 300.00 260.00 1
CELL 420.00 300.00 270.00 1
CELL 420.00 300.00 280.00 1
CELL 420.00 300.00 290.00 1
CELL 420.00 300.00 300.00 1
CELL 430.00 0.00 0.00 1
CELL 430.00 0.00 10.00 1
CELL 430.00 0.00 20.00 1
CELL 430.00 0.00 30.00 1
CELL 430.00 0.00 40.00 1
CELL 430.00 0.00 50.00 1
CELL 430.00 0.00 60.00 1
CELL 430.00 0.00 70.00 1
CELL 430.00 0.00 80.00 1
CELL 430.00 0.00 90.00 1
CELL 430.00 0.00 100.00 1
CELL 430.00 0.00 110.00 1
CELL 430.00 0.00 120.00 1
CELL 430.00 0.00 130.00 1
CELL 430.00 0.00 140.00 1
CELL 430.00 0.00 150.00 1
CELL 430.00 0.00 160.00 1
CELL 430.00 0.00 170.00 1
CELL 430.00 0.00 180.00 1
CELL 430.00 0.00 190.00 1
CELL 430.00 0.00 200.00 1
CELL 430.00 0.00 210.00 1
CELL 430.00 0.00 220.00 1
CELL 430.00 0.00 230.00 1
CELL 430.00 0.00 240.00 1
CELL 430.00 0.00 250.00 1
CELL 430.00 0.00 260.00 1
CELL 430.00 0.00 270.00 1
CELL 430.00 0.00 280.00 1
CELL 430.00 0.00 290.00 1
CELL 430.00 0.00 300.00 1
CELL 430.00 10.00 0.00 1
CELL 430.00 10.00 300.00 1
CELL 430.00 20.00 0.00 1
CELL 430.00 20.00 300.00 1
CELL 430.00 30.00 0.00 1
CELL 430.00 30.00 300.00 1
CELL 430.00 40.00 0.00 1
CELL 430.00 40.00 300.00 1
CELL 430.00 50.00 0.00 1
CELL 430.00 50.00 300.00 1
CELL 430.00 60.00 0.00 1
CELL 430.00 60.00 300.00 1
CELL 430.00 70.00 0.00 1
CELL 430.00 70.00 300.00 1
CELL 430.00 80.00 0.00 1
CELL 430.00 80.00 300.00 1
CELL 430.00 90.00 0.00 1
CELL 430.00 90.00 300.00 1
CELL 430.00 100.00 0.00 1
CELL 430.00 100.00 300.00 1
CELL 430.00 110.00 0.00 1
CELL 430.00 110.00 300.00 1
CELL 430.00 120.00 0.00 1
CELL 430.00 120.00 300.00 1
CELL 430.00 130.00 0.00 1
CELL 430.00 130.00 300.00 1
CELL 430.00 140.00 0.00 1
CELL 430.00 140.00 300.00 1
CELL 430.00 150.00 0.00 1
CELL 430.00 150.00 300.00 1
CELL 430.00 160.00 0.00 1
CELL 430.00 160.00 300.00 1
CELL 430.00 170.00 0.00 1
CELL 430.00 170.00 300.00 1
CELL 430.00 180.00 0.00 1
CELL 430.00 180.00 300.00 1
CELL 430.00 190.00 0.00 1
CELL 430.00 190.00 300.00 1
CELL 430.00 200.00 0.00 1
CELL 430.00 200.00 300.00 1
CELL 430.00 210.00 0.00 1
CELL 430.00 210.00 300.00 1
CELL 430.00 220.00 0.00 1
CELL 430.00 220.00 300.00 1
CELL 430.00 230.00 0.00 1
CELL 430.00 230.00 300.00 1
CELL 430.00 240.00 0.00 1
CELL 430.00 240.00 300.00 1
CELL 430.00 250.00 0.00 1
CELL 430.00 250.00 300.00 1
CELL 430.00 260.00 0.00 1
CELL 430.00 260.00 300.00 1
CELL 430.00 270.00 0.00 1
CELL 430.00 270.00 300.00 1
CELL 430.00 280.00 0.00 1
CELL 430.00 280.00 300.00 1
CELL 430.00 290.00 0.00 1
CELL 430.00 290.00 300.00 1
CELL 430.00 300.00 0.00 1
CELL 430.00 300.00 10.00 1
CELL 430.00 300.00 20.00 1
CELL 430.00 300.00 30.00 1
CELL 430.00 300.00 40.00 1
CELL 430.00 300.00 50.00 1
CELL 430.00 300.00 60.00 1
CELL 430.00 300.00 70.00 1
CELL 430.00 300.00 80.00 1
CELL 430.00 300.00 90.00 1
CELL 430.00 300.00 100.00 1
CELL 430.00 300.00 110.00 1
CELL 430.00 300.00 120.00 1
CELL 430.00 300.00 130.00 1
CELL 430.00 300.00 140.00 1
CELL 430.00 300.00 150.00 1
CELL 430.00 300.00 160.00 1
CELL 430.00 300.00 170.00 1
CELL 430.00 300.00 180.00 1
CELL 430.00 300.00 190.00 1
CELL 430.00 300.00 200.00 1
CELL 430.00 300.00 210.00 1
CELL 430.00 300.00 220.00 1
CELL 430.00 300.00 230.00 1
CELL 430.00 300.00 240.00 1
CELL 430.00 300.00 250.00 1
CELL 430.00 300.00 260.00 1
CELL 430.00 300.00 270.00 1
CELL 430.00 300.00 280.00 1
CELL 430.00 300.00 290.00 1
CELL 430.00 300.00 300.00 1
CELL 440.00 0.00 0.00 1
CELL 440.00 0.00 10.00 1
CELL 440.00 0.00 20.00 1
CELL 440.00 0.00 30.00 1
CELL 440.00 0.00 40.00 1
CELL 440.00 0.00 50.00 1
CELL 440.00 0.00 60.00 1
CELL 440.00 0.00 70.00 1
CELL 440.00 0.00 80.00 1
CELL 440.00 0.00 90.00 1
CELL 440.00 0.00 100.00 1
CELL 440.00 0.00 110.00 1
CELL 440.00 0.00 120.00 1
CELL 440.00 0.00 130.00 1
CELL 440.00 0.00 140.00 1
CELL 440.00 0.00 150.00 1
CELL 440.00 0.00 160.00 1
CELL 440.00 0.00 170.00 1
CELL 440.00 0.00 180.00 1
CELL 440.00 0.00 190.00 1
CELL 440.00 0.00 200.00 1
CELL 440.00 0.00 210.00 1
CELL 440.00 0.00 220.00 1
CELL 440.00 0.00 230.00 1
CELL 440.00 0.00 240.00 1
CELL 440.00 0.00 250.00 1
CELL 440.00 0.00 260.00 1
CELL 440.00 0.00 270.00 1
CELL 440.00 0.00 280.00 1
CELL 440.00 0.00 290.00 1
CELL 440.00 0.00 300.00 1
CELL 440.00 10.00 0.00 1
CELL 440.00 10.00 300.00 1
CELL 440.00 20.00 0.00 1
CELL 440.00 20.00 300.00 1
CELL 440.00 30.00 0.00 1
CELL 440.00 30.00 300.00 1
CELL 440.00 40.00 0.00 1
CELL 440.00 40.00 300.00 1
CELL 440.00 50.00 0.00 1
CELL 440.00 50.00 300.00 1
CELL 440.00 60.00 0.00 1
CELL 440.00 60.00 300.00 1
CELL 440.00 70.00 0.00 1
CELL 440.00 70.00 300.00 1
CELL 440.00 80.00 0.00 1
CELL 440.00 80.00 300.00 1
CELL 440.00 90.00 0.00 1
CELL 440.00 90.00 300.00 1
CELL 440.00 100.00 0.00 1
CELL 440.00 100.00 300.00 1
CELL 440.00 110.00 0.00 1
CELL 440.00 110.00 300.00 1
CELL 440.00 120.00 0.00 1
CELL 440.00 120.00 300.00 1
CELL 440.00 130.00 0.00 1
CELL 440.00 130.00 300.00 1
CELL 440.00 140.00 0.00 1
CELL 440.00 140.00 300.00 1
CELL 440.00 150.00 0.00 1
CELL 440.00 150.00 300.00 1
CELL 440.00 160.00 0.00 1
CELL 440.00 160.00 300.00 1
CELL 440.00 170.00 0.00 1
CELL 440.00 170.00 300.00 1
CELL 440.00 180.00 0.00 1
CELL 440.00 180.00 300.00 1
CELL 440.00 190.00 0.00 1
CELL 440.00 190.00 300.00 1
CELL 440.00 200.00 0.00 1
CELL 440.00 200.00 300.00 1
CELL 440.00 210.00 0.00 1
CELL 440.00 210.00 300.00 1
CELL 440.00 220.00 0.00 1
CELL 440.00 220.00 300.00 1
CELL 440.00 230.00 0.00 1
CELL 440.00 230.00 300.00 1
CELL 440.00 240.00 0.00 1
CELL 440.00 240.00 300.00 1
CELL 440.00 250.00 0.00 1
CELL 440.00 250.00 300.00 1
CELL 440.00 260.00 0.00 1
CELL 440.00 260.00 300.00 1
CELL 440.00 270.00 0.00 1
CELL 440.00 270.00 300.00 1
CELL 440.00 280.00 0.00 1
CELL 440.00 280.00 300.00 1
CELL 440.00 290.00 0.00 1
CELL 440.00 290.00 300.00 1
CELL 440.00 300.00 0.00 1
CELL 440.00 300.00 10.00 1
CELL 440.00 300.00 20.00 1
CELL 440.00 300.00 30.00 1
CELL 440.00 300.00 40.00 1
CELL 440.00 300.00 50.00 1
CELL 440.00 300.00 60.00 1
CELL 440.00 300.00 70.00 1
CELL 440.00 300.00 80.00 1
CELL 440.00 300.00 90.00 1
CELL 440.00 300.00 100.00 1
CELL 440.00 300.00 110.00 1
CELL 440.00 300.00 120.00 1
CELL 440.00 300.00 130.00 1
CELL 440.00 300.00 140.00 1
CELL 440.00 300.00 150.00 1
CELL 440.00 300.00 160.00 1
CELL 440.00 300.00 170.00 1
CELL 440.00 300.00 180.00 1
CELL 440.00 300.00 190.00 1
CELL 440.00 300.00 200.00 1
CELL 440.00 300.00 210.00 1
CELL 440.00 300.00 220.00 1
CELL 440.00 300.00 230.00 1
CELL 440.00 300.00 240.00 1
CELL 440.00 300.00 250.00 1
CELL 440.00 300.00 260.00 1
CELL 440.00 300.00 270.00 1
CELL 440.00 300.00 280.00 1
CELL 440.00 300.00 290.00 1
CELL 440.00 300.00 300.00 1
CELL 450.00 0.00 0.00 1
CELL 450.00 0.00 10.00 1
CELL 450.00 0.00 20.00 1
CELL 450.00 0.00 30.00 1
CELL 450.00 0.00 40.00 1
CELL 450.00 0.00 50.00 1
CELL 450.00 0.00 60.00 1
CELL 450.00 0.00 70.00 1
CELL 450.00 0.00 80.00 1
CELL 450.00 0.00 90.00 1
CELL 450.00 0.00 100.00 1
CELL 450.00 0.00 110.00 1
CELL 450.00 0.00 120.00 1
CELL 450.00 0.00 130.00 1
CELL 450.00 0.00 140.00 1
CELL 450.00 0.00 150.00 1
CELL 450.00 0.00 160.00 1
CELL 450.00 0.00 170.00 1
CELL 450.00 0.00 180.00 1
CELL 450.00 0.00 190.00 1
CELL 450.00 0.00 200.00 1
CELL 450.00 0.00 210.00 1
CELL 450.00 0.00 220.00 1
CELL 450.00 0.00 230.00 1
CELL 450.00 0.00 240.00 1
CELL 450.00 0.00 250.00 1
CELL 450.00 0.00 260.00 1
CELL 450.00 0.00 270.00 1
CELL 450.00 0.00 280.00 1
CELL 450.00 0.00 290.00 1
CELL 450.00 0.00 300.00 1
CELL 450.00 10.00 0.00 1
CELL 450.00 10.00 300.00 1
CELL 450.00 20.00 0.00 1
CELL 450.00 20.00 300.00 1
CELL 450.00 30.00 0.00 1
CELL 450.00 30.00 300.00 1
CELL 450.00 40.00 0.00 1
CELL 450.00 40.00 300.00 1
CELL 450.00 50.00 0.00 1
CELL 450.00 50.00 300.00 1
CELL 450.00 60.00 0.00 1
CELL 450.00 60.00 300.00 1
CELL 450.00 70.00 0.00 1
CELL 450.00 70.00 300.00 1
CELL 450.00 80.00 0.00 1
CELL 450.00 80.00 300.00 1
CELL 450.00 90.00 0.00 1
CELL 450.00 90.00 300.00 1
CELL 450.00 100.00 0.00 1
CELL 450.00 100.00 300.00 1
CELL 450.00 110.00 0.00 1
CELL 450.00 110.00 300.00 1
CELL 450.00 120.00 0.00 1
CELL 450.00 120.00 300.00 1
CELL 450.00 130.00 0.00 1
CELL 450.00 130.00 300.00 1
CELL 450.00 140.00 0.00 1
CELL 450.00 140.00 300.00 1
CELL 450.00 150.00 0.00 1
CELL 450.00 150.00 300.00 1
CELL 450.00 160.00 0.00 1
CELL 450.00 160.00 300.00 1
CELL 450.00 170.00 0.00 1
CELL 450.00 170.00 300.00 1
CELL 450.00 180.00 0.00 1
CELL 450.00 180.00 300.00 1
CELL 450.00 190.00 0.00 1
CELL 450.00 190.00 300.00 1
CELL 450.00 200.00 0.00 1
CELL 450.00 200.00 300.00 1
CELL 450.00 210.00 0.00 1
CELL 450.00 210.00 300.00 1
CELL 450.00 220.00 0.00 1
CELL 450.00 220.00 300.00 1
CELL 450.00 230.00 0.00 1
CELL 450.00 230.00 300.00 1
CELL 450.00 240.00 0.00 1
CELL 450.00 240.00 300.00 1
CELL 450.00 250.00 0.00 1
CELL 450.00 250.00 300.00 1
CELL 450.00 260.00 0.00 1
CELL 450.00 260.00 300.00 1
CELL 450.00 270.00 0.00 1
CELL 450.00 270.00 300.00 1
CELL 450.00 280.00 0.00 1
CELL 450.00 280.00 300.00 1
CELL 450.00 290.00 0.00 1
CELL 450.00 290.00 300.00 1
CELL 450.00 300.00 0.00 1
CELL 450.00 300.00 10.00 1
CELL 450.00 300.00 20.00 1
CELL 450.00 300.00 30.00 1
CELL 450.00 300.00 40.00 1
CELL 450.00 300.00 50.00 1
CELL 450.00 300.00 60.00 1
CELL 450.00 300.00 70.00 1
CELL 450.00 300.00 80.00 1
CELL 450.00 300.00 90.00 1
CELL 450.00 300.00 100.00 1
CELL 450.00 300.00 110.00 1
CELL 450.00 300.00 120.00 1
CELL 450.00 300.00 130.00 1
CELL 450.00 300.00 140.00 1
CELL 450.00 300.00 150.00 1
CELL 450.00 300.00 160.00 1
CELL 450.00 300.00 170.00 1
CELL 450.00 300.00 180.00 1
CELL 450.00 300.00 190.00 1
CELL 450.00 300.00 200.00 1
CELL 450.00 300.00 210.00 1
CELL 450.00 300.00 220.00 1
CELL 450.00 300.00 230.00 1
CELL 450.00 300.00 240.00 1
CELL 450.00 300.00 250.00 1
CELL 450.00 300.00 260.00 1
CELL 450.00 300.00 270.00 1
CELL 450.00 300.00 280.00 1
CELL 450.00 300.00 290.00 1
CELL 450.00 300.00 300.00 1
CELL 460.00 0.00 0.00 1
CELL 460.00 0.00 10.00 1
CELL 460.00 0.00 20.00 1
CELL 460.00 0.00 30.00 1
CELL 460.00 0.00 40.00 1
CELL 460.00 0.00 50.00 1
CELL 460.00 0.00 60.00 1
CELL 460.00 0.00 70.00 1
CELL 460.00 0.00 80.00 1
CELL 460.00 0.00 90.00 1
CELL 460.00 0.00 100.00 1
CELL 460.00 0.00 110.00 1
CELL 460.00 0.00 120.00 1
CELL 460.00 0.00 130.00 1
CELL 460.00 0.00 140.00 1
CELL 460.00 0.00 150.00 1
CELL 460.00 0.00 160.00 1
CELL 460.00 0.00 170.00 1
CELL 460.00 0.00 180.00 1
CELL 460.00 0.00 190.00 1
CELL 460.00 0.00 200.00 1
CELL 460.00 0.00 210.00 1
CELL 460.00 0.00 220.00 1
CELL 460.00 0.00 230.00 1
CELL 460.00 0.00 240.00 1
CELL 460.00 0.00 250.00 1
CELL 460.00 0.00 260.00 1
CELL 460.00 0.00 270.00 1
CELL 460.00 0.00 280.00 1
CELL 460.00 0.00 290.00 1
CELL 460.00 0.00 300.00 1
CELL 460.00 10.00 0.00 1
CELL 460.00 10.00 300.00 1
CELL 460.00 20.00 0.00 1
CELL 460.00 20.00 300.00 1
CELL 460.00 30.00 0.00 1
CELL 460.00 30.00 300.00 1
CELL 460.00 40.00 0.00 1
CELL 460.00 40.00 300.00 1
CELL 460.00 50.00 0.00 1
CELL 460.00 50.00 300.00 1
CELL 460.00 60.00 0.00 1
CELL 460.00 60.00 300.00 1
CELL 460.00 70.00 0.00 1
CELL 460.00 70.00 300.00 1
CELL 460.00 80.00 0.00 1
CELL 460.00 80.00 300.00 1
CELL 460.00 90.00 0.00 1
CELL 460.00 90.00 300.00 1
CELL 460.00 100.00 0.00 1
CELL 460.00 100.00 300.00 1
CELL 460.00 110.00 0.00 1
CELL 460.00 110.00 300.00 1
CELL 460.00 120.00 0.00 1
CELL 460.00 120.00 300.00 1
CELL 460.00 130.00 0.00 1
CELL 460.00 130.00 300.00 1
CELL 460.00 140.00 0.00 1
CELL 460.00 140.00 300.00 1
CELL 460.00 150.00 0.00 1
CELL 460.00 150.00 300.00 1
CELL 460.00 160.00 0.00 1
CELL 460.00 160.00 300.00 1
CELL 460.00 170.00 0.00 1
CELL 460.00 170.00 300.00 1
CELL 460.00 180.00 0.00 1
CELL 460.00 180.00 300.00 1
CELL 460.00 190.00 0.00 1
CELL 460.00 190.00 300.00 1
CELL 460.00 200.00 0.00 1
CELL 460.00 200.00 300.00 1
CELL 460.00 210.00 0.00 1
CELL 460.00 210.00 300.00 1
CELL 460.00 220.00 0.00 1
CELL 460.00 220.00 300.00 1
CELL 460.00 230.00 0.00 1
CELL 460.00 230.00 300.00 1
CELL 460.00 240.00 0.00 1
CELL 460.00 240.00 300.00 1
CELL 460.00 250.00 0.00 1
CELL 460.00 250.00 300.00 1
CELL 460.00 260.00 0.00 1
CELL 460.00 260.00 300.00 1
CELL 460.00 270.00 0.00 1
CELL 460.00 270.00 300.00 1
CELL 460.00 280.00 0.00 1
CELL 460.00 280.00 300.00 1
CELL 460.00 290.00 0.00 1
CELL 460.00 290.00 300.00 1
CELL 460.00 300.00 0.00 1
CELL 460.00 300.00 10.00 1
CELL 460.00 300.00 20.00 1
CELL 460.00 300.00 30.00 1
CELL 460.00 300.00 40.00 1
CELL 460.00 300.00 50.00 1
CELL 460.00 300.00 60.00 1
CELL 460.00 300.00 70.00 1
CELL 460.00 300.00 80.00 1
CELL 460.00 300.00 90.00 1
CELL 460.00 300.00 100.00 1
CELL 460.00 300.00 110.00 1
CELL 460.00 300.00 120.00 1
CELL 460.00 300.00 130.00 1
CELL 460.00 300.00 140.00 1
CELL 460.00 300.00 150.00 1
CELL 460.00 300.00 160.00 1
CELL 460.00 300.00 170.00 1
CELL 460.00 300.00 180.00 1
CELL 460.00 300.00 190.00 1
CELL 460.00 300.00 200.00 1
CELL 460.00 300.00 210.00 1
CELL 460.00 300.00 220.00 1
CELL 460.00 300.00 230.00 1
CELL 460.00 300.00 240.00 1
CELL 460.00 300.00 250.00 1
CELL 460.00 300.00 260.00 1
CELL 460.00 300.00 270.00 1
CELL 460.00 300.00 280.00 1
CELL 460.00 300.00 290.00 1
CELL 460.00 300.00 300.00 1
CELL 470.00 0.00 0.00 1
CELL 470.00 0.00 10.00 1
CELL 470.00 0.00 20.00 1
CELL 470.00 0.00 30.00 1
CELL 470.00 0.00 40.00 1
CELL 470.00 0.00 50.00 1
CELL 470.00 0.00 60.00 1
CELL 470.00 0.00 70.00 1
CELL 470.00 0.00 80.00 1
CELL 470.00 0.00 90.00 1
CELL 470.00 0.00 100.00 1
CELL 470.00 0.00 110.00 1
CELL 470.00 0.00 120.00 1
CELL 470.00 0.00 130.00 1
CELL 470.00 0.00 140.00 1
CELL 470.00 0.00 150.00 1
CELL 470.00 0.00 160.00 1
CELL 470.00 0.00 170.00 1
CELL 470.00 0.00 180.00 1
CELL 470.00 0.00 190.00 1
CELL 470.00 0.00 200.00 1
CELL 470.00 0.00 210.00 1
CELL 470.00 0.00 220.00 1
CELL 470.00 0.00 230.00 1
CELL 470.00 0.00 240.00 1
CELL 470.00 0.00 250.00 1
CELL 470.00 0.00 260.00 1
CELL 470.00 0.00 270.00 1
CELL 470.00 0.00 280.00 1
CELL 470.00 0.00 290.00 1
CELL 470.00 0.00 300.00 1
CELL 470.00 10.00 0.00 1
CELL 470.00 10.00 300.00 1
CELL 470.00 20.00 0.00 1
CELL 470.00 20.00 300.00 1
CELL 470.00 30.00 0.00 1
CELL 470.00 30.00 300.00 1
CELL 470.00 40.00 0.00 1
CELL 470.00 40.00 300.00 1
CELL 470.00 50.00 0.00 1
CELL 470.00 50.00 300.00 1
CELL 470.00 60.00 0.00 1
CELL 470.00 60.00 300.00 1
CELL 470.00 70.00 0.00 1
CELL 470.00 70.00 300.00 1
CELL 470.00 80.00 0.00 1
CELL 470.00 80.00 300.00 1
CELL 470.00 90.00 0.00 1
CELL 470.00 90.00 300.00 1
CELL 470.00 100.00 0.00 1
CELL 470.00 100.00 300.00 1
CELL 470.00 110.00 0.00 1
CELL 470.00 110.00 300.00 1
CELL 470.00 120.00 0.00 1
CELL 470.00 120.00 300.00 1
CELL 470.00 130.00 0.00 1
CELL 470.00 130.00 300.00 1
CELL 470.00 140.00 0.00 1
CELL 470.00 140.00 300.00 1
CELL 470.00 150.00 0.00 1
CELL 470.00 150.00 300.00 1
CELL 470.00 160.00 0.00 1
CELL 470.00 160.00 300.00 1
CELL 470.00 170.00 0.00 1
CELL 470.00 170.00 300.00 1
CELL 470.00 180.00 0.00 1
CELL 470.00 180.00 300.00 1
CELL 470.00 190.00 0.00 1
CELL 470.00 190.00 300.00 1
CELL 470.00 200.00 0.00 1
CELL 470.00 200.00 300.00 1
CELL 470.00 210.00 0.00 1
CELL 470.00 210.00 300.00 1
CELL 470.00 220.00 0.00 1
CELL 470.00 220.00 300.00 1
CELL 470.00 230.00 0.00 1
CELL 470.00 230.00 300.00 1
CELL 470.00 240.00 0.00 1
CELL 470.00 240.00 300.00 1
CELL 470.00 250.00 0.00 1
CELL 470.00 250.00 300.00 1
CELL 470.00 260.00 0.00 1
CELL 470.00 260.00 300.00 1
CELL 470.00 270.00 0.00 1
CELL 470.00 270.00 300.00 1
CELL 470.00 280.00 0.00 1
CELL 470.00 280.00 300.00 1
CELL 470.00 290.00 0.00 1
CELL 470.00 290.00 300.00 1
CELL 470.00 300.00 0.00 1
CELL 470.00 300.00 10.00 1
CELL 470.00 300.00 20.00 1
CELL 470.00 300.00 30.00 1
CELL 470.00 300.00 40.00 1
CELL 470.00 300.00 50.00 1
CELL 470.00 300.00 60.00 1
CELL 470.00 300.00 70.00 1
CELL 470.00 300.00 80.00 1
CELL 470.00 300.00 90.00 1
CELL 470.00 300.00 100.00 1
CELL 470.00 300.00 110.00 1
CELL 470.00 300.00 120.00 1
CELL 470.00 300.00 130.00 1
CELL 470.00 300.00 140.00 1
CELL 470.00 300.00 150.00 1
CELL 470.00 300.00 160.00 1
CELL 470.00 300.00 170.00 1
CELL 470.00 300.00 180.00 1
CELL 470.00 300.00 190.00 1
CELL 470.00 300.00 200.00 1
CELL 470.00 300.00 210.00 1
CELL 470.00 300.00 220.00 1
CELL 470.00 300.00 230.00 1
CELL 470.00 300.00 240.00 1
CELL 470.00 300.00 250.00 1
CELL 470.00 300.00 260.00 1
CELL 470.00 300.00 270.00 1
CELL 470.00 300.00 280.00 1
CELL 470.00 300.00 290.00 1
CELL 470.00 300.00 300.00 1
CELL 480.00 0.00 0.00 1
CELL 480.00 0.00 10.00 1
CELL 480.00 0.00 20.00 1
CELL 480.00 0.00 30.00 1
CELL 480.00 0.00 40.00 1
CELL 480.00 0.00 50.00 1
CELL 480.00 0.00 60.00 1
CELL 480.00 0.00 70.00 1
CELL 480.00 0.00 80.00 1
CELL 480.00 0.00 90.00 1
CELL 480.00 0.00 100.00 1
CELL 480.00 0.00 110.00 1
CELL 480.00 0.00 120.00 1
CELL 480.00 0.00 130.00 1
CELL 480.00 0.00 140.00 1
CELL 480.00 0.00 150.00 1
CELL 480.00 0.00 160.00 1
CELL 480.00 0.00 170.00 1
CELL 480.00 0.00 180.00 1
CELL 480.00 0.00 190.00 1
CELL 480.00 0.00 200.00 1
CELL 480.00 0.00 210.00 1
CELL 480.00 0.00 220.00 1
CELL 480.00 0.00 230.00 1
CELL 480.00 0.00 240.00 1
CELL 480.00 0.00 250.00 1
CELL 480.00 0.00 260.00 1
CELL 480.00 0.00 270.00 1
CELL 480.00 0.00 280.00 1
CELL 480.00 0.00 290.00 1
CELL 480.00 0.00 300.00 1
CELL 480.00 10.00 0.00 1
CELL 480.00 10.00 300.00 1
CELL 480.00 20.00 0.00 1
CELL 480.00 20.00 300.00 1
CELL 480.00 30.00 0.00 1
CELL 480.00 30.00 300.00 1
CELL 480.00 40.00 0.00 1
CELL 480.00 40.00 300.00 1
CELL 480.00 50.00 0.00 1
CELL 480.00 50.00 300.00 1
CELL 480.00 60.00 0.00 1
CELL 480.00 60.00 300.00 1
CELL 480.00 70.00 0.00 1
CELL 480.00 70.00 300.00 1
CELL 480.00 80.00 0.00 1
CELL 480.00 80.00 300.00 1
CELL 480.00 90.00 0.00 1
CELL 480.00 90.00 300.00 1
CELL 480.00 100.00 0.00 1
CELL 480.00 100.00 300.00 1
CELL 480.00 110.00 0.00 1
CELL 480.00 110.00 300.00 1
CELL 480.00 120.00 0.00 1
CELL 480.00 120.00 300.00 1
CELL 480.00 130.00 0.00 1
CELL 480.00 130.00 300.00 1
CELL 480.00 140.00 0.00 1
CELL 480.00 140.00 300.00 1
CELL 480.00 150.00 0.00 1
CELL 480.00 150.00 300.00 1
CELL 480.00 160.00 0.00 1
CELL 480.00 160.00 300.00 1
CELL 480.00 170.00 0.00 1
CELL 480.00 170.00 300.00 1
CELL 480.00 180.00 0.00 1
CELL 480.00 180.00 300.00 1
CELL 480.00 190.00 0.00 1
CELL 480.00 190.00 300.00 1
CELL 480.00 200.00 0.00 1
CELL 480.00 200.00 300.00 1
CELL 480.00 210.00 0.00 1
CELL 480.00 210.00 300.00 1
CELL 480.00 220.00 0.00 1
CELL 480.00 220.00 300.00 1
CELL 480.00 230.00 0.00 1
CELL 480.00 230.00 300.00 1
CELL 480.00 240.00 0.00 1
CELL 480.00 240.00 300.00 1
CELL 480.00 250.00 0.00 1
CELL 480.00 250.00 300.00 1
CELL 480.00 260.00 0.00 1
CELL 480.00 260.00 300.00 1
CELL 480.00 270.00 0.00 1
CELL 480.00 270.00 300.00 1
CELL 480.00 280.00 0.00 1
CELL 480.00 280.00 300.00 1
CELL 480.00 290.00 0.00 1
CELL 480.00 290.00 300.00 1
CELL 480.00 300.00 0.00 1
CELL 480.00 300.00 10.00 1
CELL 480.00 300.00 20.00 1
CELL 480.00 300.00 30.00 1
CELL 480.00 300.00 40.00 1
CELL 480.00 300.00 50.00 1
CELL 480.00 300.00 60.00 1
CELL 480.00 300.00 70.00 1
CELL 480.00 300.00 80.00 1
CELL 480.00 300.00 90.00 1
CELL 480.00 300.00 100.00 1
CELL 480.00 300.00 110.00 1
CELL 480.00 300.00 120.00 1
CELL 480.00 300.00 130.00 1
CELL 480.00 300.00 140.00 1
CELL 480.00 300.00 150.00 1
CELL 480.00 300.00 160.00 1
CELL 480.00 300.00 170.00 1
CELL 480.00 300.00 180.00 1
CELL 480.00 300.00 190.00 1
CELL 480.00 300.00 200.00 1
CELL 480.00 300.00 210.00 1
CELL 480.00 300.00 220.00 1
CELL 480.00 300.00 230.00 1
CELL 480.00 300.00 240.00 1
CELL 480.00 300.00 250.00 1
CELL 480.00 300.00 260.00 1
CELL 480.00 300.00 270.00 1
CELL 480.00 300.00 280.00 1
CELL 480.00 300.00 290.00 1
CELL 480.00 300.00 300.00 1
CELL 490.00 0.00 0.00 1
CELL 490.00 0.00 10.00 1
CELL 490.00 0.00 20.00 1
CELL 490.00 0.00 30.00 1
CELL 490.00 0.00 40.00 1
CELL 490.00 0.00 50.00 1
CELL 490.00 0.00 60.00 1
CELL 490.00 0.00 70.00 1
CELL 490.00 0.00 80.00 1
CELL 490.00 0.00 90.00 1
CELL 490.00 0.00 100.00 1
CELL 490.00 0.00 110.00 1
CELL 490.00 0.00 120.00 1
CELL 490.00 0.00 130.00 1
CELL 490.00 0.00 140.00 1
CELL 490.00 0.00 150.00 1
CELL 490.00 0.00 160.00 1
CELL 490.00 0.00 170.00 1
CELL 490.00 0.00 180.00 1
CELL 490.00 0.00 190.00 1
CELL 490.00 0.00 200.00 1
CELL 490.00 0.00 210.00 1
CELL 490.00 0.00 220.00 1
CELL 490.00 0.00 230.00 1
CELL 490.00 0.00 240.00 1
CELL 490.00 0.00 250.00 1
CELL 490.00 0.00 260.00 1
CELL 490.00 0.00 270.00 1
CELL 490.00 0.00 280.00 1
CELL 490.00 0.00 290.00 1
CELL 490.00 0.00 300.00 1
CELL 490.00 10.00 0.00 1
CELL 490.00 10.00 300.00 1
CELL 490.00 20.00 0.00 1
CELL 490.00 20.00 300.00 1
CELL 490.00 30.00 0.00 1
CELL 490.00 30.00 300.00 1
CELL 490.00 40.00 0.00 1
CELL 490.00 40.00 300.00 1
CELL 490.00 50.00 0.00 1
CELL 490.00 50.00 300.00 1
CELL 490.00 60.00 0.00 1
CELL 490.00 60.00 300.00 1
CELL 490.00 70.00 0.00 1
CELL 490.00 70.00 300.00 1
CELL 490.00 80.00 0.00 1
CELL 490.00 80.00 300.00 1
CELL 490.00 90.00 0.00 1
CELL 490.00 90.00 300.00 1
CELL 490.00 100.00 0.00 1
CELL 490.00 100.00 300.00 1
CELL 490.00 110.00 0.00 1
CELL 490.00 110.00 300.00 1
CELL 490.00 120.00 0.00 1
CELL 490.00 120.00 300.00 1
CELL 490.00 130.00 0.00 1
CELL 490.00 130.00 300.00 1
CELL 490.00 140.00 0.00 1
CELL 490.00 140.00 300.00 1
CELL 490.00 150.00 0.00 1
CELL 490.00 150.00 300.00 1
CELL 490.00 160.00 0.00 1
CELL 490.00 160.00 300.00 1
CELL 490.00 170.00 0.00 1
CELL 490.00 170.00 300.00 1
CELL 490.00 180.00 0.00 1
CELL 490.00 180.00 300.00 1
CELL 490.00 190.00 0.00 1
CELL 490.00 190.00 300.00 1
CELL 490.00 200.00 0.00 1
CELL 490.00 200.00 300.00 1
CELL 490.00 210.00 0.00 1
CELL 490.00 210.00 300.00 1
CELL 490.00 220.00 0.00 1
CELL 490.00 220.00 300.00 1
CELL 490.00 230.00 0.00 1
CELL 490.00 230.00 300.00 1
CELL 490.00 240.00 0.00 1
CELL 490.00 240.00 300.00 1
CELL 490.00 250.00 0.00 1
CELL 490.00 250.00 300.00 1
CELL 490.00 260.00 0.00 1
CELL 490.00 260.00 300.00 1
CELL 490.00 270.00 0.00 1
CELL 490.00 270.00 300.00 1
CELL 490.00 280.00 0.00 1
CELL 490.00 280.00 300.00 1
CELL 490.00 290.00 0.00 1
CELL 490.00 290.00 300.00 1
CELL 490.00 300.00 0.00 1
CELL 490.00 300.00 10.00 1
CELL 490.00 300.00 20.00 1
CELL 490.00 300.00 30.00 1
CELL 490.00 300.00 40.00 1
CELL 490.00 300.00 50.00 1
CELL 490.00 300.00 60.00 1
CELL 490.00 300.00 70.00 1
CELL 490.00 300.00 80.00 1
CELL 490.00 300.00 90.00 1
CELL 490.00 300.00 100.00 1
CELL 490.00 300.00 110.00 1
CELL 490.00 300.00 120.00 1
CELL 490.00 300.00 130.00 1
CELL 490.00 300.00 140.00 1
CELL 490.00 300.00 150.00 1
CELL 490.00 300.00 160.00 1
CELL 490.00 300.00 170.00 1
CELL 490.00 300.00 180.00 1
CELL 490.00 300.00 190.00 1
CELL 490.00 300.00 200.00 1
CELL 490.00 300.00 210.00 1
CELL 490.00 300.00 220.00 1
CELL 490.00 300.00 230.00 1
CELL 490.00 300.00 240.00 1
CELL 490.00 300.00 250.00 1
CELL 490.00 300.00 260.00 1
CELL 490.00 300.00 270.00 1
CELL 490.00 300.00 280.00 1
CELL 490.00 300.00 290.00 1
CELL 490.00 300.00 300.00 1
CELL 500.00 0.00 0.00 1
CELL 500.00 0.00 10.00 1
CELL 500.00 0.00 20.00 1
CELL 500.00 0.00 30.00 1
CELL 500.00 0.00 40.00 1
CELL 500.00 0.00 50.00 1
CELL 500.00 0.00 60.00 1
CELL 500.00 0.00 70.00 1
CELL 500.00 0.00 80.00 1
CELL 500.00 0.00 90.00 1
CELL 500.00 0.00 100.00 1
CELL 500.00 0.00 110.00 1
CELL 500.00 0.00 120.00 1
CELL 500.00 0.00 130.00 1
CELL 500.00 0.00 140.00 1
CELL 500.00 0.00 150.00 1
CELL 500.00 0.00 160.00 1
CELL 500.00 0.00 170.00 1
CELL 500.00 0.00 180.00 1
CELL 500.00 0.00 190.00 1
CELL 500.00 0.00 200.00 1
CELL 500.00 0.00 210.00 1
CELL 500.00 0.00 220.00 1
CELL 500.00 0.00 230.00 1
CELL 500.00 0.00 240.00 1
CELL 500.00 0.00 250.00 1
CELL 500.00 0.00 260.00 1
CELL 500.00 0.00 270.00 1
CELL 500.00 0.00 280.00 1
CELL 500.00 0.00 290.00 1
CELL 500.00 0.00 300.00 1
CELL 500.00 10.00 0.00 1
CELL 500.00 10.00 300.00 1
CELL 500.00 20.00 0.00 1
CELL 500.00 20.00 300.00 1
CELL 500.00 30.00 0.00 1
CELL 500.00 30.00 300.00 1
CELL 500.00 40.00 0.00 1
CELL 500.00 40.00 300.00 1
CELL 500.00 50.00 0.00 1
CELL 500.00 50.00 300.00 1
CELL 500.00 60.00 0.00 1
CELL 500.00 60.00 300.00 1
CELL 500.00 70.00 0.00 1
CELL 500.00 70.00 300.00 1
CELL 500.00 80.00 0.00 1
CELL 500.00 80.00 300.00 1
CELL 500.00 90.00 0.00 1
CELL 500.00 90.00 300.00 1
CELL 500.00 100.00 0.00 1
CELL 500.00 100.00 300.00 1
CELL 500.00 110.00 0.00 1
CELL 500.00 110.00 300.00 1
CELL 500.00 120.00 0.00 1
CELL 500.00 120.00 300.00 1
CELL 500.00 130.00 0.00 1
CELL 500.00 130.00 300.00 1
CELL 500.00 140.00 0.00 1
CELL 500.00 140.00 300.00 1
CELL 500.00 150.00 0.00 1
CELL 500.00 150.00 300.00 1
CELL 500.00 160.00 0.00 1
CELL 500.00 160.00 300.00 1
CELL 500.00 170.00 0.00 1
CELL 500.00 170.00 300.00 1
CELL 500.00 180.00 0.00 1
CELL 500.00 180.00 300.00 1
CELL 500.00 190.00 0.00 1
CELL 500.00 190.00 300.00 1
CELL 500.00 200.00 0.00 1
CELL 500.00 200.00 300.00 1
CELL 500.00 210.00 0.00 1
CELL 500.00 210.00 300.00 1
CELL 500.00 220.00 0.00 1
CELL 500.00 220.00 300.00 1
CELL 500.00 230.00 0.00 1
CELL 500.00 230.00 300.00 1
CELL 500.00 240.00 0.00 1
CELL 500.00 240.00 300.00 1
CELL 500.00 250.00 0.00 1
CELL 500.00 250.00 300.00 1
CELL 500.00 260.00 0.00 1
CELL 500.00 260.00 300.00 1
CELL 500.00 270.00 0.00 1
CELL 500.00 270.00 300.00 1
CELL 500.00 280.00 0.00 1
CELL 500.00 280.00 300.00 1
CELL 500.00 290.00 0.00 1
CELL 500.00 290.00 300.00 1
CELL 500.00 300.00 0.00 1
CELL 500.00 300.00 10.00 1
CELL 500.00 300.00 20.00 1
CELL 500.00 300.00 30.00 1
CELL 500.00 300.00 40.00 1
CELL 500.00 300.00 50.00 1
CELL 500.00 300.00 60.00 1
CELL 500.00 300.00 70.00 1
CELL 500.00 300.00 80.00 1
CELL 500.00 300.00 90.00 1
CELL 500.00 300.00 100.00 1
CELL 500.00 300.00 110.00 1
CELL 500.00 300.00 120.00 1
CELL 500.00 300.00 130.00 1
CELL 500.00 300.00 140.00 1
CELL 500.00 300.00 150.00 1
CELL 500.00 300.00 160.00 1
CELL 500.00 300.00 170.00 1
CELL 500.00 300.00 180.00 1
CELL 500.00 300.00 190.00 1
CELL 500.00 300.00 200.00 1
CELL 500.00 300.00 210.00 1
CELL 500.00 300.00 220.00 1
CELL 500.00 300.00 230.00 1
CELL 500.00 300.00 240.00 1
CELL 500.00 300.00 250.00 1
CELL 500.00 300.00 260.00 1
CELL 500.00 300.00 270.00 1
CELL 500.00 300.00 280.00 1
CELL 500.00 300.00 290.00 1
CELL 500.00 300.00 300.00 1
CELL 510.00 0.00 0.00 1
CELL 510.00 0.00 10.00 1
CELL 510.00 0.00 20.00 1
CELL 510.00 0.00 30.00 1
CELL 510.00 0.00 40.00 1
CELL 510.00 0.00 50.00 1
CELL 510.00 0.00 60.00 1
CELL 510.00 0.00 70.00 1
CELL 510.00 0.00 80.00 1
CELL 510.00 0.00 90.00 1
CELL 510.00 0.00 100.00 1
CELL 510.00 0.00 110.00 1
CELL 510.00 0.00 120.00 1
CELL 510.00 0.00 130.00 1
CELL 510.00 0.00 140.00 1
CELL 510.00 0.00 150.00 1
CELL 510.00 0.00 160.00 1
CELL 510.00 0.00 170.00 1
CELL 510.00 0.00 180.00 1
CELL 510.00 0.00 190.00 1
CELL 510.00 0.00 200.00 1
CELL 510.00 0.00 210.00 1
CELL 510.00 0.00 220.00 1
CELL 510.00 0.00 230.00 1
CELL 510.00 0.00 240.00 1
CELL 510.00 0.00 250.00 1
CELL 510.00 0.00 260.00 1
CELL 510.00 0.00 270.00 1
CELL 510.00 0.00 280.00 1
CELL 510.00 0.00 290.00 1
CELL 510.00 0.00 300.00 1
CELL 510.00 10.00 0.00 1
CELL 510.00 10.00 300.00 1
CELL 510.00 20.00 0.00 1
CELL 510.00 20.00 300.00 1
CELL 510.00 30.00 0.00 1
CELL 510.00 30.00 300.00 1
CELL 510.00 40.00 0.00 1
CELL 510.00 40.00 300.00 1
CELL 510.00 50.00 0.00 1
CELL 510.00 50.00 300.00 1
CELL 510.00 60.00 0.00 1
CELL 510.00 60.00 300.00 1
CELL 510.00 70.00 0.00 1
CELL 510.00 70.00 300.00 1
CELL 510.00 80.00 0.00 1
CELL 510.00 80.00 300.00 1
CELL 510.00 90.00 0.00 1
CELL 510.00 90.00 300.00 1
CELL 510.00 100.00 0.00 1
CELL 510.00 100.00 300.00 1
CELL 510.00 110.00 0.00 1
CELL 510.00 110.00 300.00 1
CELL 510.00 120.00 0.00 1
CELL 510.00 120.00 300.00 1
CELL 510.00 130.00 0.00 1
CELL 510.00 130.00 300.00 1
CELL 510.00 140.00 0.00 1
CELL 510.00 140.00 300.00 1
CELL 510.00 150.00 0.00 1
CELL 510.00 150.00 300.00 1
CELL 510.00 160.00 0.00 1
CELL 510.00 160.00 300.00 1
CELL 510.00 170.00 0.00 1
CELL 510.00 170.00 300.00 1
CELL 510.00 180.00 0.00 1
CELL 510.00 180.00 300.00 1
CELL 510.00 190.00 0.00 1
CELL 510.00 190.00 300.00 1
CELL 510.00 200.00 0.00 1
CELL 510.00 200.00 300.00 1
CELL 510.00 210.00 0.00 1
CELL 510.00 210.00 300.00 1
CELL 510.00 220.00 0.00 1
CELL 510.00 220.00 300.00 1
CELL 510.00 230.00 0.00 1
CELL 510.00 230.00 300.00 1
CELL 510.00 240.00 0.00 1
CELL 510.00 240.00 300.00 1
CELL 510.00 250.00 0.00 1
CELL 510.00 250.00 300.00 1
CELL 510.00 260.00 0.00 1
CELL 510.00 260.00 300.00 1
CELL 510.00 270.00 0.00 1
CELL 510.00 270.00 300.00 1
CELL 510.00 280.00 0.00 1
CELL 510.00 280.00 300.00 1
CELL 510.00 290.00 0.00 1
CELL 510.00 290.00 300.00 1
CELL 510.00 300.00 0.00 1
CELL 510.00 300.00 10.00 1
CELL 510.00 300.00 20.00 1
CELL 510.00 300.00 30.00 1
CELL 510.00 300.00 40.00 1
CELL 510.00 300.00 50.00 1
CELL 510.00 300.00 60.00 1
CELL 510.00 300.00 70.00 1
CELL 510.00 300.00 80.00 1
CELL 510.00 300.00 90.00 1
CELL 510.00 300.00 100.00 1
CELL 510.00 300.00 110.00 1
CELL 510.00 300.00 120.00 1
CELL 510.00 300.00 130.00 1
CELL 510.00 300.00 140.00 1
CELL 510.00 300.00 150.00 1
CELL 510.00 300.00 160.00 1
CELL 510.00 300.00 170.00 1
CELL 510.00 300.00 180.00 1
CELL 510.00 300.00 190.00 1
CELL 510.00 300.00 200.00 1
CELL 510.00 300.00 210.00 1
CELL 510.00 300.00 220.00 1
CELL 510.00 300.00 230.00 1
CELL 510.00 300.00 240.00 1
CELL 510.00 300.00 250.00 1
CELL 510.00 300.00 260.00 1
CELL 510.00 300.00 270.00 1
CELL 510.00 300.00 280.00 1
CELL 510.00 300.00 290.00 1
CELL 510.00 300.00 300.00 1
CELL 520.00 0.00 0.00 1
CELL 520.00 0.00 10.00 1
CELL 520.00 0.00 20.00 1
CELL 520.00 0.00 30.00 1
CELL 520.00 0.00 40.00 1
CELL 520.00 0.00 50.00 1
CELL 520.00 0.00 60.00 1
CELL 520.00 0.00 70.00 1
CELL 520.00 0.00 80.00 1
CELL 520.00 0.00 90.00 1
CELL 520.00 0.00 100.00 1
CELL 520.00 0.00 110.00 1
CELL 520.00 0.00 120.00 1
CELL 520.00 0.00 130.00 1
CELL 520.00 0.00 140.00 1
CELL 520.00 0.00 150.00 1
CELL 520.00 0.00 160.00 1
CELL 520.00 0.00 170.00 1
CELL 520.00 0.00 180.00 1
CELL 520.00 0.00 190.00 1
CELL 520.00 0.00 200.00 1
CELL 520.00 0.00 210.00 1
CELL 520.00 0.00 220.00 1
CELL 520.00 0.00 230.00 1
CELL 520.00 0.00 240.00 1
CELL 520.00 0.00 250.00 1
CELL 520.00 0.00 260.00 1
CELL 520.00 0.00 270.00 1
CELL 520.00 0.00 280.00 1
CELL 520.00 0.00 290.00 1
CELL 520.00 0.00 300.00 1
CELL 520.00 10.00 0.00 1
CELL 520.00 10.00 300.00 1
CELL 520.00 20.00 0.00 1
CELL 520.00 20.00 300.00 1
CELL 520.00 30.00 0.00 1
CELL 520.00 30.00 300.00 1
CELL 520.00 40.00 0.00 1
CELL 520.00 40.00 300.00 1
CELL 520.00 50.00 0.00 1
CELL 520.00 50.00 300.00 1
CELL 520.00 60.00 0.00 1
CELL 520.00 60.00 300.00 1
CELL 520.00 70.00 0.00 1
CELL 520.00 70.00 300.00 1
CELL 520.00 80.00 0.00 1
CELL 520.00 80.00 300.00 1
CELL 520.00 90.00 0.00 1
CELL 520.00 90.00 300.00 1
CELL 520.00 100.00 0.00 1
CELL 520.00 100.00 300.00 1
CELL 520.00 110.00 0.00 1
CELL 520.00 110.00 300.00 1
CELL 520.00 120.00 0.00 1
CELL 520.00 120.00 300.00 1
CELL 520.00 130.00 0.00 1
CELL 520.00 130.00 300.00 1
CELL 520.00 140.00 0.00 1
CELL 520.00 140.00 300.00 1
CELL 520.00 150.00 0.00 1
CELL 520.00 150.00 300.00 1
CELL 520.00 160.00 0.00 1
CELL 520.00 160.00 300.00 1
CELL 520.00 170.00 0.00 1
CELL 520.00 170.00 300.00 1
CELL 520.00 180.00 0.00 1
CELL 520.00 180.00 300.00 1
CELL 520.00 190.00 0.00 1
CELL 520.00 190.00 300.00 1
CELL 520.00 200.00 0.00 1
CELL 520.00 200.00 300.00 1
CELL 520.00 210.00 0.00 1
CELL 520.00 210.00 300.00 1
CELL 520.00 220.00 0.00 1
CELL 520.00 220.00 300.00 1
CELL 520.00 230.00 0.00 1
CELL 520.00 230.00 300.00 1
CELL 520.00 240.00 0.00 1
CELL 520.00 240.00 300.00 1
CELL 520.00 250.00 0.00 1
CELL 520.00 250.00 300.00 1
CELL 520.00 260.00 0.00 1
CELL 520.00 260.00 300.00 1
CELL 520.00 270.00 0.00 1
CELL 520.00 270.00 300.00 1
CELL 520.00 280.00 0.00 1
CELL 520.00 280.00 300.00 1
CELL 520.00 290.00 0.00 1
CELL 520.00 290.00 300.00 1
CELL 520.00 300.00 0.00 1
CELL 520.00 300.00 10.00 1
CELL 520.00 300.00 20.00 1
CELL 520.00 300.00 30.00 1
CELL 520.00 300.00 40.00 1
CELL 520.00 300.00 50.00 1
CELL 520.00 300.00 60.00 1
CELL 520.00 300.00 70.00 1
CELL 520.00 300.00 80.00 1
CELL 520.00 300.00 90.00 1
CELL 520.00 300.00 100.00 1
CELL 520.00 300.00 110.00 1
CELL 520.00 300.00 120.00 1
CELL 520.00 300.00 130.00 1
CELL 520.00 300.00 140.00 1
CELL 520.00 300.00 150.00 1
CELL 520.00 300.00 160.00 1
CELL 520.00 300.00 170.00 1
CELL 520.00 300.00 180.00 1
CELL 520.00 300.00 190.00 1
CELL 520.00 300.00 200.00 1
CELL 520.00 300.00 210.00 1
CELL 520.00 300.00 220.00 1
CELL 520.00 300.00 230.00 1
CELL 520.00 300.00 240.00 1
CELL 520.00 300.00 250.00 1
CELL 520.00 300.00 260.00 1
CELL 520.00 300.00 270.00 1
CELL 520.00 300.00 280.00 1
CELL 520.00 300.00 290.00 1
CELL 520.00 300.00 300.00 1
CELL 530.00 0.00 0.00 1
CELL 530.00 0.00 10.00 1
CELL 530.00 0.00 20.00 1
CELL 530.00 0.00 30.00 1
CELL 530.00 0.00 40.00 1
CELL 530.00 0.00 50.00 1
CELL 530.00 0.00 60.00 1
CELL 530.00 0.00 70.00 1
CELL 530.00 0.00 80.00 1
CELL 530.00 0.00 90.00 1
CELL 530.00 0.00 100.00 1
CELL 530.00 0.00 110.00 1
CELL 530.00 0.00 120.00 1
CELL 530.00 0.00 130.00 1
CELL 530.00 0.00 140.00 1
CELL 530.00 0.00 150.00 1
CELL 530.00 0.00 160.00 1
CELL 530.00 0.00 170.00 1
CELL 530.00 0.00 180.00 1
CELL 530.00 0.00 190.00 1
CELL 530.00 0.00 200.00 1
CELL 530.00 0.00 210.00 1
CELL 530.00 0.00 220.00 1
CELL 530.00 0.00 230.00 1
CELL 530.00 0.00 240.00 1
CELL 530.00 0.00 250.00 1
CELL 530.00 0.00 260.00 1
CELL 530.00 0.00 270.00 1
CELL 530.00 0.00 280.00 1
CELL 530.00 0.00 290.00 1
CELL 530.00 0.00 300.00 1
CELL 530.00 10.00 0.00 1
CELL 530.00 10.00 300.00 1
CELL 530.00 20.00 0.00 1
CELL 530.00 20.00 300.00 1
CELL 530.00 30.00 0.00 1
CELL 530.00 30.00 300.00 1
CELL 530.00 40.00 0.00 1
CELL 530.00 40.00 300.00 1
CELL 530.00 50.00 0.00 1
CELL 530.00 50.00 300.00 1
CELL 530.00 60.00 0.00 1
CELL 530.00 60.00 300.00 1
CELL 530.00 70.00 0.00 1
CELL 530.00 70.00 300.00 1
CELL 530.00 80.00 0.00 1
CELL 530.00 80.00 300.00 1
CELL 530.00 90.00 0.00 1
CELL 530.00 90.00 300.00 1
CELL 530.00 100.00 0.00 1
CELL 530.00 100.00 300.00 1
CELL 530.00 110.00 0.00 1
CELL 530.00 110.00 300.00 1
CELL 530.00 120.00 0.00 1
CELL 530.00 120.00 300.00 1
CELL 530.00 130.00 0.00 1
CELL 530.00 130.00 300.00 1
CELL 530.00 140.00 0.00 1
CELL 530.00 140.00 300.00 1
CELL 530.00 150.00 0.00 1
CELL 530.00 150.00 300.00 1
CELL 530.00 160.00 0.00 1
CELL 530.00 160.00 300.00 1
CELL 530.00 170.00 0.00 1
CELL 530.00 170.00 300.00 1
CELL 530.00 180.00 0.00 1
CELL 530.00 180.00 300.00 1
CELL 530.00 190.00 0.00 1
CELL 530.00 190.00 300.00 1
CELL 530.00 200.00 0.00 1
CELL 530.00 200.00 300.00 1
CELL 530.00 210.00 0.00 1
CELL 530.00 210.00 300.00 1
CELL 530.00 220.00 0.00 1
CELL 530.00 220.00 300.00 1
CELL 530.00 230.00 0.00 1
CELL 530.00 230.00 300.00 1
CELL 530.00 240.00 0.00 1
CELL 530.00 240.00 300.00 1
CELL 530.00 250.00 0.00 1
CELL 530.00 250.00 300.00 1
CELL 530.00 260.00 0.00 1
CELL 530.00 260.00 300.00 1
CELL 530.00 270.00 0.00 1
CELL 530.00 270.00 300.00 1
CELL 530.00 280.00 0.00 1
CELL 530.00 280.00 300.00 1
CELL 530.00 290.00 0.00 1
CELL 530.00 290.00 300.00 1
CELL 530.00 300.00 0.00 1
CELL 530.00 300.00 10.00 1
CELL 530.00 300.00 20.00 1
CELL 530.00 300.00 30.00 1
CELL 530.00 300.00 40.00 1
CELL 530.00 300.00 50.00 1
CELL 530.00 300.00 60.00 1
CELL 530.00 300.00 70.00 1
CELL 530.00 300.00 80.00 1
CELL 530.00 300.00 90.00 1
CELL 530.00 300.00 100.00 1
CELL 530.00 300.00 110.00 1
CELL 530.00 300.00 120.00 1
CELL 530.00 300.00 130.00 1
CELL 530.00 300.00 140.00 1
CELL 530.00 300.00 150.00 1
CELL 530.00 300.00 160.00 1
CELL 530.00 300.00 170.00 1
CELL 530.00 300.00 180.00 1
CELL 530.00 300.00 190.00 1
CELL 530.00 300.00 200.00 1
CELL 530.00 300.00 210.00 1
CELL 530.00 300.00 220.00 1
CELL 530.00 300.00 230.00 1
CELL 530.00 300.00 240.00 1
CELL 530.00 300.00 250.00 1
CELL 530.00 300.00 260.00 1
CELL 530.00 300.00 270.00 1
CELL 530.00 300.00 280.00 1
CELL 530.00 300.00 290.00 1
CELL 530.00 300.00 300.00 1
CELL 540.00 0.00 0.00 1
CELL 540.00 0.00 10.00 1
CELL 540.00 0.00 20.00 1
CELL 540.00 0.00 30.00 1
CELL 540.00 0.00 40.00 1
CELL 540.00 0.00 50.00 1
CELL 540.00 0.00 60.00 1
CELL 540.00 0.00 70.00 1
CELL 540.00 0.00 80.00 1
CELL 540.00 0.00 90.00 1
CELL 540.00 0.00 100.00 1
CELL 540.00 0.00 110.00 1
CELL 540.00 0.00 120.00 1
CELL 540.00 0.00 130.00 1
CELL 540.00 0.00 140.00 1
CELL 540.00 0.00 150.00 1
CELL 540.00 0.00 160.00 1
CELL 540.00 0.00 170.00 1
CELL 540.00 0.00 180.00 1
CELL 540.00 0.00 190.00 1
CELL 540.00 0.00 200.00 1
CELL 540.00 0.00 210.00 1
CELL 540.00 0.00 220.00 1
CELL 540.00 0.00 230.00 1
CELL 540.00 0.00 240.00 1
CELL 540.00 0.00 250.00 1
CELL 540.00 0.00 260.00 1
CELL 540.00 0.00 270.00 1
CELL 540.00 0.00 280.00 1
CELL 540.00 0.00 290.00 1
CELL 540.00 0.00 300.00 1
CELL 540.00 10.00 0.00 1
CELL 540.00 10.00 300.00 1
CELL 540.00 20.00 0.00 1
CELL 540.00 20.00 300.00 1
CELL 540.00 30.00 0.00 1
CELL 540.00 30.00 300.00 1
CELL 540.00 40.00 0.00 1
CELL 540.00 40.00 300.00 1
CELL 540.00 50.00 0.00 1
CELL 540.00 50.00 300.00 1
CELL 540.00 60.00 0.00 1
CELL 540.00 60.00 300.00 1
CELL 540.00 70.00 0.00 1
CELL 540.00 70.00 300.00 1
CELL 540.00 80.00 0.00 1
CELL 540.00 80.00 300.00 1
CELL 540.00 90.00 0.00 1
CELL 540.00 90.00 300.00 1
CELL 540.00 100.00 0.00 1
CELL 540.00 100.00 300.00 1
CELL 540.00 110.00 0.00 1
CELL 540.00 110.00 300.00 1
CELL 540.00 120.00 0.00 1
CELL 540.00 120.00 300.00 1
CELL 540.00 130.00 0.00 1
CELL 540.00 130.00 300.00 1
CELL 540.00 140.00 0.00 1
CELL 540.00 140.00 300.00 1
CELL 540.00 150.00 0.00 1
CELL 540.00 150.00 300.00 1
CELL 540.00 160.00 0.00 1
CELL 540.00 160.00 300.00 1
CELL 540.00 170.00 0.00 1
CELL 540.00 170.00 300.00 1
CELL 540.00 180.00 0.00 1
CELL 540.00 180.00 300.00 1
CELL 540.00 190.00 0.00 1
CELL 540.00 190.00 300.00 1
CELL 540.00 200.00 0.00 1
CELL 540.00 200.00 300.00 1
CELL 540.00 210.00 0.00 1
CELL 540.00 210.00 300.00 1
CELL 540.00 220.00 0.00 1
CELL 540.00 220.00 300.00 1
CELL 540.00 230.00 0.00 1
CELL 540.00 230.00 300.00 1
CELL 540.00 240.00 0.00 1
CELL 540.00 240.00 300.00 1
CELL 540.00 250.00 0.00 1
CELL 540.00 250.00 300.00 1
CELL 540.00 260.00 0.00 1
CELL 540.00 260.00 300.00 1
CELL 540.00 270.00 0.00 1
CELL 540.00 270.00 300.00 1
CELL 540.00 280.00 0.00 1
CELL 540.00 280.00 300.00 1
CELL 540.00 290.00 0.00 1
CELL 540.00 290.00 300.00 1
CELL 540.00 300.00 0.00 1
CELL 540.00 300.00 10.00 1
CELL 540.00 300.00 20.00 1
CELL 540.00 300.00 30.00 1
CELL 540.00 300.00 40.00 1
CELL 540.00 300.00 50.00 1
CELL 540.00 300.00 60.00 1
CELL 540.00 300.00 70.00 1
CELL 540.00 300.00 80.00 1
CELL 540.00 300.00 90.00 1
CELL 540.00 300.00 100.00 1
CELL 540.00 300.00 110.00 1
CELL 540.00 300.00 120.00 1
CELL 540.00 300.00 130.00 1
CELL 540.00 300.00 140.00 1
CELL 540.00 300.00 150.00 1
CELL 540.00 300.00 160.00 1
CELL 540.00 300.00 170.00 1
CELL 540.00 300.00 180.00 1
CELL 540.00 300.00 190.00 1
CELL 540.00 300.00 200.00 1
CELL 540.00 300.00 210.00 1
CELL 540.00 300.00 220.00 1
CELL 540.00 300.00 230.00 1
CELL 540.00 300.00 240.00 1
CELL 540.00 300.00 250.00 1
CELL 540.00 300.00 260.00 1
CELL 540.00 300.00 270.00 1
CELL 540.00 300.00 280.00 1
CELL 540.00 300.00 290.00 1
CELL 540.00 300.00 300.00 1
CELL 550.00 0.00 0.00 1
CELL 550.00 0.00 10.00 1
CELL 550.00 0.00 20.00 1
CELL 550.00 0.00 30.00 1
CELL 550.00 0.00 40.00 1
CELL 550.00 0.00 50.00 1
CELL 550.00 0.00 60.00 1
CELL 550.00 0.00 70.00 1
CELL 550.00 0.00 80.00 1
CELL 550.00 0.00 90.00 1
CELL 550.00 0.00 100.00 1
CELL 550.00 0.00 110.00 1
CELL 550.00 0.00 120.00 1
CELL 550.00 0.00 130.00 1
CELL 550.00 0.00 140.00 1
CELL 550.00 0.00 150.00 1
CELL 550.00 0.00 160.00 1
CELL 550.00 0.00 170.00 1
CELL 550.00 0.00 180.00 1
CELL 550.00 0.00 190.00 1
CELL 550.00 0.00 200.00 1
CELL 550.00 0.00 210.00 1
CELL 550.00 0.00 220.00 1
CELL 550.00 0.00 230.00 1
CELL 550.00 0.00 240.00 1
CELL 550.00 0.00 250.00 1
CELL 550.00 0.00 260.00 1
CELL 550.00 0.00 270.00 1
CELL 550.00 0.00 280.00 1
CELL 550.00 0.00 290.00 1
CELL 550.00 0.00 300.00 1
CELL 550.00 10.00 0.00 1
CELL 550.00 10.00 300.00 1
CELL 550.00 20.00 0.00 1
CELL 550.00 20.00 300.00 1
CELL 550.00 30.00 0.00 1
CELL 550.00 30.00 300.00 1
CELL 550.00 40.00 0.00 1
CELL 550.00 40.00 300.00 1
CELL 550.00 50.00 0.00 1
CELL 550.00 50.00 300.00 1
CELL 550.00 60.00 0.00 1
CELL 550.00 60.00 300.00 1
CELL 550.00 70.00 0.00 1
CELL 550.00 70.00 300.00 1
CELL 550.00 80.00 0.00 1
CELL 550.00 80.00 300.00 1
CELL 550.00 90.00 0.00 1
CELL 550.00 90.00 300.00 1
CELL 550.00 100.00 0.00 1
CELL 550.00 100.00 300.00 1
CELL 550.00 110.00 0.00 1
CELL 550.00 110.00 300.00 1
CELL 550.00 120.00 0.00 1
CELL 550.00 120.00 300.00 1
CELL 550.00 130.00 0.00 1
CELL 550.00 130.00 300.00 1
CELL 550.00 140.00 0.00 1
CELL 550.00 140.00 300.00 1
CELL 550.00 150.00 0.00 1
CELL 550.00 150.00 300.00 1
CELL 550.00 160.00 0.00 1
CELL 550.00 160.00 300.00 1
CELL 550.00 170.00 0.00 1
CELL 550.00 170.00 300.00 1
CELL 550.00 180.00 0.00 1
CELL 550.00 180.00 300.00 1
CELL 550.00 190.00 0.00 1
CELL 550.00 190.00 300.00 1
CELL 550.00 200.00 0.00 1
CELL 550.00 200.00 300.00 1
CELL 550.00 210.00 0.00 1
CELL 550.00 210.00 300.00 1
CELL 550.00 220.00 0.00 1
CELL 550.00 220.00 300.00 1
CELL 550.00 230.00 0.00 1
CELL 550.00 230.00 300.00 1
CELL 550.00 240.00 0.00 1
CELL 550.00 240.00 300.00 1
CELL 550.00 250.00 0.00 1
CELL 550.00 250.00 300.00 1
CELL 550.00 260.00 0.00 1
CELL 550.00 260.00 300.00 1
CELL 550.00 270.00 0.00 1
CELL 550.00 270.00 300.00 1
CELL 550.00 280.00 0.00 1
CELL 550.00 280.00 300.00 1
CELL 550.00 290.00 0.00 1
CELL 550.00 290.00 300.00 1
CELL 550.00 300.00 0.00 1
CELL 550.00 300.00 10.00 1
CELL 550.00 300.00 20.00 1
CELL 550.00 300.00 30.00 1
CELL 550.00 300.00 40.00 1
CELL 550.00 300.00 50.00 1
CELL 550.00 300.00 60.00 1
CELL 550.00 300.00 70.00 1
CELL 550.00 300.00 80.00 1
CELL 550.00 300.00 90.00 1
CELL 550.00 300.00 100.00 1
CELL 550.00 300.00 110.00 1
CELL 550.00 300.00 120.00 1
CELL 550.00 300.00 130.00 1
CELL 550.00 300.00 140.00 1
CELL 550.00 300.00 150.00 1
CELL 550.00 300.00 160.00 1
CELL 550.00 300.00 170.00 1
CELL 550.00 300.00 180.00 1
CELL 550.00 300.00 190.00 1
CELL 550.00 300.00 200.00 1
CELL 550.00 300.00 210.00 1
CELL 550.00 300.00 220.00 1
CELL 550.00 300.00 230.00 1
CELL 550.00 300.00 240.00 1
CELL 550.00 300.00 250.00 1
CELL 550.00 300.00 260.00 1
CELL 550.00 300.00 270.00 1
CELL 550.00 300.00 280.00 1
CELL 550.00 300.00 290.00 1
CELL 550.00 300.00 300.00 1
CELL 560.00 0.00 0.00 1
CELL 560.00 0.00 10.00 1
CELL 560.00 0.00 20.00 1
CELL 560.00 0.00 30.00 1
CELL 560.00 0.00 40.00 1
CELL 560.00 0.00 50.00 1
CELL 560.00 0.00 60.00 1
CELL 560.00 0.00 70.00 1
CELL 560.00 0.00 80.00 1
CELL 560.00 0.00 90.00 1
CELL 560.00 0.00 100.00 1
CELL 560.00 0.00 110.00 1
CELL 560.00 0.00 120.00 1
CELL 560.00 0.00 130.00 1
CELL 560.00 0.00 140.00 1
CELL 560.00 0.00 150.00 1
CELL 560.00 0.00 160.00 1
CELL 560.00 0.00 170.00 1
CELL 560.00 0.00 180.00 1
CELL 560.00 0.00 190.00 1
CELL 560.00 0.00 200.00 1
CELL 560.00 0.00 210.00 1
CELL 560.00 0.00 220.00 1
CELL 560.00 0.00 230.00 1
CELL 560.00 0.00 240.00 1
CELL 560.00 0.00 250.00 1
CELL 560.00 0.00 260.00 1
CELL 560.00 0.00 270.00 1
CELL 560.00 0.00 280.00 1
CELL 560.00 0.00 290.00 1
CELL 560.00 0.00 300.00 1
CELL 560.00 10.00 0.00 1
CELL 560.00 10.00 300.00 1
CELL 560.00 20.00 0.00 1
CELL 560.00 20.00 300.00 1
CELL 560.00 30.00 0.00 1
CELL 560.00 30.00 300.00 1
CELL 560.00 40.00 0.00 1
CELL 560.00 40.00 300.00 1
CELL 560.00 50.00 0.00 1
CELL 560.00 50.00 300.00 1
CELL 560.00 60.00 0.00 1
CELL 560.00 60.00 300.00 1
CELL 560.00 70.00 0.00 1
CELL 560.00 70.00 300.00 1
CELL 560.00 80.00 0.00 1
CELL 560.00 80.00 300.00 1
CELL 560.00 90.00 0.00 1
CELL 560.00 90.00 300.00 1
CELL 560.00 100.00 0.00 1
CELL 560.00 100.00 300.00 1
CELL 560.00 110.00 0.00 1
CELL 560.00 110.00 300.00 1
CELL 560.00 120.00 0.00 1
CELL 560.00 120.00 300.00 1
CELL 560.00 130.00 0.00 1
CELL 560.00 130.00 300.00 1
CELL 560.00 140.00 0.00 1
CELL 560.00 140.00 300.00 1
CELL 560.00 150.00 0.00 1
CELL 560.00 150.00 300.00 1
CELL 560.00 160.00 0.00 1
CELL 560.00 160.00 300.00 1
CELL 560.00 170.00 0.00 1
CELL 560.00 170.00 300.00 1
CELL 560.00 180.00 0.00 1
CELL 560.00 180.00 300.00 1
CELL 560.00 190.00 0.00 1
CELL 560.00 190.00 300.00 1
CELL 560.00 200.00 0.00 1
CELL 560.00 200.00 300.00 1
CELL 560.00 210.00 0.00 1
CELL 560.00 210.00 300.00 1
CELL 560.00 220.00 0.00 1
CELL 560.00 220.00 300.00 1
CELL 560.00 230.00 0.00 1
CELL 560.00 230.00 300.00 1
CELL 560.00 240.00 0.00 1
CELL 560.00 240.00 300.00 1
CELL 560.00 250.00 0.00 1
CELL 560.00 250.00 300.00 1
CELL 560.00 260.00 0.00 1
CELL 560.00 260.00 300.00 1
CELL 560.00 270.00 0.00 1
CELL 560.00 270.00 300.00 1
CELL 560.00 280.00 0.00 1
CELL 560.00 280.00 300.00 1
CELL 560.00 290.00 0.00 1
CELL 560.00 290.00 300.00 1
CELL 560.00 300.00 0.00 1
CELL 560.00 300.00 10.00 1
CELL 560.00 300.00 20.00 1
CELL 560.00 300.00 30.00 1
CELL 560.00 300.00 40.00 1
CELL 560.00 300.00 50.00 1
CELL 560.00 300.00 60.00 1
CELL 560.00 300.00 70.00 1
CELL 560.00 300.00 80.00 1
CELL 560.00 300.00 90.00 1
CELL 560.00 300.00 100.00 1
CELL 560.00 300.00 110.00 1
CELL 560.00 300.00 120.00 1
CELL 560.00 300.00 130.00 1
CELL 560.00 300.00 140.00 1
CELL 560.00 300.00 150.00 1
CELL 560.00 300.00 160.00 1
CELL 560.00 300.00 170.00 1
CELL 560.00 300.00 180.00 1
CELL 560.00 300.00 190.00 1
CELL 560.00 300.00 200.00 1
CELL 560.00 300.00 210.00 1
CELL 560.00 300.00 220.00 1
CELL 560.00 300.00 230.00 1
CELL 560.00 300.00 240.00 1
CELL 560.00 300.00 250.00 1
CELL 560.00 300.00 260.00 1
CELL 560.00 300.00 270.00 1
CELL 560.00 300.00 280.00 1
CELL 560.00 300.00 290.00 1
CELL 560.00 300.00 300.00 1
CELL 570.00 0.00 0.00 1
CELL 570.00 0.00 10.00 1
CELL 570.00 0.00 20.00 1
CELL 570.00 0.00 30.00 1
CELL 570.00 0.00 40.00 1
CELL 570.00 0.00 50.00 1
CELL 570.00 0.00 60.00 1
CELL 570.00 0.00 70.00 1
CELL 570.00 0.00 80.00 1
CELL 570.00 0.00 90.00 1
CELL 570.00 0.00 100.00 1
CELL 570.00 0.00 110.00 1
CELL 570.00 0.00 120.00 1
CELL 570.00 0.00 130.00 1
CELL 570.00 0.00 140.00 1
CELL 570.00 0.00 150.00 1
CELL 570.00 0.00 160.00 1
CELL 570.00 0.00 170.00 1
CELL 570.00 0.00 180.00 1
CELL 570.00 0.00 190.00 1
CELL 570.00 0.00 200.00 1
CELL 570.00 0.00 210.00 1
CELL 570.00 0.00 220.00 1
CELL 570.00 0.00 230.00 1
CELL 570.00 0.00 240.00 1
CELL 570.00 0.00 250.00 1
CELL 570.00 0.00 260.00 1
CELL 570.00 0.00 270.00 1
CELL 570.00 0.00 280.00 1
CELL 570.00 0.00 290.00 1
CELL 570.00 0.00 300.00 1
CELL 570.00 10.00 0.00 1
CELL 570.00 10.00 300.00 1
CELL 570.00 20.00 0.00 1
CELL 570.00 20.00 300.00 1
CELL 570.00 30.00 0.00 1
CELL 570.00 30.00 300.00 1
CELL 570.00 40.00 0.00 1
CELL 570.00 40.00 300.00 1
CELL 570.00 50.00 0.00 1
CELL 570.00 50.00 300.00 1
CELL 570.00 60.00 0.00 1
CELL 570.00 60.00 300.00 1
CELL 570.00 70.00 0.00 1
CELL 570.00 70.00 300.00 1
CELL 570.00 80.00 0.00 1
CELL 570.00 80.00 300.00 1
CELL 570.00 90.00 0.00 1
CELL 570.00 90.00 300.00 1
CELL 570.00 100.00 0.00 1
CELL 570.00 100.00 300.00 1
CELL 570.00 110.00 0.00 1
CELL 570.00 110.00 300.00 1
CELL 570.00 120.00 0.00 1
CELL 570.00 120.00 300.00 1
CELL 570.00 130.00 0.00 1
CELL 570.00 130.00 300.00 1
CELL 570.00 140.00 0.00 1
CELL 570.00 140.00 300.00 1
CELL 570.00 150.00 0.00 1
CELL 570.00 150.00 300.00 1
CELL 570.00 160.00 0.00 1
CELL 570.00 160.00 300.00 1
CELL 570.00 170.00 0.00 1
CELL 570.00 170.00 300.00 1
CELL 570.00 180.00 0.00 1
CELL 570.00 180.00 300.00 1
CELL 570.00 190.00 0.00 1
CELL 570.00 190.00 300.00 1
CELL 570.00 200.00 0.00 1
CELL 570.00 200.00 300.00 1
CELL 570.00 210.00 0.00 1
CELL 570.00 210.00 300.00 1
CELL 570.00 220.00 0.00 1
CELL 570.00 220.00 300.00 1
CELL 570.00 230.00 0.00 1
CELL 570.00 230.00 300.00 1
CELL 570.00 240.00 0.00 1
CELL 570.00 240.00 300.00 1
CELL 570.00 250.00 0.00 1
CELL 570.00 250.00 300.00 1
CELL 570.00 260.00 0.00 1
CELL 570.00 260.00 300.00 1
CELL 570.00 270.00 0.00 1
CELL 570.00 270.00 300.00 1
CELL 570.00 280.00 0.00 1
CELL 570.00 280.00 300.00 1
CELL 570.00 290.00 0.00 1
CELL 570.00 290.00 300.00 1
CELL 570.00 300.00 0.00 1
CELL 570.00 300.00 10.00 1
CELL 570.00 300.00 20.00 1
CELL 570.00 300.00 30.00 1
CELL 570.00 300.00 40.00 1
CELL 570.00 300.00 50.00 1
CELL 570.00 300.00 60.00 1
CELL 570.00 300.00 70.00 1
CELL 570.00 300.00 80.00 1
CELL 570.00 300.00 90.00 1
CELL 570.00 300.00 100.00 1
CELL 570.00 300.00 110.00 1
CELL 570.00 300.00 120.00 1
CELL 570.00 300.00 130.00 1
CELL 570.00 300.00 140.00 1
CELL 570.00 300.00 150.00 1
CELL 570.00 300.00 160.00 1
CELL 570.00 300.00 170.00 1
CELL 570.00 300.00 180.00 1
CELL 570.00 300.00 190.00 1
CELL 570.00 300.00 200.00 1
CELL 570.00 300.00 210.00 1
CELL 570.00 300.00 220.00 1
CELL 570.00 300.00 230.00 1
CELL 570.00 300.00 240.00 1
CELL 570.00 300.00 250.00 1
CELL 570.00 300.00 260.00 1
CELL 570.00 300.00 270.00 1
CELL 570.00 300.00 280.00 1
CELL 570.00 300.00 290.00 1
CELL 570.00 300.00 300.00 1
CELL 580.00 0.00 0.00 1
CELL 580.00 0.00 10.00 1
CELL 580.00 0.00 20.00 1
CELL 580.00 0.00 30.00 1
CELL 580.00 0.00 40.00 1
CELL 580.00 0.00 50.00 1
CELL 580.00 0.00 60.00 1
CELL 580.00 0.00 70.00 1
CELL 580.00 0.00 80.00 1
CELL 580.00 0.00 90.00 1
CELL 580.00 0.00 100.00 1
CELL 580.00 0.00 110.00 1
CELL 580.00 0.00 120.00 1
CELL 580.00 0.00 130.00 1
CELL 580.00 0.00 140.00 1
CELL 580.00 0.00 150.00 1
CELL 580.00 0.00 160.00 1
CELL 580.00 0.00 170.00 1
CELL 580.00 0.00 180.00 1
CELL 580.00 0.00 190.00 1
CELL 580.00 0.00 200.00 1
CELL 580.00 0.00 210.00 1
CELL 580.00 0.00 220.00 1
CELL 580.00 0.00 230.00 1
CELL 580.00 0.00 240.00 1
CELL 580.00 0.00 250.00 1
CELL 580.00 0.00 260.00 1
CELL 580.00 0.00 270.00 1
CELL 580.00 0.00 280.00 1
CELL 580.00 0.00 290.00 1
CELL 580.00 0.00 300.00 1
CELL 580.00 10.00 0.00 1
CELL 580.00 10.00 300.00 1
CELL 580.00 20.00 0.00 1
CELL 580.00 20.00 300.00 1
CELL 580.00 30.00 0.00 1
CELL 580.00 30.00 300.00 1
CELL 580.00 40.00 0.00 1
CELL 580.00 40.00 300.00 1
CELL 580.00 50.00 0.00 1
CELL 580.00 50.00 300.00 1
CELL 580.00 60.00 0.00 1
CELL 580.00 60.00 300.00 1
CELL 580.00 70.00 0.00 1
CELL 580.00 70.00 300.00 1
CELL 580.00 80.00 0.00 1
CELL 580.00 80.00 300.00 1
CELL 580.00 90.00 0.00 1
CELL 580.00 90.00 300.00 1
CELL 580.00 100.00 0.00 1
CELL 580.00 100.00 300.00 1
CELL 580.00 110.00 0.00 1
CELL 580.00 110.00 300.00 1
CELL 580.00 120.00 0.00 1
CELL 580.00 120.00 300.00 1
CELL 580.00 130.00 0.00 1
CELL 580.00 130.00 300.00 1
CELL 580.00 140.00 0.00 1
CELL 580.00 140.00 300.00 1
CELL 580.00 150.00 0.00 1
CELL 580.00 150.00 300.00 1
CELL 580.00 160.00 0.00 1
CELL 580.00 160.00 300.00 1
CELL 580.00 170.00 0.00 1
CELL 580.00 170.00 300.00 1
CELL 580.00 180.00 0.00 1
CELL 580.00 180.00 300.00 1
CELL 580.00 190.00 0.00 1
CELL 580.00 190.00 300.00 1
CELL 580.00 200.00 0.00 1
CELL 580.00 200.00 300.00 1
CELL 580.00 210.00 0.00 1
CELL 580.00 210.00 300.00 1
CELL 580.00 220.00 0.00 1
CELL 580.00 220.00 300.00 1
CELL 580.00 230.00 0.00 1
CELL 580.00 230.00 300.00 1
CELL 580.00 240.00 0.00 1
CELL 580.00 240.00 300.00 1
CELL 580.00 250.00 0.00 1
CELL 580.00 250.00 300.00 1
CELL 580.00 260.00 0.00 1
CELL 580.00 260.00 300.00 1
CELL 580.00 270.00 0.00 1
CELL 580.00 270.00 300.00 1
CELL 580.00 280.00 0.00 1
CELL 580.00 280.00 300.00 1
CELL 580.00 290.00 0.00 1
CELL 580.00 290.00 300.00 1
CELL 580.00 300.00 0.00 1
CELL 580.00 300.00 10.00 1
CELL 580.00 300.00 20.00 1
CELL 580.00 300.00 30.00 1
CELL 580.00 300.00 40.00 1
CELL 580.00 300.00 50.00 1
CELL 580.00 300.00 60.00 1
CELL 580.00 300.00 70.00 1
CELL 580.00 300.00 80.00 1
CELL 580.00 300.00 90.00 1
CELL 580.00 300.00 100.00 1
CELL 580.00 300.00 110.00 1
CELL 580.00 300.00 120.00 1
CELL 580.00 300.00 130.00 1
CELL 580.00 300.00 140.00 1
CELL 580.00 300.00 150.00 1
CELL 580.00 300.00 160.00 1
CELL 580.00 300.00 170.00 1
CELL 580.00 300.00 180.00 1
CELL 580.00 300.00 190.00 1
CELL 580.00 300.00 200.00 1
CELL 580.00 300.00 210.00 1
CELL 580.00 300.00 220.00 1
CELL 580.00 300.00 230.00 1
CELL 580.00 300.00 240.00 1
CELL 580.00 300.00 250.00 1
CELL 580.00 300.00 260.00 1
CELL 580.00 300.00 270.00 1
CELL 580.00 300.00 280.00 1
CELL 580.00 300.00 290.00 1
CELL 580.00 300.00 300.00 1
CELL 590.00 0.00 0.00 1
CELL 590.00 0.00 10.00 1
CELL 590.00 0.00 20.00 1
CELL 590.00 0.00 30.00 1
CELL 590.00 0.00 40.00 1
CELL 590.00 0.00 50.00 1
CELL 590.00 0.00 60.00 1
CELL 590.00 0.00 70.00 1
CELL 590.00 0.00 80.00 1
CELL 590.00 0.00 90.00 1
CELL 590.00 0.00 100.00 1
CELL 590.00 0.00 110.00 1
CELL 590.00 0.00 120.00 1
CELL 590.00 0.00 130.00 1
CELL 590.00 0.00 140.00 1
CELL 590.00 0.00 150.00 1
CELL 590.00 0.00 160.00 1
CELL 590.00 0.00 170.00 1
CELL 590.00 0.00 180.00 1
CELL 590.00 0.00 190.00 1
CELL 590.00 0.00 200.00 1
CELL 590.00 0.00 210.00 1
CELL 590.00 0.00 220.00 1
CELL 590.00 0.00 230.00 1
CELL 590.00 0.00 240.00 1
CELL 590.00 0.00 250.00 1
CELL 590.00 0.00 260.00 1
CELL 590.00 0.00 270.00 1
CELL 590.00 0.00 280.00 1
CELL 590.00 0.00 290.00 1
CELL 590.00 0.00 300.00 1
CELL 590.00 10.00 0.00 1
CELL 590.00 10.00 300.00 1
CELL 590.00 20.00 0.00 1
CELL 590.00 20.00 300.00 1
CELL 590.00 30.00 0.00 1
CELL 590.00 30.00 300.00 1
CELL 590.00 40.00 0.00 1
CELL 590.00 40.00 300.00 1
CELL 590.00 50.00 0.00 1
CELL 590.00 50.00 300.00 1
CELL 590.00 60.00 0.00 1
CELL 590.00 60.00 300.00 1
CELL 590.00 70.00 0.00 1
CELL 590.00 70.00 300.00 1
CELL 590.00 80.00 0.00 1
CELL 590.00 80.00 300.00 1
CELL 590.00 90.00 0.00 1
CELL 590.00 90.00 300.00 1
CELL 590.00 100.00 0.00 1
CELL 590.00 100.00 300.00 1
CELL 590.00 110.00 0.00 1
CELL 590.00 110.00 300.00 1
CELL 590.00 120.00 0.00 1
CELL 590.00 120.00 300.00 1
CELL 590.00 130.00 0.00 1
CELL 590.00 130.00 300.00 1
CELL 590.00 140.00 0.00 1
CELL 590.00 140.00 300.00 1
CELL 590.00 150.00 0.00 1
CELL 590.00 150.00 300.00 1
CELL 590.00 160.00 0.00 1
CELL 590.00 160.00 300.00 1
CELL 590.00 170.00 0.00 1
CELL 590.00 170.00 300.00 1
CELL 590.00 180.00 0.00 1
CELL 590.00 180.00 300.00 1
CELL 590.00 190.00 0.00 1
CELL 590.00 190.00 300.00 1
CELL 590.00 200.00 0.00 1
CELL 590.00 200.00 300.00 1
CELL 590.00 210.00 0.00 1
CELL 590.00 210.00 300.00 1
CELL 590.00 220.00 0.00 1
CELL 590.00 220.00 300.00 1
CELL 590.00 230.00 0.00 1
CELL 590.00 230.00 300.00 1
CELL 590.00 240.00 0.00 1
CELL 590.00 240.00 300.00 1
CELL 590.00 250.00 0.00 1
CELL 590.00 250.00 300.00 1
CELL 590.00 260.00 0.00 1
CELL 590.00 260.00 300.00 1
CELL 590.00 270.00 0.00 1
CELL 590.00 270.00 300.00 1
CELL 590.00 280.00 0.00 1
CELL 590.00 280.00 300.00 1
CELL 590.00 290.00 0.00 1
CELL 590.00 290.00 300.00 1
CELL 590.00 300.00 0.00 1
CELL 590.00 300.00 10.00 1
CELL 590.00 300.00 20.00 1
CELL 590.00 300.00 30.00 1
CELL 590.00 300.00 40.00 1
CELL 590.00 300.00 50.00 1
CELL 590.00 300.00 60.00 1
CELL 590.00 300.00 70.00 1
CELL 590.00 300.00 80.00 1
CELL 590.00 300.00 90.00 1
CELL 590.00 300.00 100.00 1
CELL 590.00 300.00 110.00 1
CELL 590.00 300.00 120.00 1
CELL 590.00 300.00 130.00 1
CELL 590.00 300.00 140.00 1
CELL 590.00 300.00 150.00 1
CELL 590.00 300.00 160.00 1
CELL 590.00 300.00 170.00 1
CELL 590.00 300.00 180.00 1
CELL 590.00 300.00 190.00 1
CELL 590.00 300.00 200.00 1
CELL 590.00 300.00 210.00 1
CELL 590.00 300.00 220.00 1
CELL 590.00 300.00 230.00 1
CELL 590.00 300.00 240.00 1
CELL 590.00 300.00 250.00 1
CELL 590.00 300.00 260.00 1
CELL 590.00 300.00 270.00 1
CELL 590.00 300.00 280.00 1
CELL 590.00 300.00 290.00 1
CELL 590.00 300.00 300.00 1
CELL 600.00 0.00 0.00 1
CELL 600.00 0.00 10.00 1
CELL 600.00 0.00 20.00 1
CELL 600.00 0.00 30.00 1
CELL 600.00 0.00 40.00 1
CELL 600.00 0.00 50.00 1
CELL 600.00 0.00 60.00 1
CELL 600.00 0.00 70.00 1
CELL 600.00 0.00 80.00 1
CELL 600.00 0.00 90.00 1
CELL 600.00 0.00 100.00 1
CELL 600.00 0.00 110.00 1
CELL 600.00 0.00 120.00 1
CELL 600.00 0.00 130.00 1
CELL 600.00 0.00 140.00 1
CELL 600.00 0.00 150.00 1
CELL 600.00 0.00 160.00 1
CELL 600.00 0.00 170.00 1
CELL 600.00 0.00 180.00 1
CELL 600.00 0.00 190.00 1
CELL 600.00 0.00 200.00 1
CELL 600.00 0.00 210.00 1
CELL 600.00 0.00 220.00 1
CELL 600.00 0.00 230.00 1
CELL 600.00 0.00 240.00 1
CELL 600.00 0.00 250.00 1
CELL 600.00 0.00 260.00 1
CELL 600.00 0.00 270.00 1
CELL 600.00 0.00 280.00 1
CELL 600.00 0.00 290.00 1
CELL 600.00 0.00 300.00 1
CELL 600.00 10.00 0.00 1
CELL 600.00 10.00 10.00 1
CELL 600.00 10.00 20.00 1
CELL 600.00 10.00 30.00 1
CELL 600.00 10.00 40.00 1
CELL 600.00 10.00 50.00 1
CELL 600.00 10.00 60.00 1
CELL 600.00 10.00 70.00 1
CELL 600.00 10.00 80.00 1
CELL 600.00 10.00 90.00 1
CELL 600.00 10.00 100.00 1
CELL 600.00 10.00 110.00 1
CELL 600.00 10.00 120.00 1
CELL 600.00 10.00 130.00 1
CELL 600.00 10.00 140.00 1
CELL 600.00 10.00 150.00 1
CELL 600.00 10.00 160.00 1
CELL 600.00 10.00 170.00 1
CELL 600.00 10.00 180.00 1
CELL 600.00 10.00 190.00 1
CELL 600.00 10.00 200.00 1
CELL 600.00 10.00 210.00 1
CELL 600.00 10.00 220.00 1
CELL 600.00 10.00 230.00 1
CELL 600.00 10.00 240.00 1
CELL 600.00 10.00 250.00 1
CELL 600.00 10.00 260.00 1
CELL 600.00 10.00 270.00 1
CELL 600.00 10.00 280.00 1
CELL 600.00 10.00 290.00 1
CELL 600.00 10.00 300.00 1
CELL 600.00 20.00 0.00 1
CELL 600.00 20.00 10.00 1
CELL 600.00 20.00 20.00 1
CELL 600.00 20.00 30.00 1
CELL 600.00 20.00 40.00 1
CELL 600.00 20.00 50.00 1
CELL 600.00 20.00 60.00 1
CELL 600.00 20.00 70.00 1
CELL 600.00 20.00 80.00 1
CELL 600.00 20.00 90.00 1
CELL 600.00 20.00 100.00 1
CELL 600.00 20.00 110.00 1
CELL 600.00 20.00 120.00 1
CELL 600.00 20.00 130.00 1
CELL 600.00 20.00 140.00 1
CELL 600.00 20.00 150.00 1
CELL 600.00 20.00 160.00 1
CELL 600.00 20.00 170.00 1
CELL 600.00 20.00 180.00 1
CELL 600.00 20.00 190.00 1
CELL 600.00 20.00 200.00 1
CELL 600.00 20.00 210.00 1
CELL 600.00 20.00 220.00 1
CELL 600.00 20.00 230.00 1
CELL 600.00 20.00 240.00 1
CELL 600.00 20.00 250.00 1
CELL 600.00 20.00 260.00 1
CELL 600.00 20.00 270.00 1
CELL 600.00 20.00 280.00 1
CELL 600.00 20.00 290.00 1
CELL 600.00 20.00 300.00 1
CELL 600.00 30.00 0.00 1
CELL 600.00 30.00 10.00 1
CELL 600.00 30.00 20.00 1
CELL 600.00 30.00 30.00 1
CELL 600.00 30.00 40.00 1
CELL 600.00 30.00 50.00 1
CELL 600.00 30.00 60.00 1
CELL 600.00 30.00 70.00 1
CELL 600.00 30.00 80.00 1
CELL 600.00 30.00 90.00 1
CELL 600.00 30.00 100.00 1
CELL 600.00 30.00 110.00 1
CELL 600.00 30.00 120.00 1
CELL 600.00 30.00 130.00 1
CELL 600.00 30.00 140.00 1
CELL 600.00 30.00 150.00 1
CELL 600.00 30.00 160.00 1
CELL 600.00 30.00 170.00 1
CELL 600.00 30.00 180.00 1
CELL 600.00 30.00 190.00 1
CELL 600.00 30.00 200.00 1
CELL 600.00 30.00 210.00 1
CELL 600.00 30.00 220.00 1
CELL 600.00 30.00 230.00 1
CELL 600.00 30.00 240.00 1
CELL 600.00 30.00 250.00 1
CELL 600.00 30.00 260.00 1
CELL 600.00 30.00 270.00 1
CELL 600.00 30.00 280.00 1
CELL 600.00 30.00 290.00 1
CELL 600.00 30.00 300.00 1
CELL 600.00 40.00 0.00 1
CELL 600.00 40.00 10.00 1
CELL 600.00 40.00 20.00 1
CELL 600.00 40.00 30.00 1
CELL 600.00 40.00 40.00 1
CELL 600.00 40.00 50.00 1
CELL 600.00 40.00 60.00 1
CELL 600.00 40.00 70.00 1
CELL 600.00 40.00 80.00 1
CELL 600.00 40.00 90.00 1
CELL 600.00 40.00 100.00 1
CELL 600.00 40.00 110.00 1
CELL 600.00 40.00 120.00 1
CELL 600.00 40.00 130.00 1
CELL 600.00 40.00 140.00 1
CELL 600.00 40.00 150.00 1
CELL 600.00 40.00 160.00 1
CELL 600.00 40.00 170.00 1
CELL 600.00 40.00 180.00 1
CELL 600.00 40.00 190.00 1
CELL 600.00 40.00 200.00 1
CELL 600.00 40.00 210.00 1
CELL 600.00 40.00 220.00 1
CELL 600.00 40.00 230.00 1
CELL 600.00 40.00 240.00 1
CELL 600.00 40.00 250.00 1
CELL 600.00 40.00 260.00 1
CELL 600.00 40.00 270.00 1
CELL 600.00 40.00 280.00 1
CELL 600.00 40.00 290.00 1
CELL 600.00 40.00 300.00 1
CELL 600.00 50.00 0.00 1
CELL 600.00 50.00 10.00 1
CELL 600.00 50.00 20.00 1
CELL 600.00 50.00 30.00 1
CELL 600.00 50.00 40.00 1
CELL 600.00 50.00 50.00 1
CELL 600.00 50.00 60.00 1
CELL 600.00 50.00 70.00 1
CELL 600.00 50.00 80.00 1
CELL 600.00 50.00 90.00 1
CELL 600.00 50.00 100.00 1
CELL 600.00 50.00 110.00 1
CELL 600.00 50.00 120.00 1
CELL 600.00 50.00 130.00 1
CELL 600.00 50.00 140.00 1
CELL 600.00 50.00 150.00 1
CELL 600.00 50.00 160.00 1
CELL 600.00 50.00 170.00 1
CELL 600.00 50.00 180.00 1
CELL 600.00 50.00 190.00 1
CELL 600.00 50.00 200.00 1
CELL 600.00 50.00 210.00 1
CELL 600.00 50.00 220.00 1
CELL 600.00 50.00 230.00 1
CELL 600.00 50.00 240.00 1
CELL 600.00 50.00 250.00 1
CELL 600.00 50.00 260.00 1
CELL 600.00 50.00 270.00 1
CELL 600.00 50.00 280.00 1
CELL 600.00 50.00 290.00 1
CELL 600.00 50.00 300.00 1
CELL 600.00 60.00 0.00 1
CELL 600.00 60.00 10.00 1
CELL 600.00 60.00 20.00 1
CELL 600.00 60.00 30.00 1
CELL 600.00 60.00 40.00 1
CELL 600.00 60.00 50.00 1
CELL 600.00 60.00 60.00 1
CELL 600.00 60.00 70.00 1
CELL 600.00 60.00 80.00 1
CELL 600.00 60.00 90.00 1
CELL 600.00 60.00 100.00 1
CELL 600.00 60.00 110.00 1
CELL 600.00 60.00 120.00 1
CELL 600.00 60.00 130.00 1
CELL 600.00 60.00 140.00 1
CELL 600.00 60.00 150.00 1
CELL 600.00 60.00 160.00 1
CELL 600.00 60.00 170.00 1
CELL 600.00 60.00 180.00 1
CELL 600.00 60.00 190.00 1
CELL 600.00 60.00 200.00 1
CELL 600.00 60.00 210.00 1
CELL 600.00 60.00 220.00 1
CELL 600.00 60.00 230.00 1
CELL 600.00 60.00 240.00 1
CELL 600.00 60.00 250.00 1
CELL 600.00 60.00 260.00 1
CELL 600.00 60.00 270.00 1
CELL 600.00 60.00 280.00 1
CELL 600.00 60.00 290.00 1
CELL 600.00 60.00 300.00 1
CELL 600.00 70.00 0.00 1
CELL 600.00 70.00 10.00 1
CELL 600.00 70.00 20.00 1
CELL 600.00 70.00 30.00 1
CELL 600.00 70.00 40.00 1
CELL 600.00 70.00 50.00 1
CELL 600.00 70.00 60.00 1
CELL 600.00 70.00 70.00 1
CELL 600.00 70.00 80.00 1
CELL 600.00 70.00 90.00 1
CELL 600.00 70.00 100.00 1
CELL 600.00 70.00 110.00 1
CELL 600.00 70.00 120.00 1
CELL 600.00 70.00 130.00 1
CELL 600.00 70.00 140.00 1
CELL 600.00 70.00 150.00 1
CELL 600.00 70.00 160.00 1
CELL 600.00 70.00 170.00 1
CELL 600.00 70.00 180.00 1
CELL 600.00 70.00 190.00 1
CELL 600.00 70.00 200.00 1
CELL 600.00 70.00 210.00 1
CELL 600.00 70.00 220.00 1
CELL 600.00 70.00 230.00 1
CELL 600.00 70.00 240.00 1
CELL 600.00 70.00 250.00 1
CELL 600.00 70.00 260.00 1
CELL 600.00 70.00 270.00 1
CELL 600.00 70.00 280.00 1
CELL 600.00 70.00 290.00 1
CELL 600.00 70.00 300.00 1
CELL 600.00 80.00 0.00 1
CELL 600.00 80.00 10.00 1
CELL 600.00 80.00 20.00 1
CELL 600.00 80.00 30.00 1
CELL 600.00 80.00 40.00 1
CELL 600.00 80.00 50.00 1
CELL 600.00 80.00 60.00 1
CELL 600.00 80.00 70.00 1
CELL 600.00 80.00 80.00 1
CELL 600.00 80.00 90.00 1
CELL 600.00 80.00 100.00 1
CELL 600.00 80.00 110.00 1
CELL 600.00 80.00 120.00 1
CELL 600.00 80.00 130.00 1
CELL 600.00 80.00 140.00 1
CELL 600.00 80.00 150.00 1
CELL 600.00 80.00 160.00 1
CELL 600.00 80.00 170.00 1
CELL 600.00 80.00 180.00 1
CELL 600.00 80.00 190.00 1
CELL 600.00 80.00 200.00 1
CELL 600.00 80.00 210.00 1
CELL 600.00 80.00 220.00 1
CELL 600.00 80.00 230.00 1
CELL 600.00 80.00 240.00 1
CELL 600.00 80.00 250.00 1
CELL 600.00 80.00 260.00 1
CELL 600.00 80.00 270.00 1
CELL 600.00 80.00 280.00 1
CELL 600.00 80.00 290.00 1
CELL 600.00 80.00 300.00 1
CELL 600.00 90.00 0.00 1
CELL 600.00 90.00 10.00 1
CELL 600.00 90.00 20.00 1
CELL 600.00 90.00 30.00 1
CELL 600.00 90.00 40.00 1
CELL 600.00 90.00 50.00 1
CELL 600.00 90.00 60.00 1
CELL 600.00 90.00 70.00 1
CELL 600.00 90.00 80.00 1
CELL 600.00 90.00 90.00 1
CELL 600.00 90.00 100.00 1
CELL 600.00 90.00 110.00 1
CELL 600.00 90.00 120.00 1
CELL 600.00 90.00 130.00 1
CELL 600.00 90.00 140.00 1
CELL 600.00 90.00 150.00 1
CELL 600.00 90.00 160.00 1
CELL 600.00 90.00 170.00 1
CELL 600.00 90.00 180.00 1
CELL 600.00 90.00 190.00 1
CELL 600.00 90.00 200.00 1
CELL 600.00 90.00 210.00 1
CELL 600.00 90.00 220.00 1
CELL 600.00 90.00 230.00 1
CELL 600.00 90.00 240.00 1
CELL 600.00 90.00 250.00 1
CELL 600.00 90.00 260.00 1
CELL 600.00 90.00 270.00 1
CELL 600.00 90.00 280.00 1
CELL 600.00 90.00 290.00 1
CELL 600.00 90.00 300.00 1
CELL 600.00 100.00 0.00 1
CELL 600.00 100.00 10.00 1
CELL 600.00 100.00 20.00 1
CELL 600.00 100.00 30.00 1
CELL 600.00 100.00 40.00 1
CELL 600.00 100.00 50.00 1
CELL 600.00 100.00 60.00 1
CELL 600.00 100.00 70.00 1
CELL 600.00 100.00 80.00 1
CELL 600.00 100.00 90.00 1
CELL 600.00 100.00 100.00 1
CELL 600.00 100.00 110.00 1
CELL 600.00 100.00 120.00 1
CELL 600.00 100.00 130.00 1
CELL 600.00 100.00 140.00 1
CELL 600.00 100.00 150.00 1
CELL 600.00 100.00 160.00 1
CELL 600.00 100.00 170.00 1
CELL 600.00 100.00 180.00 1
CELL 600.00 100.00 190.00 1
CELL 600.00 100.00 200.00 1
CELL 600.00 100.00 210.00 1
CELL 600.00 100.00 220.00 1
CELL 600.00 100.00 230.00 1
CELL 600.00 100.00 240.00 1
CELL 600.00 100.00 250.00 1
CELL 600.00 100.00 260.00 1
CELL 600.00 100.00 270.00 1
CELL 600.00 100.00 280.00 1
CELL 600.00 100.00 290.00 1
CELL 600.00 100.00 300.00 1
CELL 600.00 110.00 0.00 1
CELL 600.00 110.00 10.00 1
CELL 600.00 110.00 20.00 1
CELL 600.00 110.00 30.00 1
CELL 600.00 110.00 40.00 1
CELL 600.00 110.00 50.00 1
CELL 600.00 110.00 60.00 1
CELL 600.00 110.00 70.00 1
CELL 600.00 110.00 80.00 1
CELL 600.00 110.00 90.00 1
CELL 600.00 110.00 100.00 1
CELL 600.00 110.00 110.00 1
CELL 600.00 110.00 120.00 1
CELL 600.00 110.00 130.00 1
CELL 600.00 110.00 140.00 1
CELL 600.00 110.00 150.00 1
CELL 600.00 110.00 160.00 1
CELL 600.00 110.00 170.00 1
CELL 600.00 110.00 180.00 1
CELL 600.00 110.00 190.00 1
CELL 600.00 110.00 200.00 1
CELL 600.00 110.00 210.00 1
CELL 600.00 110.00 220.00 1
CELL 600.00 110.00 230.00 1
CELL 600.00 110.00 240.00 1
CELL 600.00 110.00 250.00 1
CELL 600.00 110.00 260.00 1
CELL 600.00 110.00 270.00 1
CELL 600.00 110.00 280.00 1
CELL 600.00 110.00 290.00 1
CELL 600.00 110.00 300.00 1
CELL 600.00 120.00 0.00 1
CELL 600.00 120.00 10.00 1
CELL 600.00 120.00 20.00 1
CELL 600.00 120.00 30.00 1
CELL 600.00 120.00 40.00 1
CELL 600.00 120.00 50.00 1
CELL 600.00 120.00 60.00 1
CELL 600.00 120.00 70.00 1
CELL 600.00 120.00 80.00 1
CELL 600.00 120.00 90.00 1
CELL 600.00 120.00 100.00 1
CELL 600.00 120.00 110.00 1
CELL 600.00 120.00 120.00 1
CELL 600.00 120.00 130.00 1
CELL 600.00 120.00 140.00 1
CELL 600.00 120.00 150.00 1
CELL 600.00 120.00 160.00 1
CELL 600.00 120.00 170.00 1
CELL 600.00 120.00 180.00 1
CELL 600.00 120.00 190.00 1
CELL 600.00 120.00 200.00 1
CELL 600.00 120.00 210.00 1
CELL 600.00 120.00 220.00 1
CELL 600.00 120.00 230.00 1
CELL 600.00 120.00 240.00 1
CELL 600.00 120.00 250.00 1
CELL 600.00 120.00 260.00 1
CELL 600.00 120.00 270.00 1
CELL 600.00 120.00 280.00 1
CELL 600.00 120.00 290.00 1
CELL 600.00 120.00 300.00 1
CELL 600.00 130.00 0.00 1
CELL 600.00 130.00 10.00 1
CELL 600.00 130.00 20.00 1
CELL 600.00 130.00 30.00 1
CELL 600.00 130.00 40.00 1
CELL 600.00 130.00 50.00 1
CELL 600.00 130.00 60.00 1
CELL 600.00 130.00 70.00 1
CELL 600.00 130.00 80.00 1
CELL 600.00 130.00 90.00 1
CELL 600.00 130.00 100.00 1
CELL 600.00 130.00 110.00 1
CELL 600.00 130.00 120.00 1
CELL 600.00 130.00 130.00 1
CELL 600.00 130.00 140.00 1
CELL 600.00 130.00 150.00 1
CELL 600.00 130.00 160.00 1
CELL 600.00 130.00 170.00 1
CELL 600.00 130.00 180.00 1
CELL 600.00 130.00 190.00 1
CELL 600.00 130.00 200.00 1
CELL 600.00 130.00 210.00 1
CELL 600.00 130.00 220.00 1
CELL 600.00 130.00 230.00 1
CELL 600.00 130.00 240.00 1
CELL 600.00 130.00 250.00 1
CELL 600.00 130.00 260.00 1
CELL 600.00 130.00 270.00 1
CELL 600.00 130.00 280.00 1
CELL 600.00 130.00 290.00 1
CELL 600.00 130.00 300.00 1
CELL 600.00 140.00 0.00 1
CELL 600.00 140.00 10.00 1
CELL 600.00 140.00 20.00 1
CELL 600.00 140.00 30.00 1
CELL 600.00 140.00 40.00 1
CELL 600.00 140.00 50.00 1
CELL 600.00 140.00 60.00 1
CELL 600.00 140.00 70.00 1
CELL 600.00 140.00 80.00 1
CELL 600.00 140.00 90.00 1
CELL 600.00 140.00 100.00 1
CELL 600.00 140.00 110.00 1
CELL 600.00 140.00 120.00 1
CELL 600.00 140.00 130.00 1
CELL 600.00 140.00 140.00 1
CELL 600.00 140.00 150.00 1
CELL 600.00 140.00 160.00 1
CELL 600.00 140.00 170.00 1
CELL 600.00 140.00 180.00 1
CELL 600.00 140.00 190.00 1
CELL 600.00 140.00 200.00 1
CELL 600.00 140.00 210.00 1
CELL 600.00 140.00 220.00 1
CELL 600.00 140.00 230.00 1
CELL 600.00 140.00 240.00 1
CELL 600.00 140.00 250.00 1
CELL 600.00 140.00 260.00 1
CELL 600.00 140.00 270.00 1
CELL 600.00 140.00 280.00 1
CELL 600.00 140.00 290.00 1
CELL 600.00 140.00 300.00 1
CELL 600.00 150.00 0.00 1
CELL 600.00 150.00 10.00 1
CELL 600.00 150.00 20.00 1
CELL 600.00 150.00 30.00 1
CELL 600.00 150.00 40.00 1
CELL 600.00 150.00 50.00 1
CELL 600.00 150.00 60.00 1
CELL 600.00 150.00 70.00 1
CELL 600.00 150.00 80.00 1
CELL 600.00 150.00 90.00 1
CELL 600.00 150.00 100.00 1
CELL 600.00 150.00 110.00 1
CELL 600.00 150.00 120.00 1
CELL 600.00 150.00 130.00 1
CELL 600.00 150.00 140.00 1
CELL 600.00 150.00 150.00 1
CELL 600.00 150.00 160.00 1
CELL 600.00 150.00 170.00 1
CELL 600.00 150.00 180.00 1
CELL 600.00 150.00 190.00 1
CELL 600.00 150.00 200.00 1
CELL 600.00 150.00 210.00 1
CELL 600.00 150.00 220.00 1
CELL 600.00 150.00 230.00 1
CELL 600.00 150.00 240.00 1
CELL 600.00 150.00 250.00 1
CELL 600.00 150.00 260.00 1
CELL 600.00 150.00 270.00 1
CELL 600.00 150.00 280.00 1
CELL 600.00 150.00 290.00 1
CELL 600.00 150.00 300.00 1
CELL 600.00 160.00 0.00 1
CELL 600.00 160.00 10.00 1
CELL 600.00 160.00 20.00 1
CELL 600.00 160.00 30.00 1
CELL 600.00 160.00 40.00 1
CELL 600.00 160.00 50.00 1
CELL 600.00 160.00 60.00 1
CELL 600.00 160.00 70.00 1
CELL 600.00 160.00 80.00 1
CELL 600.00 160.00 90.00 1
CELL 600.00 160.00 100.00 1
CELL 600.00 160.00 110.00 1
CELL 600.00 160.00 120.00 1
CELL 600.00 160.00 130.00 1
CELL 600.00 160.00 140.00 1
CELL 600.00 160.00 150.00 1
CELL 600.00 160.00 160.00 1
CELL 600.00 160.00 170.00 1
CELL 600.00 160.00 180.00 1
CELL 600.00 160.00 190.00 1
CELL 600.00 160.00 200.00 1
CELL 600.00 160.00 210.00 1
CELL 600.00 160.00 220.00 1
CELL 600.00 160.00 230.00 1
CELL 600.00 160.00 240.00 1
CELL 600.00 160.00 250.00 1
CELL 600.00 160.00 260.00 1
CELL 600.00 160.00 270.00 1
CELL 600.00 160.00 280.00 1
CELL 600.00 160.00 290.00 1
CELL 600.00 160.00 300.00 1
CELL 600.00 170.00 0.00 1
CELL 600.00 170.00 10.00 1
CELL 600.00 170.00 20.00 1
CELL 600.00 170.00 30.00 1
CELL 600.00 170.00 40.00 1
CELL 600.00 170.00 50.00 1
CELL 600.00 170.00 60.00 1
CELL 600.00 170.00 70.00 1
CELL 600.00 170.00 80.00 1
CELL 600.00 170.00 90.00 1
CELL 600.00 170.00 100.00 1
CELL 600.00 170.00 110.00 1
CELL 600.00 170.00 120.00 1
CELL 600.00 170.00 130.00 1
CELL 600.00 170.00 140.00 1
CELL 600.00 170.00 150.00 1
CELL 600.00 170.00 160.00 1
CELL 600.00 170.00 170.00 1
CELL 600.00 170.00 180.00 1
CELL 600.00 170.00 190.00 1
CELL 600.00 170.00 200.00 1
CELL 600.00 170.00 210.00 1
CELL 600.00 170.00 220.00 1
CELL 600.00 170.00 230.00 1
CELL 600.00 170.00 240.00 1
CELL 600.00 170.00 250.00 1
CELL 600.00 170.00 260.00 1
CELL 600.00 170.00 270.00 1
CELL 600.00 170.00 280.00 1
CELL 600.00 170.00 290.00 1
CELL 600.00 170.00 300.00 1
CELL 600.00 180.00 0.00 1
CELL 600.00 180.00 10.00 1
CELL 600.00 180.00 20.00 1
CELL 600.00 180.00 30.00 1
CELL 600.00 180.00 40.00 1
CELL 600.00 180.00 50.00 1
CELL 600.00 180.00 60.00 1
CELL 600.00 180.00 70.00 1
CELL 600.00 180.00 80.00 1
CELL 600.00 180.00 90.00 1
CELL 600.00 180.00 100.00 1
CELL 600.00 180.00 110.00 1
CELL 600.00 180.00 120.00 1
CELL 600.00 180.00 130.00 1
CELL 600.00 180.00 140.00 1
CELL 600.00 180.00 150.00 1
CELL 600.00 180.00 160.00 1
CELL 600.00 180.00 170.00 1
CELL 600.00 180.00 180.00 1
CELL 600.00 180.00 190.00 1
CELL 600.00 180.00 200.00 1
CELL 600.00 180.00 210.00 1
CELL 600.00 180.00 220.00 1
CELL 600.00 180.00 230.00 1
CELL 600.00 180.00 240.00 1
CELL 600.00 180.00 250.00 1
CELL 600.00 180.00 260.00 1
CELL 600.00 180.00 270.00 1
CELL 600.00 180.00 280.00 1
CELL 600.00 180.00 290.00 1
CELL 600.00 180.00 300.00 1
CELL 600.00 190.00 0.00 1
CELL 600.00 190.00 10.00 1
CELL 600.00 190.00 20.00 1
CELL 600.00 190.00 30.00 1
CELL 600.00 190.00 40.00 1
CELL 600.00 190.00 50.00 1
CELL 600.00 190.00 60.00 1
CELL 600.00 190.00 70.00 1
CELL 600.00 190.00 80.00 1
CELL 600.00 190.00 90.00 1
CELL 600.00 190.00 100.00 1
CELL 600.00 190.00 110.00 1
CELL 600.00 190.00 120.00 1
CELL 600.00 190.00 130.00 1
CELL 600.00 190.00 140.00 1
CELL 600.00 190.00 150.00 1
CELL 600.00 190.00 160.00 1
CELL 600.00 190.00 170.00 1
CELL 600.00 190.00 180.00 1
CELL 600.00 190.00 190.00 1
CELL 600.00 190.00 200.00 1
CELL 600.00 190.00 210.00 1
CELL 600.00 190.00 220.00 1
CELL 600.00 190.00 230.00 1
CELL 600.00 190.00 240.00 1
CELL 600.00 190.00 250.00 1
CELL 600.00 190.00 260.00 1
CELL 600.00 190.00 270.00 1
CELL 600.00 190.00 280.00 1
CELL 600.00 190.00 290.00 1
CELL 600.00 190.00 300.00 1
CELL 600.00 200.00 0.00 1
CELL 600.00 200.00 10.00 1
CELL 600.00 200.00 20.00 1
CELL 600.00 200.00 30.00 1
CELL 600.00 200.00 40.00 1
CELL 600.00 200.00 50.00 1
CELL 600.00 200.00 60.00 1
CELL 600.00 200.00 70.00 1
CELL 600.00 200.00 80.00 1
CELL 600.00 200.00 90.00 1
CELL 600.00 200.00 100.00 1
CELL 600.00 200.00 110.00 1
CELL 600.00 200.00 120.00 1
CELL 600.00 200.00 130.00 1
CELL 600.00 200.00 140.00 1
CELL 600.00 200.00 150.00 1
CELL 600.00 200.00 160.00 1
CELL 600.00 200.00 170.00 1
CELL 600.00 200.00 180.00 1
CELL 600.00 200.00 190.00 1
CELL 600.00 200.00 200.00 1
CELL 600.00 200.00 210.00 1
CELL 600.00 200.00 220.00 1
CELL 600.00 200.00 230.00 1
CELL 600.00 200.00 240.00 1
CELL 600.00 200.00 250.00 1
CELL 600.00 200.00 260.00 1
CELL 600.00 200.00 270.00 1
CELL 600.00 200.00 280.00 1
CELL 600.00 200.00 290.00 1
CELL 600.00 200.00 300.00 1
CELL 600.00 210.00 0.00 1
CELL 600.00 210.00 10.00 1
CELL 600.00 210.00 20.00 1
CELL 600.00 210.00 30.00 1
CELL 600.00 210.00 40.00 1
CELL 600.00 210.00 50.00 1
CELL 600.00 210.00 60.00 1
CELL 600.00 210.00 70.00 1
CELL 600.00 210.00 80.00 1
CELL 600.00 210.00 90.00 1
CELL 600.00 210.00 100.00 1
CELL 600.00 210.00 110.00 1
CELL 600.00 210.00 120.00 1
CELL 600.00 210.00 130.00 1
CELL 600.00 210.00 140.00 1
CELL 600.00 210.00 150.00 1
CELL 600.00 210.00 160.00 1
CELL 600.00 210.00 170.00 1
CELL 600.00 210.00 180.00 1
CELL 600.00 210.00 190.00 1
CELL 600.00 210.00 200.00 1
CELL 600.00 210.00 210.00 1
CELL 600.00 210.00 220.00 1
CELL 600.00 210.00 230.00 1
CELL 600.00 210.00 240.00 1
CELL 600.00 210.00 250.00 1
CELL 600.00 210.00 260.00 1
CELL 600.00 210.00 270.00 1
CELL 600.00 210.00 280.00 1
CELL 600.00 210.00 290.00 1
CELL 600.00 210.00 300.00 1
CELL 600.00 220.00 0.00 1
CELL 600.00 220.00 10.00 1
CELL 600.00 220.00 20.00 1
CELL 600.00 220.00 30.00 1
CELL 600.00 220.00 40.00 1
CELL 600.00 220.00 50.00 1
CELL 600.00 220.00 60.00 1
CELL 600.00 220.00 70.00 1
CELL 600.00 220.00 80.00 1
CELL 600.00 220.00 90.00 1
CELL 600.00 220.00 100.00 1
CELL 600.00 220.00 110.00 1
CELL 600.00 220.00 120.00 1
CELL 600.00 220.00 130.00 1
CELL 600.00 220.00 140.00 1
CELL 600.00 220.00 150.00 1
CELL 600.00 220.00 160.00 1
CELL 600.00 220.00 170.00 1
CELL 600.00 220.00 180.00 1
CELL 600.00 220.00 190.00 1
CELL 600.00 220.00 200.00 1
CELL 600.00 220.00 210.00 1
CELL 600.00 220.00 220.00 1
CELL 600.00 220.00 230.00 1
CELL 600.00 220.00 240.00 1
CELL 600.00 220.00 250.00 1
CELL 600.00 220.00 260.00 1
CELL 600.00 220.00 270.00 1
CELL 600.00 220.00 280.00 1
CELL 600.00 220.00 290.00 1
CELL 600.00 220.00 300.00 1
CELL 600.00 230.00 0.00 1
CELL 600.00 230.00 10.00 1
CELL 600.00 230.00 20.00 1
CELL 600.00 230.00 30.00 1
CELL 600.00 230.00 40.00 1
CELL 600.00 230.00 50.00 1
CELL 600.00 230.00 60.00 1
CELL 600.00 230.00 70.00 1
CELL 600.00 230.00 80.00 1
CELL 600.00 230.00 90.00 1
CELL 600.00 230.00 100.00 1
CELL 600.00 230.00 110.00 1
CELL 600.00 230.00 120.00 1
CELL 600.00 230.00 130.00 1
CELL 600.00 230.00 140.00 1
CELL 600.00 230.00 150.00 1
CELL 600.00 230.00 160.00 1
CELL 600.00 230.00 170.00 1
CELL 600.00 230.00 180.00 1
CELL 600.00 230.00 190.00 1
CELL 600.00 230.00 200.00 1
CELL 600.00 230.00 210.00 1
CELL 600.00 230.00 220.00 1
CELL 600.00 230.00 230.00 1
CELL 600.00 230.00 240.00 1
CELL 600.00 230.00 250.00 1
CELL 600.00 230.00 260.00 1
CELL 600.00 230.00 270.00 1
CELL 600.00 230.00 280.00 1
CELL 600.00 230.00 290.00 1
CELL 600.00 230.00 300.00 1
CELL 600.00 240.00 0.00 1
CELL 600.00 240.00 10.00 1
CELL 600.00 240.00 20.00 1
CELL 600.00 240.00 30.00 1
CELL 600.00 240.00 40.00 1
CELL 600.00 240.00 50.00 1
CELL 600.00 240.00 60.00 1
CELL 600.00 240.00 70.00 1
CELL 600.00 240.00 80.00 1
CELL 600.00 240.00 90.00 1
CELL 600.00 240.00 100.00 1
CELL 600.00 240.00 110.00 1
CELL 600.00 240.00 120.00 1
CELL 600.00 240.00 130.00 1
CELL 600.00 240.00 140.00 1
CELL 600.00 240.00 150.00 1
CELL 600.00 240.00 160.00 1
CELL 600.00 240.00 170.00 1
CELL 600.00 240.00 180.00 1
CELL 600.00 240.00 190.00 1
CELL 600.00 240.00 200.00 1
CELL 600.00 240.00 210.00 1
CELL 600.00 240.00 220.00 1
CELL 600.00 240.00 230.00 1
CELL 600.00 240.00 240.00 1
CELL 600.00 240.00 250.00 1
CELL 600.00 240.00 260.00 1
CELL 600.00 240.00 270.00 1
CELL 600.00 240.00 280.00 1
CELL 600.00 240.00 290.00 1
CELL 600.00 240.00 300.00 1
CELL 600.00 250.00 0.00 1
CELL 600.00 250.00 10.00 1
CELL 600.00 250.00 20.00 1
CELL 600.00 250.00 30.00 1
CELL 600.00 250.00 40.00 1
CELL 600.00 250.00 50.00 1
CELL 600.00 250.00 60.00 1
CELL 600.00 250.00 70.00 1
CELL 600.00 250.00 80.00 1
CELL 600.00 250.00 90.00 1
CELL 600.00 250.00 100.00 1
CELL 600.00 250.00 110.00 1
CELL 600.00 250.00 120.00 1
CELL 600.00 250.00 130.00 1
CELL 600.00 250.00 140.00 1
CELL 600.00 250.00 150.00 1
CELL 600.00 250.00 160.00 1
CELL 600.00 250.00 170.00 1
CELL 600.00 250.00 180.00 1
CELL 600.00 250.00 190.00 1
CELL 600.00 250.00 200.00 1
CELL 600.00 250.00 210.00 1
CELL 600.00 250.00 220.00 1
CELL 600.00 250.00 230.00 1
CELL 600.00 250.00 240.00 1
CELL 600.00 250.00 250.00 1
CELL 600.00 250.00 260.00 1
CELL 600.00 250.00 270.00 1
CELL 600.00 250.00 280.00 1
CELL 600.00 250.00 290.00 1
CELL 600.00 250.00 300.00 1
CELL 600.00 260.00 0.00 1
CELL 600.00 260.00 10.00 1
CELL 600.00 260.00 20.00 1
CELL 600.00 260.00 30.00 1
CELL 600.00 260.00 40.00 1
CELL 600.00 260.00 50.00 1
CELL 600.00 260.00 60.00 1
CELL 600.00 260.00 70.00 1
CELL 600.00 260.00 80.00 1
CELL 600.00 260.00 90.00 1
CELL 600.00 260.00 100.00 1
CELL 600.00 260.00 110.00 1
CELL 600.00 260.00 120.00 1
CELL 600.00 260.00 130.00 1
CELL 600.00 260.00 140.00 1
CELL 600.00 260.00 150.00 1
CELL 600.00 260.00 160.00 1
CELL 600.00 260.00 170.00 1
CELL 600.00 260.00 180.00 1
CELL 600.00 260.00 190.00 1
CELL 600.00 260.00 200.00 1
CELL 600.00 260.00 210.00 1
CELL 600.00 260.00 220.00 1
CELL 600.00 260.00 230.00 1
CELL 600.00 260.00 240.00 1
CELL 600.00 260.00 250.00 1
CELL 600.00 260.00 260.00 1
CELL 600.00 260.00 270.00 1
CELL 600.00 260.00 280.00 1
CELL 600.00 260.00 290.00 1
CELL 600.00 260.00 300.00 1
CELL 600.00 270.00 0.00 1
CELL 600.00 270.00 10.00 1
CELL 600.00 270.00 20.00 1
CELL 600.00 270.00 30.00 1
CELL 600.00 270.00 40.00 1
CELL 600.00 270.00 50.00 1
CELL 600.00 270.00 60.00 1
CELL 600.00 270.00 70.00 1
CELL 600.00 270.00 80.00 1
CELL 600.00 270.00 90.00 1
CELL 600.00 270.00 100.00 1
CELL 600.00 270.00 110.00 1
CELL 600.00 270.00 120.00 1
CELL 600.00 270.00 130.00 1
CELL 600.00 270.00 140.00 1
CELL 600.00 270.00 150.00 1
CELL 600.00 270.00 160.00 1
CELL 600.00 270.00 170.00 1
CELL 600.00 270.00 180.00 1
CELL 600.00 270.00 190.00 1
CELL 600.00 270.00 200.00 1
CELL 600.00 270.00 210.00 1
CELL 600.00 270.00 220.00 1
CELL 600.00 270.00 230.00 1
CELL 600.00 270.00 240.00 1
CELL 600.00 270.00 250.00 1
CELL 600.00 270.00 260.00 1
CELL 600.00 270.00 270.00 1
CELL 600.00 270.00 280.00 1
CELL 600.00 270.00 290.00 1
CELL 600.00 270.00 300.00 1
CELL 600.00 280.00 0.00 1
CELL 600.00 280.00 10.00 1
CELL 600.00 280.00 20.00 1
CELL 600.00 280.00 30.00 1
CELL 600.00 280.00 40.00 1
CELL 600.00 280.00 50.00 1
CELL 600.00 280.00 60.00 1
CELL 600.00 280.00 70.00 1
CELL 600.00 280.00 80.00 1
CELL 600.00 280.00 90.00 1
CELL 600.00 280.00 100.00 1
CELL 600.00 280.00 110.00 1
CELL 600.00 280.00 120.00 1
CELL 600.00 280.00 130.00 1
CELL 600.00 280.00 140.00 1
CELL 600.00 280.00 150.00 1
CELL 600.00 280.00 160.00 1
CELL 600.00 280.00 170.00 1
CELL 600.00 280.00 180.00 1
CELL 600.00 280.00 190.00 1
CELL 600.00 280.00 200.00 1
CELL 600.00 280.00 210.00 1
CELL 600.00 280.00 220.00 1
CELL 600.00 280.00 230.00 1
CELL 600.00 280.00 240.00 1
CELL 600.00 280.00 250.00 1
CELL 600.00 280.00 260.00 1
CELL 600.00 280.00 270.00 1
CELL 600.00 280.00 280.00 1
CELL 600.00 280.00 290.00 1
CELL 600.00 280.00 300.00 1
CELL 600.00 290.00 0.00 1
CELL 600.00 290.00 10.00 1
CELL 600.00 290.00 20.00 1
CELL 600.00 290.00 30.00 1
CELL 600.00 290.00 40.00 1
CELL 600.00 290.00 50.00 1
CELL 600.00 290.00 60.00 1
CELL 600.00 290.00 70.00 1
CELL 600.00 290.00 80.00 1
CELL 600.00 290.00 90.00 1
CELL 600.00 290.00 100.00 1
CELL 600.00 290.00 110.00 1
CELL 600.00 290.00 120.00 1
CELL 600.00 290.00 130.00 1
CELL 600.00 290.00 140.00 1
CELL 600.00 290.00 150.00 1
CELL 600.00 290.00 160.00 1
CELL 600.00 290.00 170.00 1
CELL 600.00 290.00 180.00 1
CELL 600.00 290.00 190.00 1
CELL 600.00 290.00 200.00 1
CELL 600.00 290.00 210.00 1
CELL 600.00 290.00 220.00 1
CELL 600.00 290.00 230.00 1
CELL 600.00 290.00 240.00 1
CELL 600.00 290.00 250.00 1
CELL 600.00 290.00 260.00 1
CELL 600.00 290.00 270.00 1
CELL 600.00 290.00 280.00 1
CELL 600.00 290.00 290.00 1
CELL 600.00 290.00 300.00 1
CELL 600.00 300.00 0.00 1
CELL 600.00 300.00 10.00 1
CELL 600.00 300.00 20.00 1
CELL 600.00 300.00 30.00 1
CELL 600.00 300.00 40.00 1
CELL 600.00 300.00 50.00 1
CELL 600.00 300.00 60.00 1
CELL 600.00 300.00 70.00 1
CELL 600.00 300.00 80.00 1
CELL 600.00 300.00 90.00 1
CELL 600.00 300.00 100.00 1
CELL 600.00 300.00 110.00 1
CELL 600.00 300.00 120.00 1
CELL 600.00 300.00 130.00 1
CELL 600.00 300.00 140.00 1
CELL 600.00 300.00 150.00 1
CELL 600.00 300.00 160.00 1
CELL 600.00 300.00 170.00 1
CELL 600.00 300.00 180.00 1
CELL 600.00 300.00 190.00 1
CELL 600.00 300.00 200.00 1
CELL 600.00 300.00 210.00 1
CELL 600.00 300.00 220.00 1
CELL 600.00 300.00 230.00 1
CELL 600.00 300.00 240.00 1
CELL 600.00 300.00 250.00 1
CELL 600.00 300.00 260.00 1
CELL 600.00 300.00 270.00 1
CELL 600.00 300.00 280.00 1
CELL 600.00 300.00 290.00 1
CELL 600.00 300.00 300.00 1
END
