VERSION 1
BOUNDS xmin=0.00 xmax=1000.00 ymin=0.00 ymax=800.00 hmin=0.00 hmax=300.00
CELL 0.00 0.00 0.00 1
CELL 0.00 0.00 10.00 1
CELL 0.00 0.00 20.00 1
CELL 0.00 0.00 30.00 1
CELL 0.00 0.00 40.00 1
CELL 0.00 0.00 50.00 1
CELL 0.00 0.00 60.00 1
CELL 0.00 0.00 70.00 1
CELL 0.00 0.00 80.00 1
CELL 0.00 0.00 90.00 1
CELL 0.00 0.00 100.00 1
CELL 0.00 0.00 110.00 1
CELL 0.00 0.00 120.00 1
CELL 0.00 0.00 130.00 1
CELL 0.00 0.00 140.00 1
CELL 0.00 0.00 150.00 1
CELL 0.00 0.00 160.00 1
CELL 0.00 0.00 170.00 1
CELL 0.00 0.00 180.00 1
CELL 0.00 0.00 190.00 1
CELL 0.00 0.00 200.00 1
CELL 0.00 0.00 210.00 1
CELL 0.00 0.00 220.00 1
CELL 0.00 0.00 230.00 1
CELL 0.00 0.00 240.00 1
CELL 0.00 0.00 250.00 1
CELL 0.00 0.00 260.00 1
CELL 0.00 0.00 270.00 1
CELL 0.00 0.00 280.00 1
CELL 0.00 0.00 290.00 1
CELL 10.00 0.00 0.00 1
CELL 10.00 0.00 10.00 1
CELL 10.00 0.00 20.00 1
CELL 10.00 0.00 30.00 1
CELL 10.00 0.00 40.00 1
CELL 10.00 0.00 50.00 1
CELL 10.00 0.00 60.00 1
CELL 10.00 0.00 70.00 1
CELL 10.00 0.00 80.00 1
CELL 10.00 0.00 90.00 1
CELL 10.00 0.00 100.00 1
CELL 10.00 0.00 110.00 1
CELL 10.00 0.00 120.00 1
CELL 10.00 0.00 130.00 1
CELL 10.00 0.00 140.00 1
CELL 10.00 0.00 150.00 1
CELL 10.00 0.00 160.00 1
CELL 10.00 0.00 170.00 1
CELL 10.00 0.00 180.00 1
CELL 10.00 0.00 190.00 1
CELL 10.00 0.00 200.00 1
CELL 10.00 0.00 210.00 1
CELL 10.00 0.00 220.00 1
CELL 10.00 0.00 230.00 1
CELL 10.00 0.00 240.00 1
CELL 10.00 0.00 250.00 1
CELL 10.00 0.00 260.00 1
CELL 10.00 0.00 270.00 1
CELL 10.00 0.00 280.00 1
CELL 10.00 0.00 290.00 1
CELL 20.00 0.00 0.00 1
CELL 20.00 0.00 10.00 1
CELL 20.00 0.00 20.00 1
CELL 20.00 0.00 30.00 1
CELL 20.00 0.00 40.00 1
CELL 20.00 0.00 50.00 1
CELL 20.00 0.00 60.00 1
CELL 20.00 0.00 70.00 1
CELL 20.00 0.00 80.00 1
CELL 20.00 0.00 90.00 1
CELL 20.00 0.00 100.00 1
CELL 20.00 0.00 110.00 1
CELL 20.00 0.00 120.00 1
CELL 20.00 0.00 130.00 1
CELL 20.00 0.00 140.00 1
CELL 20.00 0.00 150.00 1
CELL 20.00 0.00 160.00 1
CELL 20.00 0.00 170.00 1
CELL 20.00 0.00 180.00 1
CELL 20.00 0.00 190.00 1
CELL 20.00 0.00 200.00 1
CELL 20.00 0.00 210.00 1
CELL 20.00 0.00 220.00 1
CELL 20.00 0.00 230.00 1
CELL 20.00 0.00 240.00 1
CELL 20.00 0.00 250.00 1
CELL 20.00 0.00 260.00 1
CELL 20.00 0.00 270.00 1
CELL 20.00 0.00 280.00 1
CELL 20.00 0.00 290.00 1
CELL 30.00 0.00 0.00 1
CELL 30.00 0.00 10.00 1
CELL 30.00 0.00 20.00 1
CELL 30.00 0.00 30.00 1
CELL 30.00 0.00 40.00 1
CELL 30.00 0.00 50.00 1
CELL 30.00 0.00 60.00 1
CELL 30.00 0.00 70.00 1
CELL 30.00 0.00 80.00 1
CELL 30.00 0.00 90.00 1
CELL 30.00 0.00 100.00 1
CELL 30.00 0.00 110.00 1
CELL 30.00 0.00 120.00 1
CELL 30.00 0.00 130.00 1
CELL 30.00 0.00 140.00 1
CELL 30.00 0.00 150.00 1
CELL 30.00 0.00 160.00 1
CELL 30.00 0.00 170.00 1
CELL 30.00 0.00 180.00 1
CELL 30.00 0.00 190.00 1
CELL 30.00 0.00 200.00 1
CELL 30.00 0.00 210.00 1
CELL 30.00 0.00 220.00 1
CELL 30.00 0.00 230.00 1
CELL 30.00 0.00 240.00 1
CELL 30.00 0.00 250.00 1
CELL 30.00 0.00 260.00 1
CELL 30.00 0.00 270.00 1
CELL 30.00 0.00 280.00 1
CELL 30.00 0.00 290.00 1
CELL 40.00 0.00 0.00 1
CELL 40.00 0.00 10.00 1
CELL 40.00 0.00 20.00 1
CELL 40.00 0.00 30.00 1
CELL 40.00 0.00 40.00 1
CELL 40.00 0.00 50.00 1
CELL 40.00 0.00 60.00 1
CELL 40.00 0.00 70.00 1
CELL 40.00 0.00 80.00 1
CELL 40.00 0.00 90.00 1
CELL 40.00 0.00 100.00 1
CELL 40.00 0.00 110.00 1
CELL 40.00 0.00 120.00 1
CELL 40.00 0.00 130.00 1
CELL 40.00 0.00 140.00 1
CELL 40.00 0.00 150.00 1
CELL 40.00 0.00 160.00 1
CELL 40.00 0.00 170.00 1
CELL 40.00 0.00 180.00 1
CELL 40.00 0.00 190.00 1
CELL 40.00 0.00 200.00 1
CELL 40.00 0.00 210.00 1
CELL 40.00 0.00 220.00 1
CELL 40.00 0.00 230.00 1
CELL 40.00 0.00 240.00 1
CELL 40.00 0.00 250.00 1
CELL 40.00 0.00 260.00 1
CELL 40.00 0.00 270.00 1
CELL 40.00 0.00 280.00 1
CELL 40.00 0.00 290.00 1
CELL 50.00 0.00 0.00 1
CELL 50.00 0.00 10.00 1
CELL 50.00 0.00 20.00 1
CELL 50.00 0.00 30.00 1
CELL 50.00 0.00 40.00 1
CELL 50.00 0.00 50.00 1
CELL 50.00 0.00 60.00 1
CELL 50.00 0.00 70.00 1
CELL 50.00 0.00 80.00 1
CELL 50.00 0.00 90.00 1
CELL 50.00 0.00 100.00 1
CELL 50.00 0.00 110.00 1
CELL 50.00 0.00 120.00 1
CELL 50.00 0.00 130.00 1
CELL 50.00 0.00 140.00 1
CELL 50.00 0.00 150.00 1
CELL 50.00 0.00 160.00 1
CELL 50.00 0.00 170.00 1
CELL 50.00 0.00 180.00 1
CELL 50.00 0.00 190.00 1
CELL 50.00 0.00 200.00 1
CELL 50.00 0.00 210.00 1
CELL 50.00 0.00 220.00 1
CELL 50.00 0.00 230.00 1
CELL 50.00 0.00 240.00 1
CELL 50.00 0.00 250.00 1
CELL 50.00 0.00 260.00 1
CELL 50.00 0.00 270.00 1
CELL 50.00 0.00 280.00 1
CELL 50.00 0.00 290.00 1
CELL 60.00 0.00 0.00 1
CELL 60.00 0.00 10.00 1
CELL 60.00 0.00 20.00 1
CELL 60.00 0.00 30.00 1
CELL 60.00 0.00 40.00 1
CELL 60.00 0.00 50.00 1
CELL 60.00 0.00 60.00 1
CELL 60.00 0.00 70.00 1
CELL 60.00 0.00 80.00 1
CELL 60.00 0.00 90.00 1
CELL 60.00 0.00 100.00 1
CELL 60.00 0.00 110.00 1
CELL 60.00 0.00 120.00 1
CELL 60.00 0.00 130.00 1
CELL 60.00 0.00 140.00 1
CELL 60.00 0.00 150.00 1
CELL 60.00 0.00 160.00 1
CELL 60.00 0.00 170.00 1
CELL 60.00 0.00 180.00 1
CELL 60.00 0.00 190.00 1
CELL 60.00 0.00 200.00 1
CELL 60.00 0.00 210.00 1
CELL 60.00 0.00 220.00 1
CELL 60.00 0.00 230.00 1
CELL 60.00 0.00 240.00 1
CELL 60.00 0.00 250.00 1
CELL 60.00 0.00 260.00 1
CELL 60.00 0.00 270.00 1
CELL 60.00 0.00 280.00 1
CELL 60.00 0.00 290.00 1
CELL 70.00 0.00 0.00 1
CELL 70.00 0.00 10.00 1
CELL 70.00 0.00 20.00 1
CELL 70.00 0.00 30.00 1
CELL 70.00 0.00 40.00 1
CELL 70.00 0.00 50.00 1
CELL 70.00 0.00 60.00 1
CELL 70.00 0.00 70.00 1
CELL 70.00 0.00 80.00 1
CELL 70.00 0.00 90.00 1
CELL 70.00 0.00 100.00 1
CELL 70.00 0.00 110.00 1
CELL 70.00 0.00 120.00 1
CELL 70.00 0.00 130.00 1
CELL 70.00 0.00 140.00 1
CELL 70.00 0.00 150.00 1
CELL 70.00 0.00 160.00 1
CELL 70.00 0.00 170.00 1
CELL 70.00 0.00 180.00 1
CELL 70.00 0.00 190.00 1
CELL 70.00 0.00 200.00 1
CELL 70.00 0.00 210.00 1
CELL 70.00 0.00 220.00 1
CELL 70.00 0.00 230.00 1
CELL 70.00 0.00 240.00 1
CELL 70.00 0.00 250.00 1
CELL 70.00 0.00 260.00 1
CELL 70.00 0.00 270.00 1
CELL 70.00 0.00 280.00 1
CELL 70.00 0.00 290.00 1
CELL 80.00 0.00 0.00 1
CELL 80.00 0.00 10.00 1
CELL 80.00 0.00 20.00 1
CELL 80.00 0.00 30.00 1
CELL 80.00 0.00 40.00 1
CELL 80.00 0.00 50.00 1
CELL 80.00 0.00 60.00 1
CELL 80.00 0.00 70.00 1
CELL 80.00 0.00 80.00 1
CELL 80.00 0.00 90.00 1
CELL 80.00 0.00 100.00 1
CELL 80.00 0.00 110.00 1
CELL 80.00 0.00 120.00 1
CELL 80.00 0.00 130.00 1
CELL 80.00 0.00 140.00 1
CELL 80.00 0.00 150.00 1
CELL 80.00 0.00 160.00 1
CELL 80.00 0.00 170.00 1
CELL 80.00 0.00 180.00 1
CELL 80.00 0.00 190.00 1
CELL 80.00 0.00 200.00 1
CELL 80.00 0.00 210.00 1
CELL 80.00 0.00 220.00 1
CELL 80.00 0.00 230.00 1
CELL 80.00 0.00 240.00 1
CELL 80.00 0.00 250.00 1
CELL 80.00 0.00 260.00 1
CELL 80.00 0.00 270.00 1
CELL 80.00 0.00 280.00 1
CELL 80.00 0.00 290.00 1
CELL 90.00 0.00 0.00 1
CELL 90.00 0.00 10.00 1
CELL 90.00 0.00 20.00 1
CELL 90.00 0.00 30.00 1
CELL 90.00 0.00 40.00 1
CELL 90.00 0.00 50.00 1
CELL 90.00 0.00 60.00 1
CELL 90.00 0.00 70.00 1
CELL 90.00 0.00 80.00 1
CELL 90.00 0.00 90.00 1
CELL 90.00 0.00 100.00 1
CELL 90.00 0.00 110.00 1
CELL 90.00 0.00 120.00 1
CELL 90.00 0.00 130.00 1
CELL 90.00 0.00 140.00 1
CELL 90.00 0.00 150.00 1
CELL 90.00 0.00 160.00 1
CELL 90.00 0.00 170.00 1
CELL 90.00 0.00 180.00 1
CELL 90.00 0.00 190.00 1
CELL 90.00 0.00 200.00 1
CELL 90.00 0.00 210.00 1
CELL 90.00 0.00 220.00 1
CELL 90.00 0.00 230.00 1
CELL 90.00 0.00 240.00 1
CELL 90.00 0.00 250.00 1
CELL 90.00 0.00 260.00 1
CELL 90.00 0.00 270.00 1
CELL 90.00 0.00 280.00 1
CELL 90.00 0.00 290.00 1
CELL 100.00 0.00 0.00 1
CELL 100.00 0.00 10.00 1
CELL 100.00 0.00 20.00 1
CELL 100.00 0.00 30.00 1
CELL 100.00 0.00 40.00 1
CELL 100.00 0.00 50.00 1
CELL 100.00 0.00 60.00 1
CELL 100.00 0.00 70.00 1
CELL 100.00 0.00 80.00 1
CELL 100.00 0.00 90.00 1
CELL 100.00 0.00 100.00 1
CELL 100.00 0.00 110.00 1
CELL 100.00 0.00 120.00 1
CELL 100.00 0.00 130.00 1
CELL 100.00 0.00 140.00 1
CELL 100.00 0.00 150.00 1
CELL 100.00 0.00 160.00 1
CELL 100.00 0.00 170.00 1
CELL 100.00 0.00 180.00 1
CELL 100.00 0.00 190.00 1
CELL 100.00 0.00 200.00 1
CELL 100.00 0.00 210.00 1
CELL 100.00 0.00 220.00 1
CELL 100.00 0.00 230.00 1
CELL 100.00 0.00 240.00 1
CELL 100.00 0.00 250.00 1
CELL 100.00 0.00 260.00 1
CELL 100.00 0.00 270.00 1
CELL 100.00 0.00 280.00 1
CELL 100.00 0.00 290.00 1
CELL 110.00 0.00 0.00 1
CELL 110.00 0.00 10.00 1
CELL 110.00 0.00 20.00 1
CELL 110.00 0.00 30.00 1
CELL 110.00 0.00 40.00 1
CELL 110.00 0.00 50.00 1
CELL 110.00 0.00 60.00 1
CELL 110.00 0.00 70.00 1
CELL 110.00 0.00 80.00 1
CELL 110.00 0.00 90.00 1
CELL 110.00 0.00 100.00 1
CELL 110.00 0.00 110.00 1
CELL 110.00 0.00 120.00 1
CELL 110.00 0.00 130.00 1
CELL 110.00 0.00 140.00 1
CELL 110.00 0.00 150.00 1
CELL 110.00 0.00 160.00 1
CELL 110.00 0.00 170.00 1
CELL 110.00 0.00 180.00 1
CELL 110.00 0.00 190.00 1
CELL 110.00 0.00 200.00 1
CELL 110.00 0.00 210.00 1
CELL 110.00 0.00 220.00 1
CELL 110.00 0.00 230.00 1
CELL 110.00 0.00 240.00 1
CELL 110.00 0.00 250.00 1
CELL 110.00 0.00 260.00 1
CELL 110.00 0.00 270.00 1
CELL 110.00 0.00 280.00 1
CELL 110.00 0.00 290.00 1
CELL 120.00 0.00 0.00 1
CELL 120.00 0.00 10.00 1
CELL 120.00 0.00 20.00 1
CELL 120.00 0.00 30.00 1
CELL 120.00 0.00 40.00 1
CELL 120.00 0.00 50.00 1
CELL 120.00 0.00 60.00 1
CELL 120.00 0.00 70.00 1
CELL 120.00 0.00 80.00 1
CELL 120.00 0.00 90.00 1
CELL 120.00 0.00 100.00 1
CELL 120.00 0.00 110.00 1
CELL 120.00 0.00 120.00 1
CELL 120.00 0.00 130.00 1
CELL 120.00 0.00 140.00 1
CELL 120.00 0.00 150.00 1
CELL 120.00 0.00 160.00 1
CELL 120.00 0.00 170.00 1
CELL 120.00 0.00 180.00 1
CELL 120.00 0.00 190.00 1
CELL 120.00 0.00 200.00 1
CELL 120.00 0.00 210.00 1
CELL 120.00 0.00 220.00 1
CELL 120.00 0.00 230.00 1
CELL 120.00 0.00 240.00 1
CELL 120.00 0.00 250.00 1
CELL 120.00 0.00 260.00 1
CELL 120.00 0.00 270.00 1
CELL 120.00 0.00 280.00 1
CELL 120.00 0.00 290.00 1
CELL 130.00 0.00 0.00 1
CELL 130.00 0.00 10.00 1
CELL 130.00 0.00 20.00 1
CELL 130.00 0.00 30.00 1
CELL 130.00 0.00 40.00 1
CELL 130.00 0.00 50.00 1
CELL 130.00 0.00 60.00 1
CELL 130.00 0.00 70.00 1
CELL 130.00 0.00 80.00 1
CELL 130.00 0.00 90.00 1
CELL 130.00 0.00 100.00 1
CELL 130.00 0.00 110.00 1
CELL 130.00 0.00 120.00 1
CELL 130.00 0.00 130.00 1
CELL 130.00 0.00 140.00 1
CELL 130.00 0.00 150.00 1
CELL 130.00 0.00 160.00 1
CELL 130.00 0.00 170.00 1
CELL 130.00 0.00 180.00 1
CELL 130.00 0.00 190.00 1
CELL 130.00 0.00 200.00 1
CELL 130.00 0.00 210.00 1
CELL 130.00 0.00 220.00 1
CELL 130.00 0.00 230.00 1
CELL 130.00 0.00 240.00 1
CELL 130.00 0.00 250.00 1
CELL 130.00 0.00 260.00 1
CELL 130.00 0.00 270.00 1
CELL 130.00 0.00 280.00 1
CELL 130.00 0.00 290.00 1
CELL 140.00 0.00 0.00 1
CELL 140.00 0.00 10.00 1
CELL 140.00 0.00 20.00 1
CELL 140.00 0.00 30.00 1
CELL 140.00 0.00 40.00 1
CELL 140.00 0.00 50.00 1
CELL 140.00 0.00 60.00 1
CELL 140.00 0.00 70.00 1
CELL 140.00 0.00 80.00 1
CELL 140.00 0.00 90.00 1
CELL 140.00 0.00 100.00 1
CELL 140.00 0.00 110.00 1
CELL 140.00 0.00 120.00 1
CELL 140.00 0.00 130.00 1
CELL 140.00 0.00 140.00 1
CELL 140.00 0.00 150.00 1
CELL 140.00 0.00 160.00 1
CELL 140.00 0.00 170.00 1
CELL 140.00 0.00 180.00 1
CELL 140.00 0.00 190.00 1
CELL 140.00 0.00 200.00 1
CELL 140.00 0.00 210.00 1
CELL 140.00 0.00 220.00 1
CELL 140.00 0.00 230.00 1
CELL 140.00 0.00 240.00 1
CELL 140.00 0.00 250.00 1
CELL 140.00 0.00 260.00 1
CELL 140.00 0.00 270.00 1
CELL 140.00 0.00 280.00 1
CELL 140.00 0.00 290.00 1
CELL 150.00 0.00 0.00 1
CELL 150.00 0.00 10.00 1
CELL 150.00 0.00 20.00 1
CELL 150.00 0.00 30.00 1
CELL 150.00 0.00 40.00 1
CELL 150.00 0.00 50.00 1
CELL 150.00 0.00 60.00 1
CELL 150.00 0.00 70.00 1
CELL 150.00 0.00 80.00 1
CELL 150.00 0.00 90.00 1
CELL 150.00 0.00 100.00 1
CELL 150.00 0.00 110.00 1
CELL 150.00 0.00 120.00 1
CELL 150.00 0.00 130.00 1
CELL 150.00 0.00 140.00 1
CELL 150.00 0.00 150.00 1
CELL 150.00 0.00 160.00 1
CELL 150.00 0.00 170.00 1
CELL 150.00 0.00 180.00 1
CELL 150.00 0.00 190.00 1
CELL 150.00 0.00 200.00 1
CELL 150.00 0.00 210.00 1
CELL 150.00 0.00 220.00 1
CELL 150.00 0.00 230.00 1
CELL 150.00 0.00 240.00 1
CELL 150.00 0.00 250.00 1
CELL 150.00 0.00 260.00 1
CELL 150.00 0.00 270.00 1
CELL 150.00 0.00 280.00 1
CELL 150.00 0.00 290.00 1
CELL 160.00 0.00 0.00 1
CELL 160.00 0.00 10.00 1
CELL 160.00 0.00 20.00 1
CELL 160.00 0.00 30.00 1
CELL 160.00 0.00 40.00 1
CELL 160.00 0.00 50.00 1
CELL 160.00 0.00 60.00 1
CELL 160.00 0.00 70.00 1
CELL 160.00 0.00 80.00 1
CELL 160.00 0.00 90.00 1
CELL 160.00 0.00 100.00 1
CELL 160.00 0.00 110.00 1
CELL 160.00 0.00 120.00 1
CELL 160.00 0.00 130.00 1
CELL 160.00 0.00 140.00 1
CELL 160.00 0.00 150.00 1
CELL 160.00 0.00 160.00 1
CELL 160.00 0.00 170.00 1
CELL 160.00 0.00 180.00 1
CELL 160.00 0.00 190.00 1
CELL 160.00 0.00 200.00 1
CELL 160.00 0.00 210.00 1
CELL 160.00 0.00 220.00 1
CELL 160.00 0.00 230.00 1
CELL 160.00 0.00 240.00 1
CELL 160.00 0.00 250.00 1
CELL 160.00 0.00 260.00 1
CELL 160.00 0.00 270.00 1
CELL 160.00 0.00 280.00 1
CELL 160.00 0.00 290.00 1
CELL 170.00 0.00 0.00 1
CELL 170.00 0.00 10.00 1
CELL 170.00 0.00 20.00 1
CELL 170.00 0.00 30.00 1
CELL 170.00 0.00 40.00 1
CELL 170.00 0.00 50.00 1
CELL 170.00 0.00 60.00 1
CELL 170.00 0.00 70.00 1
CELL 170.00 0.00 80.00 1
CELL 170.00 0.00 90.00 1
CELL 170.00 0.00 100.00 1
CELL 170.00 0.00 110.00 1
CELL 170.00 0.00 120.00 1
CELL 170.00 0.00 130.00 1
CELL 170.00 0.00 140.00 1
CELL 170.00 0.00 150.00 1
CELL 170.00 0.00 160.00 1
CELL 170.00 0.00 170.00 1
CELL 170.00 0.00 180.00 1
CELL 170.00 0.00 190.00 1
CELL 170.00 0.00 200.00 1
CELL 170.00 0.00 210.00 1
CELL 170.00 0.00 220.00 1
CELL 170.00 0.00 230.00 1
CELL 170.00 0.00 240.00 1
CELL 170.00 0.00 250.00 1
CELL 170.00 0.00 260.00 1
CELL 170.00 0.00 270.00 1
CELL 170.00 0.00 280.00 1
CELL 170.00 0.00 290.00 1
CELL 180.00 0.00 0.00 1
CELL 180.00 0.00 10.00 1
CELL 180.00 0.00 20.00 1
CELL 180.00 0.00 30.00 1
CELL 180.00 0.00 40.00 1
CELL 180.00 0.00 50.00 1
CELL 180.00 0.00 60.00 1
CELL 180.00 0.00 70.00 1
CELL 180.00 0.00 80.00 1
CELL 180.00 0.00 90.00 1
CELL 180.00 0.00 100.00 1
CELL 180.00 0.00 110.00 1
CELL 180.00 0.00 120.00 1
CELL 180.00 0.00 130.00 1
CELL 180.00 0.00 140.00 1
CELL 180.00 0.00 150.00 1
CELL 180.00 0.00 160.00 1
CELL 180.00 0.00 170.00 1
CELL 180.00 0.00 180.00 1
CELL 180.00 0.00 190.00 1
CELL 180.00 0.00 200.00 1
CELL 180.00 0.00 210.00 1
CELL 180.00 0.00 220.00 1
CELL 180.00 0.00 230.00 1
CELL 180.00 0.00 240.00 1
CELL 180.00 0.00 250.00 1
CELL 180.00 0.00 260.00 1
CELL 180.00 0.00 270.00 1
CELL 180.00 0.00 280.00 1
CELL 180.00 0.00 290.00 1
CELL 190.00 0.00 0.00 1
CELL 190.00 0.00 10.00 1
CELL 190.00 0.00 20.00 1
CELL 190.00 0.00 30.00 1
CELL 190.00 0.00 40.00 1
CELL 190.00 0.00 50.00 1
CELL 190.00 0.00 60.00 1
CELL 190.00 0.00 70.00 1
CELL 190.00 0.00 80.00 1
CELL 190.00 0.00 90.00 1
CELL 190.00 0.00 100.00 1
CELL 190.00 0.00 110.00 1
CELL 190.00 0.00 120.00 1
CELL 190.00 0.00 130.00 1
CELL 190.00 0.00 140.00 1
CELL 190.00 0.00 150.00 1
CELL 190.00 0.00 160.00 1
CELL 190.00 0.00 170.00 1
CELL 190.00 0.00 180.00 1
CELL 190.00 0.00 190.00 1
CELL 190.00 0.00 200.00 1
CELL 190.00 0.00 210.00 1
CELL 190.00 0.00 220.00 1
CELL 190.00 0.00 230.00 1
CELL 190.00 0.00 240.00 1
CELL 190.00 0.00 250.00 1
CELL 190.00 0.00 260.00 1
CELL 190.00 0.00 270.00 1
CELL 190.00 0.00 280.00 1
CELL 190.00 0.00 290.00 1
CELL 200.00 0.00 0.00 1
CELL 200.00 0.00 10.00 1
CELL 200.00 0.00 20.00 1
CELL 200.00 0.00 30.00 1
CELL 200.00 0.00 40.00 1
CELL 200.00 0.00 50.00 1
CELL 200.00 0.00 60.00 1
CELL 200.00 0.00 70.00 1
CELL 200.00 0.00 80.00 1
CELL 200.00 0.00 90.00 1
CELL 200.00 0.00 100.00 1
CELL 200.00 0.00 110.00 1
CELL 200.00 0.00 120.00 1
CELL 200.00 0.00 130.00 1
CELL 200.00 0.00 140.00 1
CELL 200.00 0.00 150.00 1
CELL 200.00 0.00 160.00 1
CELL 200.00 0.00 170.00 1
CELL 200.00 0.00 180.00 1
CELL 200.00 0.00 190.00 1
CELL 200.00 0.00 200.00 1
CELL 200.00 0.00 210.00 1
CELL 200.00 0.00 220.00 1
CELL 200.00 0.00 230.00 1
CELL 200.00 0.00 240.00 1
CELL 200.00 0.00 250.00 1
CELL 200.00 0.00 260.00 1
CELL 200.00 0.00 270.00 1
CELL 200.00 0.00 280.00 1
CELL 200.00 0.00 290.00 1
CELL 210.00 0.00 0.00 1
CELL 210.00 0.00 10.00 1
CELL 210.00 0.00 20.00 1
CELL 210.00 0.00 30.00 1
CELL 210.00 0.00 40.00 1
CELL 210.00 0.00 50.00 1
CELL 210.00 0.00 60.00 1
CELL 210.00 0.00 70.00 1
CELL 210.00 0.00 80.00 1
CELL 210.00 0.00 90.00 1
CELL 210.00 0.00 100.00 1
CELL 210.00 0.00 110.00 1
CELL 210.00 0.00 120.00 1
CELL 210.00 0.00 130.00 1
CELL 210.00 0.00 140.00 1
CELL 210.00 0.00 150.00 1
CELL 210.00 0.00 160.00 1
CELL 210.00 0.00 170.00 1
CELL 210.00 0.00 180.00 1
CELL 210.00 0.00 190.00 1
CELL 210.00 0.00 200.00 1
CELL 210.00 0.00 210.00 1
CELL 210.00 0.00 220.00 1
CELL 210.00 0.00 230.00 1
CELL 210.00 0.00 240.00 1
CELL 210.00 0.00 250.00 1
CELL 210.00 0.00 260.00 1
CELL 210.00 0.00 270.00 1
CELL 210.00 0.00 280.00 1
CELL 210.00 0.00 290.00 1
CELL 220.00 0.00 0.00 1
CELL 220.00 0.00 10.00 1
CELL 220.00 0.00 20.00 1
CELL 220.00 0.00 30.00 1
CELL 220.00 0.00 40.00 1
CELL 220.00 0.00 50.00 1
CELL 220.00 0.00 60.00 1
CELL 220.00 0.00 70.00 1
CELL 220.00 0.00 80.00 1
CELL 220.00 0.00 90.00 1
CELL 220.00 0.00 100.00 1
CELL 220.00 0.00 110.00 1
CELL 220.00 0.00 120.00 1
CELL 220.00 0.00 130.00 1
CELL 220.00 0.00 140.00 1
CELL 220.00 0.00 150.00 1
CELL 220.00 0.00 160.00 1
CELL 220.00 0.00 170.00 1
CELL 220.00 0.00 180.00 1
CELL 220.00 0.00 190.00 1
CELL 220.00 0.00 200.00 1
CELL 220.00 0.00 210.00 1
CELL 220.00 0.00 220.00 1
CELL 220.00 0.00 230.00 1
CELL 220.00 0.00 240.00 1
CELL 220.00 0.00 250.00 1
CELL 220.00 0.00 260.00 1
CELL 220.00 0.00 270.00 1
CELL 220.00 0.00 280.00 1
CELL 220.00 0.00 290.00 1
CELL 230.00 0.00 0.00 1
CELL 230.00 0.00 10.00 1
CELL 230.00 0.00 20.00 1
CELL 230.00 0.00 30.00 1
CELL 230.00 0.00 40.00 1
CELL 230.00 0.00 50.00 1
CELL 230.00 0.00 60.00 1
CELL 230.00 0.00 70.00 1
CELL 230.00 0.00 80.00 1
CELL 230.00 0.00 90.00 1
CELL 230.00 0.00 100.00 1
CELL 230.00 0.00 110.00 1
CELL 230.00 0.00 120.00 1
CELL 230.00 0.00 130.00 1
CELL 230.00 0.00 140.00 1
CELL 230.00 0.00 150.00 1
CELL 230.00 0.00 160.00 1
CELL 230.00 0.00 170.00 1
CELL 230.00 0.00 180.00 1
CELL 230.00 0.00 190.00 1
CELL 230.00 0.00 200.00 1
CELL 230.00 0.00 210.00 1
CELL 230.00 0.00 220.00 1
CELL 230.00 0.00 230.00 1
CELL 230.00 0.00 240.00 1
CELL 230.00 0.00 250.00 1
CELL 230.00 0.00 260.00 1
CELL 230.00 0.00 270.00 1
CELL 230.00 0.00 280.00 1
CELL 230.00 0.00 290.00 1
CELL 240.00 0.00 0.00 1
CELL 240.00 0.00 10.00 1
CELL 240.00 0.00 20.00 1
CELL 240.00 0.00 30.00 1
CELL 240.00 0.00 40.00 1
CELL 240.00 0.00 50.00 1
CELL 240.00 0.00 60.00 1
CELL 240.00 0.00 70.00 1
CELL 240.00 0.00 80.00 1
CELL 240.00 0.00 90.00 1
CELL 240.00 0.00 100.00 1
CELL 240.00 0.00 110.00 1
CELL 240.00 0.00 120.00 1
CELL 240.00 0.00 130.00 1
CELL 240.00 0.00 140.00 1
CELL 240.00 0.00 150.00 1
CELL 240.00 0.00 160.00 1
CELL 240.00 0.00 170.00 1
CELL 240.00 0.00 180.00 1
CELL 240.00 0.00 190.00 1
CELL 240.00 0.00 200.00 1
CELL 240.00 0.00 210.00 1
CELL 240.00 0.00 220.00 1
CELL 240.00 0.00 230.00 1
CELL 240.00 0.00 240.00 1
CELL 240.00 0.00 250.00 1
CELL 240.00 0.00 260.00 1
CELL 240.00 0.00 270.00 1
CELL 240.00 0.00 280.00 1
CELL 240.00 0.00 290.00 1
CELL 250.00 0.00 0.00 1
CELL 250.00 0.00 10.00 1
CELL 250.00 0.00 20.00 1
CELL 250.00 0.00 30.00 1
CELL 250.00 0.00 40.00 1
CELL 250.00 0.00 50.00 1
CELL 250.00 0.00 60.00 1
CELL 250.00 0.00 70.00 1
CELL 250.00 0.00 80.00 1
CELL 250.00 0.00 90.00 1
CELL 250.00 0.00 100.00 1
CELL 250.00 0.00 110.00 1
CELL 250.00 0.00 120.00 1
CELL 250.00 0.00 130.00 1
CELL 250.00 0.00 140.00 1
CELL 250.00 0.00 150.00 1
CELL 250.00 0.00 160.00 1
CELL 250.00 0.00 170.00 1
CELL 250.00 0.00 180.00 1
CELL 250.00 0.00 190.00 1
CELL 250.00 0.00 200.00 1
CELL 250.00 0.00 210.00 1
CELL 250.00 0.00 220.00 1
CELL 250.00 0.00 230.00 1
CELL 250.00 0.00 240.00 1
CELL 250.00 0.00 250.00 1
CELL 250.00 0.00 260.00 1
CELL 250.00 0.00 270.00 1
CELL 250.00 0.00 280.00 1
CELL 250.00 0.00 290.00 1
CELL 260.00 0.00 0.00 1
CELL 260.00 0.00 10.00 1
CELL 260.00 0.00 20.00 1
CELL 260.00 0.00 30.00 1
CELL 260.00 0.00 40.00 1
CELL 260.00 0.00 50.00 1
CELL 260.00 0.00 60.00 1
CELL 260.00 0.00 70.00 1
CELL 260.00 0.00 80.00 1
CELL 260.00 0.00 90.00 1
CELL 260.00 0.00 100.00 1
CELL 260.00 0.00 110.00 1
CELL 260.00 0.00 120.00 1
CELL 260.00 0.00 130.00 1
CELL 260.00 0.00 140.00 1
CELL 260.00 0.00 150.00 1
CELL 260.00 0.00 160.00 1
CELL 260.00 0.00 170.00 1
CELL 260.00 0.00 180.00 1
CELL 260.00 0.00 190.00 1
CELL 260.00 0.00 200.00 1
CELL 260.00 0.00 210.00 1
CELL 260.00 0.00 220.00 1
CELL 260.00 0.00 230.00 1
CELL 260.00 0.00 240.00 1
CELL 260.00 0.00 250.00 1
CELL 260.00 0.00 260.00 1
CELL 260.00 0.00 270.00 1
CELL 260.00 0.00 280.00 1
CELL 260.00 0.00 290.00 1
CELL 270.00 0.00 0.00 1
CELL 270.00 0.00 10.00 1
CELL 270.00 0.00 20.00 1
CELL 270.00 0.00 30.00 1
CELL 270.00 0.00 40.00 1
CELL 270.00 0.00 50.00 1
CELL 270.00 0.00 60.00 1
CELL 270.00 0.00 70.00 1
CELL 270.00 0.00 80.00 1
CELL 270.00 0.00 90.00 1
CELL 270.00 0.00 100.00 1
CELL 270.00 0.00 110.00 1
CELL 270.00 0.00 120.00 1
CELL 270.00 0.00 130.00 1
CELL 270.00 0.00 140.00 1
CELL 270.00 0.00 150.00 1
CELL 270.00 0.00 160.00 1
CELL 270.00 0.00 170.00 1
CELL 270.00 0.00 180.00 1
CELL 270.00 0.00 190.00 1
CELL 270.00 0.00 200.00 1
CELL 270.00 0.00 210.00 1
CELL 270.00 0.00 220.00 1
CELL 270.00 0.00 230.00 1
CELL 270.00 0.00 240.00 1
CELL 270.00 0.00 250.00 1
CELL 270.00 0.00 260.00 1
CELL 270.00 0.00 270.00 1
CELL 270.00 0.00 280.00 1
CELL 270.00 0.00 290.00 1
CELL 280.00 0.00 0.00 1
CELL 280.00 0.00 10.00 1
CELL 280.00 0.00 20.00 1
CELL 280.00 0.00 30.00 1
CELL 280.00 0.00 40.00 1
CELL 280.00 0.00 50.00 1
CELL 280.00 0.00 60.00 1
CELL 280.00 0.00 70.00 1
CELL 280.00 0.00 80.00 1
CELL 280.00 0.00 90.00 1
CELL 280.00 0.00 100.00 1
CELL 280.00 0.00 110.00 1
CELL 280.00 0.00 120.00 1
CELL 280.00 0.00 130.00 1
CELL 280.00 0.00 140.00 1
CELL 280.00 0.00 150.00 1
CELL 280.00 0.00 160.00 1
CELL 280.00 0.00 170.00 1
CELL 280.00 0.00 180.00 1
CELL 280.00 0.00 190.00 1
CELL 280.00 0.00 200.00 1
CELL 280.00 0.00 210.00 1
CELL 280.00 0.00 220.00 1
CELL 280.00 0.00 230.00 1
CELL 280.00 0.00 240.00 1
CELL 280.00 0.00 250.00 1
CELL 280.00 0.00 260.00 1
CELL 280.00 0.00 270.00 1
CELL 280.00 0.00 280.00 1
CELL 280.00 0.00 290.00 1
CELL 290.00 0.00 0.00 1
CELL 290.00 0.00 10.00 1
CELL 290.00 0.00 20.00 1
CELL 290.00 0.00 30.00 1
CELL 290.00 0.00 40.00 1
CELL 290.00 0.00 50.00 1
CELL 290.00 0.00 60.00 1
CELL 290.00 0.00 70.00 1
CELL 290.00 0.00 80.00 1
CELL 290.00 0.00 90.00 1
CELL 290.00 0.00 100.00 1
CELL 290.00 0.00 110.00 1
CELL 290.00 0.00 120.00 1
CELL 290.00 0.00 130.00 1
CELL 290.00 0.00 140.00 1
CELL 290.00 0.00 150.00 1
CELL 290.00 0.00 160.00 1
CELL 290.00 0.00 170.00 1
CELL 290.00 0.00 180.00 1
CELL 290.00 0.00 190.00 1
CELL 290.00 0.00 200.00 1
CELL 290.00 0.00 210.00 1
CELL 290.00 0.00 220.00 1
CELL 290.00 0.00 230.00 1
CELL 290.00 0.00 240.00 1
CELL 290.00 0.00 250.00 1
CELL 290.00 0.00 260.00 1
CELL 290.00 0.00 270.00 1
CELL 290.00 0.00 280.00 1
CELL 290.00 0.00 290.00 1
CELL 300.00 0.00 0.00 1
CELL 300.00 0.00 10.00 1
CELL 300.00 0.00 20.00 1
CELL 300.00 0.00 30.00 1
CELL 300.00 0.00 40.00 1
CELL 300.00 0.00 50.00 1
CELL 300.00 0.00 60.00 1
CELL 300.00 0.00 70.00 1
CELL 300.00 0.00 80.00 1
CELL 300.00 0.00 90.00 1
CELL 300.00 0.00 100.00 1
CELL 300.00 0.00 110.00 1
CELL 300.00 0.00 120.00 1
CELL 300.00 0.00 130.00 1
CELL 300.00 0.00 140.00 1
CELL 300.00 0.00 150.00 1
CELL 300.00 0.00 160.00 1
CELL 300.00 0.00 170.00 1
CELL 300.00 0.00 180.00 1
CELL 300.00 0.00 190.00 1
CELL 300.00 0.00 200.00 1
CELL 300.00 0.00 210.00 1
CELL 300.00 0.00 220.00 1
CELL 300.00 0.00 230.00 1
CELL 300.00 0.00 240.00 1
CELL 300.00 0.00 250.00 1
CELL 300.00 0.00 260.00 1
CELL 300.00 0.00 270.00 1
CELL 300.00 0.00 280.00 1
CELL 300.00 0.00 290.00 1
CELL 310.00 0.00 0.00 1
CELL 310.00 0.00 10.00 1
CELL 310.00 0.00 20.00 1
CELL 310.00 0.00 30.00 1
CELL 310.00 0.00 40.00 1
CELL 310.00 0.00 50.00 1
CELL 310.00 0.00 60.00 1
CELL 310.00 0.00 70.00 1
CELL 310.00 0.00 80.00 1
CELL 310.00 0.00 90.00 1
CELL 310.00 0.00 100.00 1
CELL 310.00 0.00 110.00 1
CELL 310.00 0.00 120.00 1
CELL 310.00 0.00 130.00 1
CELL 310.00 0.00 140.00 1
CELL 310.00 0.00 150.00 1
CELL 310.00 0.00 160.00 1
CELL 310.00 0.00 170.00 1
CELL 310.00 0.00 180.00 1
CELL 310.00 0.00 190.00 1
CELL 310.00 0.00 200.00 1
CELL 310.00 0.00 210.00 1
CELL 310.00 0.00 220.00 1
CELL 310.00 0.00 230.00 1
CELL 310.00 0.00 240.00 1
CELL 310.00 0.00 250.00 1
CELL 310.00 0.00 260.00 1
CELL 310.00 0.00 270.00 1
CELL 310.00 0.00 280.00 1
CELL 310.00 0.00 290.00 1
CELL 320.00 0.00 0.00 1
CELL 320.00 0.00 10.00 1
CELL 320.00 0.00 20.00 1
CELL 320.00 0.00 30.00 1
CELL 320.00 0.00 40.00 1
CELL 320.00 0.00 50.00 1
CELL 320.00 0.00 60.00 1
CELL 320.00 0.00 70.00 1
CELL 320.00 0.00 80.00 1
CELL 320.00 0.00 90.00 1
CELL 320.00 0.00 100.00 1
CELL 320.00 0.00 110.00 1
CELL 320.00 0.00 120.00 1
CELL 320.00 0.00 130.00 1
CELL 320.00 0.00 140.00 1
CELL 320.00 0.00 150.00 1
CELL 320.00 0.00 160.00 1
CELL 320.00 0.00 170.00 1
CELL 320.00 0.00 180.00 1
CELL 320.00 0.00 190.00 1
CELL 320.00 0.00 200.00 1
CELL 320.00 0.00 210.00 1
CELL 320.00 0.00 220.00 1
CELL 320.00 0.00 230.00 1
CELL 320.00 0.00 240.00 1
CELL 320.00 0.00 250.00 1
CELL 320.00 0.00 260.00 1
CELL 320.00 0.00 270.00 1
CELL 320.00 0.00 280.00 1
CELL 320.00 0.00 290.00 1
CELL 330.00 0.00 0.00 1
CELL 330.00 0.00 10.00 1
CELL 330.00 0.00 20.00 1
CELL 330.00 0.00 30.00 1
CELL 330.00 0.00 40.00 1
CELL 330.00 0.00 50.00 1
CELL 330.00 0.00 60.00 1
CELL 330.00 0.00 70.00 1
CELL 330.00 0.00 80.00 1
CELL 330.00 0.00 90.00 1
CELL 330.00 0.00 100.00 1
CELL 330.00 0.00 110.00 1
CELL 330.00 0.00 120.00 1
CELL 330.00 0.00 130.00 1
CELL 330.00 0.00 140.00 1
CELL 330.00 0.00 150.00 1
CELL 330.00 0.00 160.00 1
CELL 330.00 0.00 170.00 1
CELL 330.00 0.00 180.00 1
CELL 330.00 0.00 190.00 1
CELL 330.00 0.00 200.00 1
CELL 330.00 0.00 210.00 1
CELL 330.00 0.00 220.00 1
CELL 330.00 0.00 230.00 1
CELL 330.00 0.00 240.00 1
CELL 330.00 0.00 250.00 1
CELL 330.00 0.00 260.00 1
CELL 330.00 0.00 270.00 1
CELL 330.00 0.00 280.00 1
CELL 330.00 0.00 290.00 1
CELL 340.00 0.00 0.00 1
CELL 340.00 0.00 10.00 1
CELL 340.00 0.00 20.00 1
CELL 340.00 0.00 30.00 1
CELL 340.00 0.00 40.00 1
CELL 340.00 0.00 50.00 1
CELL 340.00 0.00 60.00 1
CELL 340.00 0.00 70.00 1
CELL 340.00 0.00 80.00 1
CELL 340.00 0.00 90.00 1
CELL 340.00 0.00 100.00 1
CELL 340.00 0.00 110.00 1
CELL 340.00 0.00 120.00 1
CELL 340.00 0.00 130.00 1
CELL 340.00 0.00 140.00 1
CELL 340.00 0.00 150.00 1
CELL 340.00 0.00 160.00 1
CELL 340.00 0.00 170.00 1
CELL 340.00 0.00 180.00 1
CELL 340.00 0.00 190.00 1
CELL 340.00 0.00 200.00 1
CELL 340.00 0.00 210.00 1
CELL 340.00 0.00 220.00 1
CELL 340.00 0.00 230.00 1
CELL 340.00 0.00 240.00 1
CELL 340.00 0.00 250.00 1
CELL 340.00 0.00 260.00 1
CELL 340.00 0.00 270.00 1
CELL 340.00 0.00 280.00 1
CELL 340.00 0.00 290.00 1
CELL 350.00 0.00 0.00 1
CELL 350.00 0.00 10.00 1
CELL 350.00 0.00 20.00 1
CELL 350.00 0.00 30.00 1
CELL 350.00 0.00 40.00 1
CELL 350.00 0.00 50.00 1
CELL 350.00 0.00 60.00 1
CELL 350.00 0.00 70.00 1
CELL 350.00 0.00 80.00 1
CELL 350.00 0.00 90.00 1
CELL 350.00 0.00 100.00 1
CELL 350.00 0.00 110.00 1
CELL 350.00 0.00 120.00 1
CELL 350.00 0.00 130.00 1
CELL 350.00 0.00 140.00 1
CELL 350.00 0.00 150.00 1
CELL 350.00 0.00 160.00 1
CELL 350.00 0.00 170.00 1
CELL 350.00 0.00 180.00 1
CELL 350.00 0.00 190.00 1
CELL 350.00 0.00 200.00 1
CELL 350.00 0.00 210.00 1
CELL 350.00 0.00 220.00 1
CELL 350.00 0.00 230.00 1
CELL 350.00 0.00 240.00 1
CELL 350.00 0.00 250.00 1
CELL 350.00 0.00 260.00 1
CELL 350.00 0.00 270.00 1
CELL 350.00 0.00 280.00 1
CELL 350.00 0.00 290.00 1
CELL 360.00 0.00 0.00 1
CELL 360.00 0.00 10.00 1
CELL 360.00 0.00 20.00 1
CELL 360.00 0.00 30.00 1
CELL 360.00 0.00 40.00 1
CELL 360.00 0.00 50.00 1
CELL 360.00 0.00 60.00 1
CELL 360.00 0.00 70.00 1
CELL 360.00 0.00 80.00 1
CELL 360.00 0.00 90.00 1
CELL 360.00 0.00 100.00 1
CELL 360.00 0.00 110.00 1
CELL 360.00 0.00 120.00 1
CELL 360.00 0.00 130.00 1
CELL 360.00 0.00 140.00 1
CELL 360.00 0.00 150.00 1
CELL 360.00 0.00 160.00 1
CELL 360.00 0.00 170.00 1
CELL 360.00 0.00 180.00 1
CELL 360.00 0.00 190.00 1
CELL 360.00 0.00 200.00 1
CELL 360.00 0.00 210.00 1
CELL 360.00 0.00 220.00 1
CELL 360.00 0.00 230.00 1
CELL 360.00 0.00 240.00 1
CELL 360.00 0.00 250.00 1
CELL 360.00 0.00 260.00 1
CELL 360.00 0.00 270.00 1
CELL 360.00 0.00 280.00 1
CELL 360.00 0.00 290.00 1
CELL 370.00 0.00 0.00 1
CELL 370.00 0.00 10.00 1
CELL 370.00 0.00 20.00 1
CELL 370.00 0.00 30.00 1
CELL 370.00 0.00 40.00 1
CELL 370.00 0.00 50.00 1
CELL 370.00 0.00 60.00 1
CELL 370.00 0.00 70.00 1
CELL 370.00 0.00 80.00 1
CELL 370.00 0.00 90.00 1
CELL 370.00 0.00 100.00 1
CELL 370.00 0.00 110.00 1
CELL 370.00 0.00 120.00 1
CELL 370.00 0.00 130.00 1
CELL 370.00 0.00 140.00 1
CELL 370.00 0.00 150.00 1
CELL 370.00 0.00 160.00 1
CELL 370.00 0.00 170.00 1
CELL 370.00 0.00 180.00 1
CELL 370.00 0.00 190.00 1
CELL 370.00 0.00 200.00 1
CELL 370.00 0.00 210.00 1
CELL 370.00 0.00 220.00 1
CELL 370.00 0.00 230.00 1
CELL 370.00 0.00 240.00 1
CELL 370.00 0.00 250.00 1
CELL 370.00 0.00 260.00 1
CELL 370.00 0.00 270.00 1
CELL 370.00 0.00 280.00 1
CELL 370.00 0.00 290.00 1
CELL 380.00 0.00 0.00 1
CELL 380.00 0.00 10.00 1
CELL 380.00 0.00 20.00 1
CELL 380.00 0.00 30.00 1
CELL 380.00 0.00 40.00 1
CELL 380.00 0.00 50.00 1
CELL 380.00 0.00 60.00 1
CELL 380.00 0.00 70.00 1
CELL 380.00 0.00 80.00 1
CELL 380.00 0.00 90.00 1
CELL 380.00 0.00 100.00 1
CELL 380.00 0.00 110.00 1
CELL 380.00 0.00 120.00 1
CELL 380.00 0.00 130.00 1
CELL 380.00 0.00 140.00 1
CELL 380.00 0.00 150.00 1
CELL 380.00 0.00 160.00 1
CELL 380.00 0.00 170.00 1
CELL 380.00 0.00 180.00 1
CELL 380.00 0.00 190.00 1
CELL 380.00 0.00 200.00 1
CELL 380.00 0.00 210.00 1
CELL 380.00 0.00 220.00 1
CELL 380.00 0.00 230.00 1
CELL 380.00 0.00 240.00 1
CELL 380.00 0.00 250.00 1
CELL 380.00 0.00 260.00 1
CELL 380.00 0.00 270.00 1
CELL 380.00 0.00 280.00 1
CELL 380.00 0.00 290.00 1
CELL 390.00 0.00 0.00 1
CELL 390.00 0.00 10.00 1
CELL 390.00 0.00 20.00 1
CELL 390.00 0.00 30.00 1
CELL 390.00 0.00 40.00 1
CELL 390.00 0.00 50.00 1
CELL 390.00 0.00 60.00 1
CELL 390.00 0.00 70.00 1
CELL 390.00 0.00 80.00 1
CELL 390.00 0.00 90.00 1
CELL 390.00 0.00 100.00 1
CELL 390.00 0.00 110.00 1
CELL 390.00 0.00 120.00 1
CELL 390.00 0.00 130.00 1
CELL 390.00 0.00 140.00 1
CELL 390.00 0.00 150.00 1
CELL 390.00 0.00 160.00 1
CELL 390.00 0.00 170.00 1
CELL 390.00 0.00 180.00 1
CELL 390.00 0.00 190.00 1
CELL 390.00 0.00 200.00 1
CELL 390.00 0.00 210.00 1
CELL 390.00 0.00 220.00 1
CELL 390.00 0.00 230.00 1
CELL 390.00 0.00 240.00 1
CELL 390.00 0.00 250.00 1
CELL 390.00 0.00 260.00 1
CELL 390.00 0.00 270.00 1
CELL 390.00 0.00 280.00 1
CELL 390.00 0.00 290.00 1
CELL 400.00 0.00 0.00 1
CELL 400.00 0.00 10.00 1
CELL 400.00 0.00 20.00 1
CELL 400.00 0.00 30.00 1
CELL 400.00 0.00 40.00 1
CELL 400.00 0.00 50.00 1
CELL 400.00 0.00 60.00 1
CELL 400.00 0.00 70.00 1
CELL 400.00 0.00 80.00 1
CELL 400.00 0.00 90.00 1
CELL 400.00 0.00 100.00 1
CELL 400.00 0.00 110.00 1
CELL 400.00 0.00 120.00 1
CELL 400.00 0.00 130.00 1
CELL 400.00 0.00 140.00 1
CELL 400.00 0.00 150.00 1
CELL 400.00 0.00 160.00 1
CELL 400.00 0.00 170.00 1
CELL 400.00 0.00 180.00 1
CELL 400.00 0.00 190.00 1
CELL 400.00 0.00 200.00 1
CELL 400.00 0.00 210.00 1
CELL 400.00 0.00 220.00 1
CELL 400.00 0.00 230.00 1
CELL 400.00 0.00 240.00 1
CELL 400.00 0.00 250.00 1
CELL 400.00 0.00 260.00 1
CELL 400.00 0.00 270.00 1
CELL 400.00 0.00 280.00 1
CELL 400.00 0.00 290.00 1
CELL 410.00 0.00 0.00 1
CELL 410.00 0.00 10.00 1
CELL 410.00 0.00 20.00 1
CELL 410.00 0.00 30.00 1
CELL 410.00 0.00 40.00 1
CELL 410.00 0.00 50.00 1
CELL 410.00 0.00 60.00 1
CELL 410.00 0.00 70.00 1
CELL 410.00 0.00 80.00 1
CELL 410.00 0.00 90.00 1
CELL 410.00 0.00 100.00 1
CELL 410.00 0.00 110.00 1
CELL 410.00 0.00 120.00 1
CELL 410.00 0.00 130.00 1
CELL 410.00 0.00 140.00 1
CELL 410.00 0.00 150.00 1
CELL 410.00 0.00 160.00 1
CELL 410.00 0.00 170.00 1
CELL 410.00 0.00 180.00 1
CELL 410.00 0.00 190.00 1
CELL 410.00 0.00 200.00 1
CELL 410.00 0.00 210.00 1
CELL 410.00 0.00 220.00 1
CELL 410.00 0.00 230.00 1
CELL 410.00 0.00 240.00 1
CELL 410.00 0.00 250.00 1
CELL 410.00 0.00 260.00 1
CELL 410.00 0.00 270.00 1
CELL 410.00 0.00 280.00 1
CELL 410.00 0.00 290.00 1
CELL 420.00 0.00 0.00 1
CELL 420.00 0.00 10.00 1
CELL 420.00 0.00 20.00 1
CELL 420.00 0.00 30.00 1
CELL 420.00 0.00 40.00 1
CELL 420.00 0.00 50.00 1
CELL 420.00 0.00 60.00 1
CELL 420.00 0.00 70.00 1
CELL 420.00 0.00 80.00 1
CELL 420.00 0.00 90.00 1
CELL 420.00 0.00 100.00 1
CELL 420.00 0.00 110.00 1
CELL 420.00 0.00 120.00 1
CELL 420.00 0.00 130.00 1
CELL 420.00 0.00 140.00 1
CELL 420.00 0.00 150.00 1
CELL 420.00 0.00 160.00 1
CELL 420.00 0.00 170.00 1
CELL 420.00 0.00 180.00 1
CELL 420.00 0.00 190.00 1
CELL 420.00 0.00 200.00 1
CELL 420.00 0.00 210.00 1
CELL 420.00 0.00 220.00 1
CELL 420.00 0.00 230.00 1
CELL 420.00 0.00 240.00 1
CELL 420.00 0.00 250.00 1
CELL 420.00 0.00 260.00 1
CELL 420.00 0.00 270.00 1
CELL 420.00 0.00 280.00 1
CELL 420.00 0.00 290.00 1
CELL 430.00 0.00 0.00 1
CELL 430.00 0.00 10.00 1
CELL 430.00 0.00 20.00 1
CELL 430.00 0.00 30.00 1
CELL 430.00 0.00 40.00 1
CELL 430.00 0.00 50.00 1
CELL 430.00 0.00 60.00 1
CELL 430.00 0.00 70.00 1
CELL 430.00 0.00 80.00 1
CELL 430.00 0.00 90.00 1
CELL 430.00 0.00 100.00 1
CELL 430.00 0.00 110.00 1
CELL 430.00 0.00 120.00 1
CELL 430.00 0.00 130.00 1
CELL 430.00 0.00 140.00 1
CELL 430.00 0.00 150.00 1
CELL 430.00 0.00 160.00 1
CELL 430.00 0.00 170.00 1
CELL 430.00 0.00 180.00 1
CELL 430.00 0.00 190.00 1
CELL 430.00 0.00 200.00 1
CELL 430.00 0.00 210.00 1
CELL 430.00 0.00 220.00 1
CELL 430.00 0.00 230.00 1
CELL 430.00 0.00 240.00 1
CELL 430.00 0.00 250.00 1
CELL 430.00 0.00 260.00 1
CELL 430.00 0.00 270.00 1
CELL 430.00 0.00 280.00 1
CELL 430.00 0.00 290.00 1
CELL 440.00 0.00 0.00 1
CELL 440.00 0.00 10.00 1
CELL 440.00 0.00 20.00 1
CELL 440.00 0.00 30.00 1
CELL 440.00 0.00 40.00 1
CELL 440.00 0.00 50.00 1
CELL 440.00 0.00 60.00 1
CELL 440.00 0.00 70.00 1
CELL 440.00 0.00 80.00 1
CELL 440.00 0.00 90.00 1
CELL 440.00 0.00 100.00 1
CELL 440.00 0.00 110.00 1
CELL 440.00 0.00 120.00 1
CELL 440.00 0.00 130.00 1
CELL 440.00 0.00 140.00 1
CELL 440.00 0.00 150.00 1
CELL 440.00 0.00 160.00 1
CELL 440.00 0.00 170.00 1
CELL 440.00 0.00 180.00 1
CELL 440.00 0.00 190.00 1
CELL 440.00 0.00 200.00 1
CELL 440.00 0.00 210.00 1
CELL 440.00 0.00 220.00 1
CELL 440.00 0.00 230.00 1
CELL 440.00 0.00 240.00 1
CELL 440.00 0.00 250.00 1
CELL 440.00 0.00 260.00 1
CELL 440.00 0.00 270.00 1
CELL 440.00 0.00 280.00 1
CELL 440.00 0.00 290.00 1
CELL 450.00 0.00 0.00 1
CELL 450.00 0.00 10.00 1
CELL 450.00 0.00 20.00 1
CELL 450.00 0.00 30.00 1
CELL 450.00 0.00 40.00 1
CELL 450.00 0.00 50.00 1
CELL 450.00 0.00 60.00 1
CELL 450.00 0.00 70.00 1
CELL 450.00 0.00 80.00 1
CELL 450.00 0.00 90.00 1
CELL 450.00 0.00 100.00 1
CELL 450.00 0.00 110.00 1
CELL 450.00 0.00 120.00 1
CELL 450.00 0.00 130.00 1
CELL 450.00 0.00 140.00 1
CELL 450.00 0.00 150.00 1
CELL 450.00 0.00 160.00 1
CELL 450.00 0.00 170.00 1
CELL 450.00 0.00 180.00 1
CELL 450.00 0.00 190.00 1
CELL 450.00 0.00 200.00 1
CELL 450.00 0.00 210.00 1
CELL 450.00 0.00 220.00 1
CELL 450.00 0.00 230.00 1
CELL 450.00 0.00 240.00 1
CELL 450.00 0.00 250.00 1
CELL 450.00 0.00 260.00 1
CELL 450.00 0.00 270.00 1
CELL 450.00 0.00 280.00 1
CELL 450.00 0.00 290.00 1
CELL 460.00 0.00 0.00 1
CELL 460.00 0.00 10.00 1
CELL 460.00 0.00 20.00 1
CELL 460.00 0.00 30.00 1
CELL 460.00 0.00 40.00 1
CELL 460.00 0.00 50.00 1
CELL 460.00 0.00 60.00 1
CELL 460.00 0.00 70.00 1
CELL 460.00 0.00 80.00 1
CELL 460.00 0.00 90.00 1
CELL 460.00 0.00 100.00 1
CELL 460.00 0.00 110.00 1
CELL 460.00 0.00 120.00 1
CELL 460.00 0.00 130.00 1
CELL 460.00 0.00 140.00 1
CELL 460.00 0.00 150.00 1
CELL 460.00 0.00 160.00 1
CELL 460.00 0.00 170.00 1
CELL 460.00 0.00 180.00 1
CELL 460.00 0.00 190.00 1
CELL 460.00 0.00 200.00 1
CELL 460.00 0.00 210.00 1
CELL 460.00 0.00 220.00 1
CELL 460.00 0.00 230.00 1
CELL 460.00 0.00 240.00 1
CELL 460.00 0.00 250.00 1
CELL 460.00 0.00 260.00 1
CELL 460.00 0.00 270.00 1
CELL 460.00 0.00 280.00 1
CELL 460.00 0.00 290.00 1
CELL 470.00 0.00 0.00 1
CELL 470.00 0.00 10.00 1
CELL 470.00 0.00 20.00 1
CELL 470.00 0.00 30.00 1
CELL 470.00 0.00 40.00 1
CELL 470.00 0.00 50.00 1
CELL 470.00 0.00 60.00 1
CELL 470.00 0.00 70.00 1
CELL 470.00 0.00 80.00 1
CELL 470.00 0.00 90.00 1
CELL 470.00 0.00 100.00 1
CELL 470.00 0.00 110.00 1
CELL 470.00 0.00 120.00 1
CELL 470.00 0.00 130.00 1
CELL 470.00 0.00 140.00 1
CELL 470.00 0.00 150.00 1
CELL 470.00 0.00 160.00 1
CELL 470.00 0.00 170.00 1
CELL 470.00 0.00 180.00 1
CELL 470.00 0.00 190.00 1
CELL 470.00 0.00 200.00 1
CELL 470.00 0.00 210.00 1
CELL 470.00 0.00 220.00 1
CELL 470.00 0.00 230.00 1
CELL 470.00 0.00 240.00 1
CELL 470.00 0.00 250.00 1
CELL 470.00 0.00 260.00 1
CELL 470.00 0.00 270.00 1
CELL 470.00 0.00 280.00 1
CELL 470.00 0.00 290.00 1
CELL 480.00 0.00 0.00 1
CELL 480.00 0.00 10.00 1
CELL 480.00 0.00 20.00 1
CELL 480.00 0.00 30.00 1
CELL 480.00 0.00 40.00 1
CELL 480.00 0.00 50.00 1
CELL 480.00 0.00 60.00 1
CELL 480.00 0.00 70.00 1
CELL 480.00 0.00 80.00 1
CELL 480.00 0.00 90.00 1
CELL 480.00 0.00 100.00 1
CELL 480.00 0.00 110.00 1
CELL 480.00 0.00 120.00 1
CELL 480.00 0.00 130.00 1
CELL 480.00 0.00 140.00 1
CELL 480.00 0.00 150.00 1
CELL 480.00 0.00 160.00 1
CELL 480.00 0.00 170.00 1
CELL 480.00 0.00 180.00 1
CELL 480.00 0.00 190.00 1
CELL 480.00 0.00 200.00 1
CELL 480.00 0.00 210.00 1
CELL 480.00 0.00 220.00 1
CELL 480.00 0.00 230.00 1
CELL 480.00 0.00 240.00 1
CELL 480.00 0.00 250.00 1
CELL 480.00 0.00 260.00 1
CELL 480.00 0.00 270.00 1
CELL 480.00 0.00 280.00 1
CELL 480.00 0.00 290.00 1
CELL 490.00 0.00 0.00 1
CELL 490.00 0.00 10.00 1
CELL 490.00 0.00 20.00 1
CELL 490.00 0.00 30.00 1
CELL 490.00 0.00 40.00 1
CELL 490.00 0.00 50.00 1
CELL 490.00 0.00 60.00 1
CELL 490.00 0.00 70.00 1
CELL 490.00 0.00 80.00 1
CELL 490.00 0.00 90.00 1
CELL 490.00 0.00 100.00 1
CELL 490.00 0.00 110.00 1
CELL 490.00 0.00 120.00 1
CELL 490.00 0.00 130.00 1
CELL 490.00 0.00 140.00 1
CELL 490.00 0.00 150.00 1
CELL 490.00 0.00 160.00 1
CELL 490.00 0.00 170.00 1
CELL 490.00 0.00 180.00 1
CELL 490.00 0.00 190.00 1
CELL 490.00 0.00 200.00 1
CELL 490.00 0.00 210.00 1
CELL 490.00 0.00 220.00 1
CELL 490.00 0.00 230.00 1
CELL 490.00 0.00 240.00 1
CELL 490.00 0.00 250.00 1
CELL 490.00 0.00 260.00 1
CELL 490.00 0.00 270.00 1
CELL 490.00 0.00 280.00 1
CELL 490.00 0.00 290.00 1
CELL 500.00 0.00 0.00 1
CELL 500.00 0.00 10.00 1
CELL 500.00 0.00 20.00 1
CELL 500.00 0.00 30.00 1
CELL 500.00 0.00 40.00 1
CELL 500.00 0.00 50.00 1
CELL 500.00 0.00 60.00 1
CELL 500.00 0.00 70.00 1
CELL 500.00 0.00 80.00 1
CELL 500.00 0.00 90.00 1
CELL 500.00 0.00 100.00 1
CELL 500.00 0.00 110.00 1
CELL 500.00 0.00 120.00 1
CELL 500.00 0.00 130.00 1
CELL 500.00 0.00 140.00 1
CELL 500.00 0.00 150.00 1
CELL 500.00 0.00 160.00 1
CELL 500.00 0.00 170.00 1
CELL 500.00 0.00 180.00 1
CELL 500.00 0.00 190.00 1
CELL 500.00 0.00 200.00 1
CELL 500.00 0.00 210.00 1
CELL 500.00 0.00 220.00 1
CELL 500.00 0.00 230.00 1
CELL 500.00 0.00 240.00 1
CELL 500.00 0.00 250.00 1
CELL 500.00 0.00 260.00 1
CELL 500.00 0.00 270.00 1
CELL 500.00 0.00 280.00 1
CELL 500.00 0.00 290.00 1
CELL 510.00 0.00 0.00 1
CELL 510.00 0.00 10.00 1
CELL 510.00 0.00 20.00 1
CELL 510.00 0.00 30.00 1
CELL 510.00 0.00 40.00 1
CELL 510.00 0.00 50.00 1
CELL 510.00 0.00 60.00 1
CELL 510.00 0.00 70.00 1
CELL 510.00 0.00 80.00 1
CELL 510.00 0.00 90.00 1
CELL 510.00 0.00 100.00 1
CELL 510.00 0.00 110.00 1
CELL 510.00 0.00 120.00 1
CELL 510.00 0.00 130.00 1
CELL 510.00 0.00 140.00 1
CELL 510.00 0.00 150.00 1
CELL 510.00 0.00 160.00 1
CELL 510.00 0.00 170.00 1
CELL 510.00 0.00 180.00 1
CELL 510.00 0.00 190.00 1
CELL 510.00 0.00 200.00 1
CELL 510.00 0.00 210.00 1
CELL 510.00 0.00 220.00 1
CELL 510.00 0.00 230.00 1
CELL 510.00 0.00 240.00 1
CELL 510.00 0.00 250.00 1
CELL 510.00 0.00 260.00 1
CELL 510.00 0.00 270.00 1
CELL 510.00 0.00 280.00 1
CELL 510.00 0.00 290.00 1
CELL 520.00 0.00 0.00 1
CELL 520.00 0.00 10.00 1
CELL 520.00 0.00 20.00 1
CELL 520.00 0.00 30.00 1
CELL 520.00 0.00 40.00 1
CELL 520.00 0.00 50.00 1
CELL 520.00 0.00 60.00 1
CELL 520.00 0.00 70.00 1
CELL 520.00 0.00 80.00 1
CELL 520.00 0.00 90.00 1
CELL 520.00 0.00 100.00 1
CELL 520.00 0.00 110.00 1
CELL 520.00 0.00 120.00 1
CELL 520.00 0.00 130.00 1
CELL 520.00 0.00 140.00 1
CELL 520.00 0.00 150.00 1
CELL 520.00 0.00 160.00 1
CELL 520.00 0.00 170.00 1
CELL 520.00 0.00 180.00 1
CELL 520.00 0.00 190.00 1
CELL 520.00 0.00 200.00 1
CELL 520.00 0.00 210.00 1
CELL 520.00 0.00 220.00 1
CELL 520.00 0.00 230.00 1
CELL 520.00 0.00 240.00 1
CELL 520.00 0.00 250.00 1
CELL 520.00 0.00 260.00 1
CELL 520.00 0.00 270.00 1
CELL 520.00 0.00 280.00 1
CELL 520.00 0.00 290.00 1
CELL 530.00 0.00 0.00 1
CELL 530.00 0.00 10.00 1
CELL 530.00 0.00 20.00 1
CELL 530.00 0.00 30.00 1
CELL 530.00 0.00 40.00 1
CELL 530.00 0.00 50.00 1
CELL 530.00 0.00 60.00 1
CELL 530.00 0.00 70.00 1
CELL 530.00 0.00 80.00 1
CELL 530.00 0.00 90.00 1
CELL 530.00 0.00 100.00 1
CELL 530.00 0.00 110.00 1
CELL 530.00 0.00 120.00 1
CELL 530.00 0.00 130.00 1
CELL 530.00 0.00 140.00 1
CELL 530.00 0.00 150.00 1
CELL 530.00 0.00 160.00 1
CELL 530.00 0.00 170.00 1
CELL 530.00 0.00 180.00 1
CELL 530.00 0.00 190.00 1
CELL 530.00 0.00 200.00 1
CELL 530.00 0.00 210.00 1
CELL 530.00 0.00 220.00 1
CELL 530.00 0.00 230.00 1
CELL 530.00 0.00 240.00 1
CELL 530.00 0.00 250.00 1
CELL 530.00 0.00 260.00 1
CELL 530.00 0.00 270.00 1
CELL 530.00 0.00 280.00 1
CELL 530.00 0.00 290.00 1
CELL 540.00 0.00 0.00 1
CELL 540.00 0.00 10.00 1
CELL 540.00 0.00 20.00 1
CELL 540.00 0.00 30.00 1
CELL 540.00 0.00 40.00 1
CELL 540.00 0.00 50.00 1
CELL 540.00 0.00 60.00 1
CELL 540.00 0.00 70.00 1
CELL 540.00 0.00 80.00 1
CELL 540.00 0.00 90.00 1
CELL 540.00 0.00 100.00 1
CELL 540.00 0.00 110.00 1
CELL 540.00 0.00 120.00 1
CELL 540.00 0.00 130.00 1
CELL 540.00 0.00 140.00 1
CELL 540.00 0.00 150.00 1
CELL 540.00 0.00 160.00 1
CELL 540.00 0.00 170.00 1
CELL 540.00 0.00 180.00 1
CELL 540.00 0.00 190.00 1
CELL 540.00 0.00 200.00 1
CELL 540.00 0.00 210.00 1
CELL 540.00 0.00 220.00 1
CELL 540.00 0.00 230.00 1
CELL 540.00 0.00 240.00 1
CELL 540.00 0.00 250.00 1
CELL 540.00 0.00 260.00 1
CELL 540.00 0.00 270.00 1
CELL 540.00 0.00 280.00 1
CELL 540.00 0.00 290.00 1
CELL 550.00 0.00 0.00 1
CELL 550.00 0.00 10.00 1
CELL 550.00 0.00 20.00 1
CELL 550.00 0.00 30.00 1
CELL 550.00 0.00 40.00 1
CELL 550.00 0.00 50.00 1
CELL 550.00 0.00 60.00 1
CELL 550.00 0.00 70.00 1
CELL 550.00 0.00 80.00 1
CELL 550.00 0.00 90.00 1
CELL 550.00 0.00 100.00 1
CELL 550.00 0.00 110.00 1
CELL 550.00 0.00 120.00 1
CELL 550.00 0.00 130.00 1
CELL 550.00 0.00 140.00 1
CELL 550.00 0.00 150.00 1
CELL 550.00 0.00 160.00 1
CELL 550.00 0.00 170.00 1
CELL 550.00 0.00 180.00 1
CELL 550.00 0.00 190.00 1
CELL 550.00 0.00 200.00 1
CELL 550.00 0.00 210.00 1
CELL 550.00 0.00 220.00 1
CELL 550.00 0.00 230.00 1
CELL 550.00 0.00 240.00 1
CELL 550.00 0.00 250.00 1
CELL 550.00 0.00 260.00 1
CELL 550.00 0.00 270.00 1
CELL 550.00 0.00 280.00 1
CELL 550.00 0.00 290.00 1
CELL 560.00 0.00 0.00 1
CELL 560.00 0.00 10.00 1
CELL 560.00 0.00 20.00 1
CELL 560.00 0.00 30.00 1
CELL 560.00 0.00 40.00 1
CELL 560.00 0.00 50.00 1
CELL 560.00 0.00 60.00 1
CELL 560.00 0.00 70.00 1
CELL 560.00 0.00 80.00 1
CELL 560.00 0.00 90.00 1
CELL 560.00 0.00 100.00 1
CELL 560.00 0.00 110.00 1
CELL 560.00 0.00 120.00 1
CELL 560.00 0.00 130.00 1
CELL 560.00 0.00 140.00 1
CELL 560.00 0.00 150.00 1
CELL 560.00 0.00 160.00 1
CELL 560.00 0.00 170.00 1
CELL 560.00 0.00 180.00 1
CELL 560.00 0.00 190.00 1
CELL 560.00 0.00 200.00 1
CELL 560.00 0.00 210.00 1
CELL 560.00 0.00 220.00 1
CELL 560.00 0.00 230.00 1
CELL 560.00 0.00 240.00 1
CELL 560.00 0.00 250.00 1
CELL 560.00 0.00 260.00 1
CELL 560.00 0.00 270.00 1
CELL 560.00 0.00 280.00 1
CELL 560.00 0.00 290.00 1
CELL 570.00 0.00 0.00 1
CELL 570.00 0.00 10.00 1
CELL 570.00 0.00 20.00 1
CELL 570.00 0.00 30.00 1
CELL 570.00 0.00 40.00 1
CELL 570.00 0.00 50.00 1
CELL 570.00 0.00 60.00 1
CELL 570.00 0.00 70.00 1
CELL 570.00 0.00 80.00 1
CELL 570.00 0.00 90.00 1
CELL 570.00 0.00 100.00 1
CELL 570.00 0.00 110.00 1
CELL 570.00 0.00 120.00 1
CELL 570.00 0.00 130.00 1
CELL 570.00 0.00 140.00 1
CELL 570.00 0.00 150.00 1
CELL 570.00 0.00 160.00 1
CELL 570.00 0.00 170.00 1
CELL 570.00 0.00 180.00 1
CELL 570.00 0.00 190.00 1
CELL 570.00 0.00 200.00 1
CELL 570.00 0.00 210.00 1
CELL 570.00 0.00 220.00 1
CELL 570.00 0.00 230.00 1
CELL 570.00 0.00 240.00 1
CELL 570.00 0.00 250.00 1
CELL 570.00 0.00 260.00 1
CELL 570.00 0.00 270.00 1
CELL 570.00 0.00 280.00 1
CELL 570.00 0.00 290.00 1
CELL 580.00 0.00 0.00 1
CELL 580.00 0.00 10.00 1
CELL 580.00 0.00 20.00 1
CELL 580.00 0.00 30.00 1
CELL 580.00 0.00 40.00 1
CELL 580.00 0.00 50.00 1
CELL 580.00 0.00 60.00 1
CELL 580.00 0.00 70.00 1
CELL 580.00 0.00 80.00 1
CELL 580.00 0.00 90.00 1
CELL 580.00 0.00 100.00 1
CELL 580.00 0.00 110.00 1
CELL 580.00 0.00 120.00 1
CELL 580.00 0.00 130.00 1
CELL 580.00 0.00 140.00 1
CELL 580.00 0.00 150.00 1
CELL 580.00 0.00 160.00 1
CELL 580.00 0.00 170.00 1
CELL 580.00 0.00 180.00 1
CELL 580.00 0.00 190.00 1
CELL 580.00 0.00 200.00 1
CELL 580.00 0.00 210.00 1
CELL 580.00 0.00 220.00 1
CELL 580.00 0.00 230.00 1
CELL 580.00 0.00 240.00 1
CELL 580.00 0.00 250.00 1
CELL 580.00 0.00 260.00 1
CELL 580.00 0.00 270.00 1
CELL 580.00 0.00 280.00 1
CELL 580.00 0.00 290.00 1
CELL 590.00 0.00 0.00 1
CELL 590.00 0.00 10.00 1
CELL 590.00 0.00 20.00 1
CELL 590.00 0.00 30.00 1
CELL 590.00 0.00 40.00 1
CELL 590.00 0.00 50.00 1
CELL 590.00 0.00 60.00 1
CELL 590.00 0.00 70.00 1
CELL 590.00 0.00 80.00 1
CELL 590.00 0.00 90.00 1
CELL 590.00 0.00 100.00 1
CELL 590.00 0.00 110.00 1
CELL 590.00 0.00 120.00 1
CELL 590.00 0.00 130.00 1
CELL 590.00 0.00 140.00 1
CELL 590.00 0.00 150.00 1
CELL 590.00 0.00 160.00 1
CELL 590.00 0.00 170.00 1
CELL 590.00 0.00 180.00 1
CELL 590.00 0.00 190.00 1
CELL 590.00 0.00 200.00 1
CELL 590.00 0.00 210.00 1
CELL 590.00 0.00 220.00 1
CELL 590.00 0.00 230.00 1
CELL 590.00 0.00 240.00 1
CELL 590.00 0.00 250.00 1
CELL 590.00 0.00 260.00 1
CELL 590.00 0.00 270.00 1
CELL 590.00 0.00 280.00 1
CELL 590.00 0.00 290.00 1
CELL 600.00 0.00 0.00 1
CELL 600.00 0.00 10.00 1
CELL 600.00 0.00 20.00 1
CELL 600.00 0.00 30.00 1
CELL 600.00 0.00 40.00 1
CELL 600.00 0.00 50.00 1
CELL 600.00 0.00 60.00 1
CELL 600.00 0.00 70.00 1
CELL 600.00 0.00 80.00 1
CELL 600.00 0.00 90.00 1
CELL 600.00 0.00 100.00 1
CELL 600.00 0.00 110.00 1
CELL 600.00 0.00 120.00 1
CELL 600.00 0.00 130.00 1
CELL 600.00 0.00 140.00 1
CELL 600.00 0.00 150.00 1
CELL 600.00 0.00 160.00 1
CELL 600.00 0.00 170.00 1
CELL 600.00 0.00 180.00 1
CELL 600.00 0.00 190.00 1
CELL 600.00 0.00 200.00 1
CELL 600.00 0.00 210.00 1
CELL 600.00 0.00 220.00 1
CELL 600.00 0.00 230.00 1
CELL 600.00 0.00 240.00 1
CELL 600.00 0.00 250.00 1
CELL 600.00 0.00 260.00 1
CELL 600.00 0.00 270.00 1
CELL 600.00 0.00 280.00 1
CELL 600.00 0.00 290.00 1
CELL 610.00 0.00 0.00 1
CELL 610.00 0.00 10.00 1
CELL 610.00 0.00 20.00 1
CELL 610.00 0.00 30.00 1
CELL 610.00 0.00 40.00 1
CELL 610.00 0.00 50.00 1
CELL 610.00 0.00 60.00 1
CELL 610.00 0.00 70.00 1
CELL 610.00 0.00 80.00 1
CELL 610.00 0.00 90.00 1
CELL 610.00 0.00 100.00 1
CELL 610.00 0.00 110.00 1
CELL 610.00 0.00 120.00 1
CELL 610.00 0.00 130.00 1
CELL 610.00 0.00 140.00 1
CELL 610.00 0.00 150.00 1
CELL 610.00 0.00 160.00 1
CELL 610.00 0.00 170.00 1
CELL 610.00 0.00 180.00 1
CELL 610.00 0.00 190.00 1
CELL 610.00 0.00 200.00 1
CELL 610.00 0.00 210.00 1
CELL 610.00 0.00 220.00 1
CELL 610.00 0.00 230.00 1
CELL 610.00 0.00 240.00 1
CELL 610.00 0.00 250.00 1
CELL 610.00 0.00 260.00 1
CELL 610.00 0.00 270.00 1
CELL 610.00 0.00 280.00 1
CELL 610.00 0.00 290.00 1
CELL 620.00 0.00 0.00 1
CELL 620.00 0.00 10.00 1
CELL 620.00 0.00 20.00 1
CELL 620.00 0.00 30.00 1
CELL 620.00 0.00 40.00 1
CELL 620.00 0.00 50.00 1
CELL 620.00 0.00 60.00 1
CELL 620.00 0.00 70.00 1
CELL 620.00 0.00 80.00 1
CELL 620.00 0.00 90.00 1
CELL 620.00 0.00 100.00 1
CELL 620.00 0.00 110.00 1
CELL 620.00 0.00 120.00 1
CELL 620.00 0.00 130.00 1
CELL 620.00 0.00 140.00 1
CELL 620.00 0.00 150.00 1
CELL 620.00 0.00 160.00 1
CELL 620.00 0.00 170.00 1
CELL 620.00 0.00 180.00 1
CELL 620.00 0.00 190.00 1
CELL 620.00 0.00 200.00 1
CELL 620.00 0.00 210.00 1
CELL 620.00 0.00 220.00 1
CELL 620.00 0.00 230.00 1
CELL 620.00 0.00 240.00 1
CELL 620.00 0.00 250.00 1
CELL 620.00 0.00 260.00 1
CELL 620.00 0.00 270.00 1
CELL 620.00 0.00 280.00 1
CELL 620.00 0.00 290.00 1
CELL 630.00 0.00 0.00 1
CELL 630.00 0.00 10.00 1
CELL 630.00 0.00 20.00 1
CELL 630.00 0.00 30.00 1
CELL 630.00 0.00 40.00 1
CELL 630.00 0.00 50.00 1
CELL 630.00 0.00 60.00 1
CELL 630.00 0.00 70.00 1
CELL 630.00 0.00 80.00 1
CELL 630.00 0.00 90.00 1
CELL 630.00 0.00 100.00 1
CELL 630.00 0.00 110.00 1
CELL 630.00 0.00 120.00 1
CELL 630.00 0.00 130.00 1
CELL 630.00 0.00 140.00 1
CELL 630.00 0.00 150.00 1
CELL 630.00 0.00 160.00 1
CELL 630.00 0.00 170.00 1
CELL 630.00 0.00 180.00 1
CELL 630.00 0.00 190.00 1
CELL 630.00 0.00 200.00 1
CELL 630.00 0.00 210.00 1
CELL 630.00 0.00 220.00 1
CELL 630.00 0.00 230.00 1
CELL 630.00 0.00 240.00 1
CELL 630.00 0.00 250.00 1
CELL 630.00 0.00 260.00 1
CELL 630.00 0.00 270.00 1
CELL 630.00 0.00 280.00 1
CELL 630.00 0.00 290.00 1
CELL 640.00 0.00 0.00 1
CELL 640.00 0.00 10.00 1
CELL 640.00 0.00 20.00 1
CELL 640.00 0.00 30.00 1
CELL 640.00 0.00 40.00 1
CELL 640.00 0.00 50.00 1
CELL 640.00 0.00 60.00 1
CELL 640.00 0.00 70.00 1
CELL 640.00 0.00 80.00 1
CELL 640.00 0.00 90.00 1
CELL 640.00 0.00 100.00 1
CELL 640.00 0.00 110.00 1
CELL 640.00 0.00 120.00 1
CELL 640.00 0.00 130.00 1
CELL 640.00 0.00 140.00 1
CELL 640.00 0.00 150.00 1
CELL 640.00 0.00 160.00 1
CELL 640.00 0.00 170.00 1
CELL 640.00 0.00 180.00 1
CELL 640.00 0.00 190.00 1
CELL 640.00 0.00 200.00 1
CELL 640.00 0.00 210.00 1
CELL 640.00 0.00 220.00 1
CELL 640.00 0.00 230.00 1
CELL 640.00 0.00 240.00 1
CELL 640.00 0.00 250.00 1
CELL 640.00 0.00 260.00 1
CELL 640.00 0.00 270.00 1
CELL 640.00 0.00 280.00 1
CELL 640.00 0.00 290.00 1
CELL 650.00 0.00 0.00 1
CELL 650.00 0.00 10.00 1
CELL 650.00 0.00 20.00 1
CELL 650.00 0.00 30.00 1
CELL 650.00 0.00 40.00 1
CELL 650.00 0.00 50.00 1
CELL 650.00 0.00 60.00 1
CELL 650.00 0.00 70.00 1
CELL 650.00 0.00 80.00 1
CELL 650.00 0.00 90.00 1
CELL 650.00 0.00 100.00 1
CELL 650.00 0.00 110.00 1
CELL 650.00 0.00 120.00 1
CELL 650.00 0.00 130.00 1
CELL 650.00 0.00 140.00 1
CELL 650.00 0.00 150.00 1
CELL 650.00 0.00 160.00 1
CELL 650.00 0.00 170.00 1
CELL 650.00 0.00 180.00 1
CELL 650.00 0.00 190.00 1
CELL 650.00 0.00 200.00 1
CELL 650.00 0.00 210.00 1
CELL 650.00 0.00 220.00 1
CELL 650.00 0.00 230.00 1
CELL 650.00 0.00 240.00 1
CELL 650.00 0.00 250.00 1
CELL 650.00 0.00 260.00 1
CELL 650.00 0.00 270.00 1
CELL 650.00 0.00 280.00 1
CELL 650.00 0.00 290.00 1
CELL 660.00 0.00 0.00 1
CELL 660.00 0.00 10.00 1
CELL 660.00 0.00 20.00 1
CELL 660.00 0.00 30.00 1
CELL 660.00 0.00 40.00 1
CELL 660.00 0.00 50.00 1
CELL 660.00 0.00 60.00 1
CELL 660.00 0.00 70.00 1
CELL 660.00 0.00 80.00 1
CELL 660.00 0.00 90.00 1
CELL 660.00 0.00 100.00 1
CELL 660.00 0.00 110.00 1
CELL 660.00 0.00 120.00 1
CELL 660.00 0.00 130.00 1
CELL 660.00 0.00 140.00 1
CELL 660.00 0.00 150.00 1
CELL 660.00 0.00 160.00 1
CELL 660.00 0.00 170.00 1
CELL 660.00 0.00 180.00 1
CELL 660.00 0.00 190.00 1
CELL 660.00 0.00 200.00 1
CELL 660.00 0.00 210.00 1
CELL 660.00 0.00 220.00 1
CELL 660.00 0.00 230.00 1
CELL 660.00 0.00 240.00 1
CELL 660.00 0.00 250.00 1
CELL 660.00 0.00 260.00 1
CELL 660.00 0.00 270.00 1
CELL 660.00 0.00 280.00 1
CELL 660.00 0.00 290.00 1
CELL 670.00 0.00 0.00 1
CELL 670.00 0.00 10.00 1
CELL 670.00 0.00 20.00 1
CELL 670.00 0.00 30.00 1
CELL 670.00 0.00 40.00 1
CELL 670.00 0.00 50.00 1
CELL 670.00 0.00 60.00 1
CELL 670.00 0.00 70.00 1
CELL 670.00 0.00 80.00 1
CELL 670.00 0.00 90.00 1
CELL 670.00 0.00 100.00 1
CELL 670.00 0.00 110.00 1
CELL 670.00 0.00 120.00 1
CELL 670.00 0.00 130.00 1
CELL 670.00 0.00 140.00 1
CELL 670.00 0.00 150.00 1
CELL 670.00 0.00 160.00 1
CELL 670.00 0.00 170.00 1
CELL 670.00 0.00 180.00 1
CELL 670.00 0.00 190.00 1
CELL 670.00 0.00 200.00 1
CELL 670.00 0.00 210.00 1
CELL 670.00 0.00 220.00 1
CELL 670.00 0.00 230.00 1
CELL 670.00 0.00 240.00 1
CELL 670.00 0.00 250.00 1
CELL 670.00 0.00 260.00 1
CELL 670.00 0.00 270.00 1
CELL 670.00 0.00 280.00 1
CELL 670.00 0.00 290.00 1
CELL 680.00 0.00 0.00 1
CELL 680.00 0.00 10.00 1
CELL 680.00 0.00 20.00 1
CELL 680.00 0.00 30.00 1
CELL 680.00 0.00 40.00 1
CELL 680.00 0.00 50.00 1
CELL 680.00 0.00 60.00 1
CELL 680.00 0.00 70.00 1
CELL 680.00 0.00 80.00 1
CELL 680.00 0.00 90.00 1
CELL 680.00 0.00 100.00 1
CELL 680.00 0.00 110.00 1
CELL 680.00 0.00 120.00 1
CELL 680.00 0.00 130.00 1
CELL 680.00 0.00 140.00 1
CELL 680.00 0.00 150.00 1
CELL 680.00 0.00 160.00 1
CELL 680.00 0.00 170.00 1
CELL 680.00 0.00 180.00 1
CELL 680.00 0.00 190.00 1
CELL 680.00 0.00 200.00 1
CELL 680.00 0.00 210.00 1
CELL 680.00 0.00 220.00 1
CELL 680.00 0.00 230.00 1
CELL 680.00 0.00 240.00 1
CELL 680.00 0.00 250.00 1
CELL 680.00 0.00 260.00 1
CELL 680.00 0.00 270.00 1
CELL 680.00 0.00 280.00 1
CELL 680.00 0.00 290.00 1
CELL 690.00 0.00 0.00 1
CELL 690.00 0.00 10.00 1
CELL 690.00 0.00 20.00 1
CELL 690.00 0.00 30.00 1
CELL 690.00 0.00 40.00 1
CELL 690.00 0.00 50.00 1
CELL 690.00 0.00 60.00 1
CELL 690.00 0.00 70.00 1
CELL 690.00 0.00 80.00 1
CELL 690.00 0.00 90.00 1
CELL 690.00 0.00 100.00 1
CELL 690.00 0.00 110.00 1
CELL 690.00 0.00 120.00 1
CELL 690.00 0.00 130.00 1
CELL 690.00 0.00 140.00 1
CELL 690.00 0.00 150.00 1
CELL 690.00 0.00 160.00 1
CELL 690.00 0.00 170.00 1
CELL 690.00 0.00 180.00 1
CELL 690.00 0.00 190.00 1
CELL 690.00 0.00 200.00 1
CELL 690.00 0.00 210.00 1
CELL 690.00 0.00 220.00 1
CELL 690.00 0.00 230.00 1
CELL 690.00 0.00 240.00 1
CELL 690.00 0.00 250.00 1
CELL 690.00 0.00 260.00 1
CELL 690.00 0.00 270.00 1
CELL 690.00 0.00 280.00 1
CELL 690.00 0.00 290.00 1
CELL 700.00 0.00 0.00 1
CELL 700.00 0.00 10.00 1
CELL 700.00 0.00 20.00 1
CELL 700.00 0.00 30.00 1
CELL 700.00 0.00 40.00 1
CELL 700.00 0.00 50.00 1
CELL 700.00 0.00 60.00 1
CELL 700.00 0.00 70.00 1
CELL 700.00 0.00 80.00 1
CELL 700.00 0.00 90.00 1
CELL 700.00 0.00 100.00 1
CELL 700.00 0.00 110.00 1
CELL 700.00 0.00 120.00 1
CELL 700.00 0.00 130.00 1
CELL 700.00 0.00 140.00 1
CELL 700.00 0.00 150.00 1
CELL 700.00 0.00 160.00 1
CELL 700.00 0.00 170.00 1
CELL 700.00 0.00 180.00 1
CELL 700.00 0.00 190.00 1
CELL 700.00 0.00 200.00 1
CELL 700.00 0.00 210.00 1
CELL 700.00 0.00 220.00 1
CELL 700.00 0.00 230.00 1
CELL 700.00 0.00 240.00 1
CELL 700.00 0.00 250.00 1
CELL 700.00 0.00 260.00 1
CELL 700.00 0.00 270.00 1
CELL 700.00 0.00 280.00 1
CELL 700.00 0.00 290.00 1
CELL 710.00 0.00 0.00 1
CELL 710.00 0.00 10.00 1
CELL 710.00 0.00 20.00 1
CELL 710.00 0.00 30.00 1
CELL 710.00 0.00 40.00 1
CELL 710.00 0.00 50.00 1
CELL 710.00 0.00 60.00 1
CELL 710.00 0.00 70.00 1
CELL 710.00 0.00 80.00 1
CELL 710.00 0.00 90.00 1
CELL 710.00 0.00 100.00 1
CELL 710.00 0.00 110.00 1
CELL 710.00 0.00 120.00 1
CELL 710.00 0.00 130.00 1
CELL 710.00 0.00 140.00 1
CELL 710.00 0.00 150.00 1
CELL 710.00 0.00 160.00 1
CELL 710.00 0.00 170.00 1
CELL 710.00 0.00 180.00 1
CELL 710.00 0.00 190.00 1
CELL 710.00 0.00 200.00 1
CELL 710.00 0.00 210.00 1
CELL 710.00 0.00 220.00 1
CELL 710.00 0.00 230.00 1
CELL 710.00 0.00 240.00 1
CELL 710.00 0.00 250.00 1
CELL 710.00 0.00 260.00 1
CELL 710.00 0.00 270.00 1
CELL 710.00 0.00 280.00 1
CELL 710.00 0.00 290.00 1
CELL 720.00 0.00 0.00 1
CELL 720.00 0.00 10.00 1
CELL 720.00 0.00 20.00 1
CELL 720.00 0.00 30.00 1
CELL 720.00 0.00 40.00 1
CELL 720.00 0.00 50.00 1
CELL 720.00 0.00 60.00 1
CELL 720.00 0.00 70.00 1
CELL 720.00 0.00 80.00 1
CELL 720.00 0.00 90.00 1
CELL 720.00 0.00 100.00 1
CELL 720.00 0.00 110.00 1
CELL 720.00 0.00 120.00 1
CELL 720.00 0.00 130.00 1
CELL 720.00 0.00 140.00 1
CELL 720.00 0.00 150.00 1
CELL 720.00 0.00 160.00 1
CELL 720.00 0.00 170.00 1
CELL 720.00 0.00 180.00 1
CELL 720.00 0.00 190.00 1
CELL 720.00 0.00 200.00 1
CELL 720.00 0.00 210.00 1
CELL 720.00 0.00 220.00 1
CELL 720.00 0.00 230.00 1
CELL 720.00 0.00 240.00 1
CELL 720.00 0.00 250.00 1
CELL 720.00 0.00 260.00 1
CELL 720.00 0.00 270.00 1
CELL 720.00 0.00 280.00 1
CELL 720.00 0.00 290.00 1
CELL 730.00 0.00 0.00 1
CELL 730.00 0.00 10.00 1
CELL 730.00 0.00 20.00 1
CELL 730.00 0.00 30.00 1
CELL 730.00 0.00 40.00 1
CELL 730.00 0.00 50.00 1
CELL 730.00 0.00 60.00 1
CELL 730.00 0.00 70.00 1
CELL 730.00 0.00 80.00 1
CELL 730.00 0.00 90.00 1
CELL 730.00 0.00 100.00 1
CELL 730.00 0.00 110.00 1
CELL 730.00 0.00 120.00 1
CELL 730.00 0.00 130.00 1
CELL 730.00 0.00 140.00 1
CELL 730.00 0.00 150.00 1
CELL 730.00 0.00 160.00 1
CELL 730.00 0.00 170.00 1
CELL 730.00 0.00 180.00 1
CELL 730.00 0.00 190.00 1
CELL 730.00 0.00 200.00 1
CELL 730.00 0.00 210.00 1
CELL 730.00 0.00 220.00 1
CELL 730.00 0.00 230.00 1
CELL 730.00 0.00 240.00 1
CELL 730.00 0.00 250.00 1
CELL 730.00 0.00 260.00 1
CELL 730.00 0.00 270.00 1
CELL 730.00 0.00 280.00 1
CELL 730.00 0.00 290.00 1
CELL 740.00 0.00 0.00 1
CELL 740.00 0.00 10.00 1
CELL 740.00 0.00 20.00 1
CELL 740.00 0.00 30.00 1
CELL 740.00 0.00 40.00 1
CELL 740.00 0.00 50.00 1
CELL 740.00 0.00 60.00 1
CELL 740.00 0.00 70.00 1
CELL 740.00 0.00 80.00 1
CELL 740.00 0.00 90.00 1
CELL 740.00 0.00 100.00 1
CELL 740.00 0.00 110.00 1
CELL 740.00 0.00 120.00 1
CELL 740.00 0.00 130.00 1
CELL 740.00 0.00 140.00 1
CELL 740.00 0.00 150.00 1
CELL 740.00 0.00 160.00 1
CELL 740.00 0.00 170.00 1
CELL 740.00 0.00 180.00 1
CELL 740.00 0.00 190.00 1
CELL 740.00 0.00 200.00 1
CELL 740.00 0.00 210.00 1
CELL 740.00 0.00 220.00 1
CELL 740.00 0.00 230.00 1
CELL 740.00 0.00 240.00 1
CELL 740.00 0.00 250.00 1
CELL 740.00 0.00 260.00 1
CELL 740.00 0.00 270.00 1
CELL 740.00 0.00 280.00 1
CELL 740.00 0.00 290.00 1
CELL 750.00 0.00 0.00 1
CELL 750.00 0.00 10.00 1
CELL 750.00 0.00 20.00 1
CELL 750.00 0.00 30.00 1
CELL 750.00 0.00 40.00 1
CELL 750.00 0.00 50.00 1
CELL 750.00 0.00 60.00 1
CELL 750.00 0.00 70.00 1
CELL 750.00 0.00 80.00 1
CELL 750.00 0.00 90.00 1
CELL 750.00 0.00 100.00 1
CELL 750.00 0.00 110.00 1
CELL 750.00 0.00 120.00 1
CELL 750.00 0.00 130.00 1
CELL 750.00 0.00 140.00 1
CELL 750.00 0.00 150.00 1
CELL 750.00 0.00 160.00 1
CELL 750.00 0.00 170.00 1
CELL 750.00 0.00 180.00 1
CELL 750.00 0.00 190.00 1
CELL 750.00 0.00 200.00 1
CELL 750.00 0.00 210.00 1
CELL 750.00 0.00 220.00 1
CELL 750.00 0.00 230.00 1
CELL 750.00 0.00 240.00 1
CELL 750.00 0.00 250.00 1
CELL 750.00 0.00 260.00 1
CELL 750.00 0.00 270.00 1
CELL 750.00 0.00 280.00 1
CELL 750.00 0.00 290.00 1
CELL 760.00 0.00 0.00 1
CELL 760.00 0.00 10.00 1
CELL 760.00 0.00 20.00 1
CELL 760.00 0.00 30.00 1
CELL 760.00 0.00 40.00 1
CELL 760.00 0.00 50.00 1
CELL 760.00 0.00 60.00 1
CELL 760.00 0.00 70.00 1
CELL 760.00 0.00 80.00 1
CELL 760.00 0.00 90.00 1
CELL 760.00 0.00 100.00 1
CELL 760.00 0.00 110.00 1
CELL 760.00 0.00 120.00 1
CELL 760.00 0.00 130.00 1
CELL 760.00 0.00 140.00 1
CELL 760.00 0.00 150.00 1
CELL 760.00 0.00 160.00 1
CELL 760.00 0.00 170.00 1
CELL 760.00 0.00 180.00 1
CELL 760.00 0.00 190.00 1
CELL 760.00 0.00 200.00 1
CELL 760.00 0.00 210.00 1
CELL 760.00 0.00 220.00 1
CELL 760.00 0.00 230.00 1
CELL 760.00 0.00 240.00 1
CELL 760.00 0.00 250.00 1
CELL 760.00 0.00 260.00 1
CELL 760.00 0.00 270.00 1
CELL 760.00 0.00 280.00 1
CELL 760.00 0.00 290.00 1
CELL 770.00 0.00 0.00 1
CELL 770.00 0.00 10.00 1
CELL 770.00 0.00 20.00 1
CELL 770.00 0.00 30.00 1
CELL 770.00 0.00 40.00 1
CELL 770.00 0.00 50.00 1
CELL 770.00 0.00 60.00 1
CELL 770.00 0.00 70.00 1
CELL 770.00 0.00 80.00 1
CELL 770.00 0.00 90.00 1
CELL 770.00 0.00 100.00 1
CELL 770.00 0.00 110.00 1
CELL 770.00 0.00 120.00 1
CELL 770.00 0.00 130.00 1
CELL 770.00 0.00 140.00 1
CELL 770.00 0.00 150.00 1
CELL 770.00 0.00 160.00 1
CELL 770.00 0.00 170.00 1
CELL 770.00 0.00 180.00 1
CELL 770.00 0.00 190.00 1
CELL 770.00 0.00 200.00 1
CELL 770.00 0.00 210.00 1
CELL 770.00 0.00 220.00 1
CELL 770.00 0.00 230.00 1
CELL 770.00 0.00 240.00 1
CELL 770.00 0.00 250.00 1
CELL 770.00 0.00 260.00 1
CELL 770.00 0.00 270.00 1
CELL 770.00 0.00 280.00 1
CELL 770.00 0.00 290.00 1
CELL 780.00 0.00 0.00 1
CELL 780.00 0.00 10.00 1
CELL 780.00 0.00 20.00 1
CELL 780.00 0.00 30.00 1
CELL 780.00 0.00 40.00 1
CELL 780.00 0.00 50.00 1
CELL 780.00 0.00 60.00 1
CELL 780.00 0.00 70.00 1
CELL 780.00 0.00 80.00 1
CELL 780.00 0.00 90.00 1
CELL 780.00 0.00 100.00 1
CELL 780.00 0.00 110.00 1
CELL 780.00 0.00 120.00 1
CELL 780.00 0.00 130.00 1
CELL 780.00 0.00 140.00 1
CELL 780.00 0.00 150.00 1
CELL 780.00 0.00 160.00 1
CELL 780.00 0.00 170.00 1
CELL 780.00 0.00 180.00 1
CELL 780.00 0.00 190.00 1
CELL 780.00 0.00 200.00 1
CELL 780.00 0.00 210.00 1
CELL 780.00 0.00 220.00 1
CELL 780.00 0.00 230.00 1
CELL 780.00 0.00 240.00 1
CELL 780.00 0.00 250.00 1
CELL 780.00 0.00 260.00 1
CELL 780.00 0.00 270.00 1
CELL 780.00 0.00 280.00 1
CELL 780.00 0.00 290.00 1
CELL 790.00 0.00 0.00 1
CELL 790.00 0.00 10.00 1
CELL 790.00 0.00 20.00 1
CELL 790.00 0.00 30.00 1
CELL 790.00 0.00 40.00 1
CELL 790.00 0.00 50.00 1
CELL 790.00 0.00 60.00 1
CELL 790.00 0.00 70.00 1
CELL 790.00 0.00 80.00 1
CELL 790.00 0.00 90.00 1
CELL 790.00 0.00 100.00 1
CELL 790.00 0.00 110.00 1
CELL 790.00 0.00 120.00 1
CELL 790.00 0.00 130.00 1
CELL 790.00 0.00 140.00 1
CELL 790.00 0.00 150.00 1
CELL 790.00 0.00 160.00 1
CELL 790.00 0.00 170.00 1
CELL 790.00 0.00 180.00 1
CELL 790.00 0.00 190.00 1
CELL 790.00 0.00 200.00 1
CELL 790.00 0.00 210.00 1
CELL 790.00 0.00 220.00 1
CELL 790.00 0.00 230.00 1
CELL 790.00 0.00 240.00 1
CELL 790.00 0.00 250.00 1
CELL 790.00 0.00 260.00 1
CELL 790.00 0.00 270.00 1
CELL 790.00 0.00 280.00 1
CELL 790.00 0.00 290.00 1
CELL 800.00 0.00 0.00 1
CELL 800.00 0.00 10.00 1
CELL 800.00 0.00 20.00 1
CELL 800.00 0.00 30.00 1
CELL 800.00 0.00 40.00 1
CELL 800.00 0.00 50.00 1
CELL 800.00 0.00 60.00 1
CELL 800.00 0.00 70.00 1
CELL 800.00 0.00 80.00 1
CELL 800.00 0.00 90.00 1
CELL 800.00 0.00 100.00 1
CELL 800.00 0.00 110.00 1
CELL 800.00 0.00 120.00 1
CELL 800.00 0.00 130.00 1
CELL 800.00 0.00 140.00 1
CELL 800.00 0.00 150.00 1
CELL 800.00 0.00 160.00 1
CELL 800.00 0.00 170.00 1
CELL 800.00 0.00 180.00 1
CELL 800.00 0.00 190.00 1
CELL 800.00 0.00 200.00 1
CELL 800.00 0.00 210.00 1
CELL 800.00 0.00 220.00 1
CELL 800.00 0.00 230.00 1
CELL 800.00 0.00 240.00 1
CELL 800.00 0.00 250.00 1
CELL 800.00 0.00 260.00 1
CELL 800.00 0.00 270.00 1
CELL 800.00 0.00 280.00 1
CELL 800.00 0.00 290.00 1
CELL 810.00 0.00 0.00 1
CELL 810.00 0.00 10.00 1
CELL 810.00 0.00 20.00 1
CELL 810.00 0.00 30.00 1
CELL 810.00 0.00 40.00 1
CELL 810.00 0.00 50.00 1
CELL 810.00 0.00 60.00 1
CELL 810.00 0.00 70.00 1
CELL 810.00 0.00 80.00 1
CELL 810.00 0.00 90.00 1
CELL 810.00 0.00 100.00 1
CELL 810.00 0.00 110.00 1
CELL 810.00 0.00 120.00 1
CELL 810.00 0.00 130.00 1
CELL 810.00 0.00 140.00 1
CELL 810.00 0.00 150.00 1
CELL 810.00 0.00 160.00 1
CELL 810.00 0.00 170.00 1
CELL 810.00 0.00 180.00 1
CELL 810.00 0.00 190.00 1
CELL 810.00 0.00 200.00 1
CELL 810.00 0.00 210.00 1
CELL 810.00 0.00 220.00 1
CELL 810.00 0.00 230.00 1
CELL 810.00 0.00 240.00 1
CELL 810.00 0.00 250.00 1
CELL 810.00 0.00 260.00 1
CELL 810.00 0.00 270.00 1
CELL 810.00 0.00 280.00 1
CELL 810.00 0.00 290.00 1
CELL 820.00 0.00 0.00 1
CELL 820.00 0.00 10.00 1
CELL 820.00 0.00 20.00 1
CELL 820.00 0.00 30.00 1
CELL 820.00 0.00 40.00 1
CELL 820.00 0.00 50.00 1
CELL 820.00 0.00 60.00 1
CELL 820.00 0.00 70.00 1
CELL 820.00 0.00 80.00 1
CELL 820.00 0.00 90.00 1
CELL 820.00 0.00 100.00 1
CELL 820.00 0.00 110.00 1
CELL 820.00 0.00 120.00 1
CELL 820.00 0.00 130.00 1
CELL 820.00 0.00 140.00 1
CELL 820.00 0.00 150.00 1
CELL 820.00 0.00 160.00 1
CELL 820.00 0.00 170.00 1
CELL 820.00 0.00 180.00 1
CELL 820.00 0.00 190.00 1
CELL 820.00 0.00 200.00 1
CELL 820.00 0.00 210.00 1
CELL 820.00 0.00 220.00 1
CELL 820.00 0.00 230.00 1
CELL 820.00 0.00 240.00 1
CELL 820.00 0.00 250.00 1
CELL 820.00 0.00 260.00 1
CELL 820.00 0.00 270.00 1
CELL 820.00 0.00 280.00 1
CELL 820.00 0.00 290.00 1
CELL 830.00 0.00 0.00 1
CELL 830.00 0.00 10.00 1
CELL 830.00 0.00 20.00 1
CELL 830.00 0.00 30.00 1
CELL 830.00 0.00 40.00 1
CELL 830.00 0.00 50.00 1
CELL 830.00 0.00 60.00 1
CELL 830.00 0.00 70.00 1
CELL 830.00 0.00 80.00 1
CELL 830.00 0.00 90.00 1
CELL 830.00 0.00 100.00 1
CELL 830.00 0.00 110.00 1
CELL 830.00 0.00 120.00 1
CELL 830.00 0.00 130.00 1
CELL 830.00 0.00 140.00 1
CELL 830.00 0.00 150.00 1
CELL 830.00 0.00 160.00 1
CELL 830.00 0.00 170.00 1
CELL 830.00 0.00 180.00 1
CELL 830.00 0.00 190.00 1
CELL 830.00 0.00 200.00 1
CELL 830.00 0.00 210.00 1
CELL 830.00 0.00 220.00 1
CELL 830.00 0.00 230.00 1
CELL 830.00 0.00 240.00 1
CELL 830.00 0.00 250.00 1
CELL 830.00 0.00 260.00 1
CELL 830.00 0.00 270.00 1
CELL 830.00 0.00 280.00 1
CELL 830.00 0.00 290.00 1
CELL 840.00 0.00 0.00 1
CELL 840.00 0.00 10.00 1
CELL 840.00 0.00 20.00 1
CELL 840.00 0.00 30.00 1
CELL 840.00 0.00 40.00 1
CELL 840.00 0.00 50.00 1
CELL 840.00 0.00 60.00 1
CELL 840.00 0.00 70.00 1
CELL 840.00 0.00 80.00 1
CELL 840.00 0.00 90.00 1
CELL 840.00 0.00 100.00 1
CELL 840.00 0.00 110.00 1
CELL 840.00 0.00 120.00 1
CELL 840.00 0.00 130.00 1
CELL 840.00 0.00 140.00 1
CELL 840.00 0.00 150.00 1
CELL 840.00 0.00 160.00 1
CELL 840.00 0.00 170.00 1
CELL 840.00 0.00 180.00 1
CELL 840.00 0.00 190.00 1
CELL 840.00 0.00 200.00 1
CELL 840.00 0.00 210.00 1
CELL 840.00 0.00 220.00 1
CELL 840.00 0.00 230.00 1
CELL 840.00 0.00 240.00 1
CELL 840.00 0.00 250.00 1
CELL 840.00 0.00 260.00 1
CELL 840.00 0.00 270.00 1
CELL 840.00 0.00 280.00 1
CELL 840.00 0.00 290.00 1
CELL 850.00 0.00 0.00 1
CELL 850.00 0.00 10.00 1
CELL 850.00 0.00 20.00 1
CELL 850.00 0.00 30.00 1
CELL 850.00 0.00 40.00 1
CELL 850.00 0.00 50.00 1
CELL 850.00 0.00 60.00 1
CELL 850.00 0.00 70.00 1
CELL 850.00 0.00 80.00 1
CELL 850.00 0.00 90.00 1
CELL 850.00 0.00 100.00 1
CELL 850.00 0.00 110.00 1
CELL 850.00 0.00 120.00 1
CELL 850.00 0.00 130.00 1
CELL 850.00 0.00 140.00 1
CELL 850.00 0.00 150.00 1
CELL 850.00 0.00 160.00 1
CELL 850.00 0.00 170.00 1
CELL 850.00 0.00 180.00 1
CELL 850.00 0.00 190.00 1
CELL 850.00 0.00 200.00 1
CELL 850.00 0.00 210.00 1
CELL 850.00 0.00 220.00 1
CELL 850.00 0.00 230.00 1
CELL 850.00 0.00 240.00 1
CELL 850.00 0.00 250.00 1
CELL 850.00 0.00 260.00 1
CELL 850.00 0.00 270.00 1
CELL 850.00 0.00 280.00 1
CELL 850.00 0.00 290.00 1
CELL 860.00 0.00 0.00 1
CELL 860.00 0.00 10.00 1
CELL 860.00 0.00 20.00 1
CELL 860.00 0.00 30.00 1
CELL 860.00 0.00 40.00 1
CELL 860.00 0.00 50.00 1
CELL 860.00 0.00 60.00 1
CELL 860.00 0.00 70.00 1
CELL 860.00 0.00 80.00 1
CELL 860.00 0.00 90.00 1
CELL 860.00 0.00 100.00 1
CELL 860.00 0.00 110.00 1
CELL 860.00 0.00 120.00 1
CELL 860.00 0.00 130.00 1
CELL 860.00 0.00 140.00 1
CELL 860.00 0.00 150.00 1
CELL 860.00 0.00 160.00 1
CELL 860.00 0.00 170.00 1
CELL 860.00 0.00 180.00 1
CELL 860.00 0.00 190.00 1
CELL 860.00 0.00 200.00 1
CELL 860.00 0.00 210.00 1
CELL 860.00 0.00 220.00 1
CELL 860.00 0.00 230.00 1
CELL 860.00 0.00 240.00 1
CELL 860.00 0.00 250.00 1
CELL 860.00 0.00 260.00 1
CELL 860.00 0.00 270.00 1
CELL 860.00 0.00 280.00 1
CELL 860.00 0.00 290.00 1
CELL 870.00 0.00 0.00 1
CELL 870.00 0.00 10.00 1
CELL 870.00 0.00 20.00 1
CELL 870.00 0.00 30.00 1
CELL 870.00 0.00 40.00 1
CELL 870.00 0.00 50.00 1
CELL 870.00 0.00 60.00 1
CELL 870.00 0.00 70.00 1
CELL 870.00 0.00 80.00 1
CELL 870.00 0.00 90.00 1
CELL 870.00 0.00 100.00 1
CELL 870.00 0.00 110.00 1
CELL 870.00 0.00 120.00 1
CELL 870.00 0.00 130.00 1
CELL 870.00 0.00 140.00 1
CELL 870.00 0.00 150.00 1
CELL 870.00 0.00 160.00 1
CELL 870.00 0.00 170.00 1
CELL 870.00 0.00 180.00 1
CELL 870.00 0.00 190.00 1
CELL 870.00 0.00 200.00 1
CELL 870.00 0.00 210.00 1
CELL 870.00 0.00 220.00 1
CELL 870.00 0.00 230.00 1
CELL 870.00 0.00 240.00 1
CELL 870.00 0.00 250.00 1
CELL 870.00 0.00 260.00 1
CELL 870.00 0.00 270.00 1
CELL 870.00 0.00 280.00 1
CELL 870.00 0.00 290.00 1
CELL 880.00 0.00 0.00 1
CELL 880.00 0.00 10.00 1
CELL 880.00 0.00 20.00 1
CELL 880.00 0.00 30.00 1
CELL 880.00 0.00 40.00 1
CELL 880.00 0.00 50.00 1
CELL 880.00 0.00 60.00 1
CELL 880.00 0.00 70.00 1
CELL 880.00 0.00 80.00 1
CELL 880.00 0.00 90.00 1
CELL 880.00 0.00 100.00 1
CELL 880.00 0.00 110.00 1
CELL 880.00 0.00 120.00 1
CELL 880.00 0.00 130.00 1
CELL 880.00 0.00 140.00 1
CELL 880.00 0.00 150.00 1
CELL 880.00 0.00 160.00 1
CELL 880.00 0.00 170.00 1
CELL 880.00 0.00 180.00 1
CELL 880.00 0.00 190.00 1
CELL 880.00 0.00 200.00 1
CELL 880.00 0.00 210.00 1
CELL 880.00 0.00 220.00 1
CELL 880.00 0.00 230.00 1
CELL 880.00 0.00 240.00 1
CELL 880.00 0.00 250.00 1
CELL 880.00 0.00 260.00 1
CELL 880.00 0.00 270.00 1
CELL 880.00 0.00 280.00 1
CELL 880.00 0.00 290.00 1
CELL 890.00 0.00 0.00 1
CELL 890.00 0.00 10.00 1
CELL 890.00 0.00 20.00 1
CELL 890.00 0.00 30.00 1
CELL 890.00 0.00 40.00 1
CELL 890.00 0.00 50.00 1
CELL 890.00 0.00 60.00 1
CELL 890.00 0.00 70.00 1
CELL 890.00 0.00 80.00 1
CELL 890.00 0.00 90.00 1
CELL 890.00 0.00 100.00 1
CELL 890.00 0.00 110.00 1
CELL 890.00 0.00 120.00 1
CELL 890.00 0.00 130.00 1
CELL 890.00 0.00 140.00 1
CELL 890.00 0.00 150.00 1
CELL 890.00 0.00 160.00 1
CELL 890.00 0.00 170.00 1
CELL 890.00 0.00 180.00 1
CELL 890.00 0.00 190.00 1
CELL 890.00 0.00 200.00 1
CELL 890.00 0.00 210.00 1
CELL 890.00 0.00 220.00 1
CELL 890.00 0.00 230.00 1
CELL 890.00 0.00 240.00 1
CELL 890.00 0.00 250.00 1
CELL 890.00 0.00 260.00 1
CELL 890.00 0.00 270.00 1
CELL 890.00 0.00 280.00 1
CELL 890.00 0.00 290.00 1
CELL 900.00 0.00 0.00 1
CELL 900.00 0.00 10.00 1
CELL 900.00 0.00 20.00 1
CELL 900.00 0.00 30.00 1
CELL 900.00 0.00 40.00 1
CELL 900.00 0.00 50.00 1
CELL 900.00 0.00 60.00 1
CELL 900.00 0.00 70.00 1
CELL 900.00 0.00 80.00 1
CELL 900.00 0.00 90.00 1
CELL 900.00 0.00 100.00 1
CELL 900.00 0.00 110.00 1
CELL 900.00 0.00 120.00 1
CELL 900.00 0.00 130.00 1
CELL 900.00 0.00 140.00 1
CELL 900.00 0.00 150.00 1
CELL 900.00 0.00 160.00 1
CELL 900.00 0.00 170.00 1
CELL 900.00 0.00 180.00 1
CELL 900.00 0.00 190.00 1
CELL 900.00 0.00 200.00 1
CELL 900.00 0.00 210.00 1
CELL 900.00 0.00 220.00 1
CELL 900.00 0.00 230.00 1
CELL 900.00 0.00 240.00 1
CELL 900.00 0.00 250.00 1
CELL 900.00 0.00 260.00 1
CELL 900.00 0.00 270.00 1
CELL 900.00 0.00 280.00 1
CELL 900.00 0.00 290.00 1
CELL 910.00 0.00 0.00 1
CELL 910.00 0.00 10.00 1
CELL 910.00 0.00 20.00 1
CELL 910.00 0.00 30.00 1
CELL 910.00 0.00 40.00 1
CELL 910.00 0.00 50.00 1
CELL 910.00 0.00 60.00 1
CELL 910.00 0.00 70.00 1
CELL 910.00 0.00 80.00 1
CELL 910.00 0.00 90.00 1
CELL 910.00 0.00 100.00 1
CELL 910.00 0.00 110.00 1
CELL 910.00 0.00 120.00 1
CELL 910.00 0.00 130.00 1
CELL 910.00 0.00 140.00 1
CELL 910.00 0.00 150.00 1
CELL 910.00 0.00 160.00 1
CELL 910.00 0.00 170.00 1
CELL 910.00 0.00 180.00 1
CELL 910.00 0.00 190.00 1
CELL 910.00 0.00 200.00 1
CELL 910.00 0.00 210.00 1
CELL 910.00 0.00 220.00 1
CELL 910.00 0.00 230.00 1
CELL 910.00 0.00 240.00 1
CELL 910.00 0.00 250.00 1
CELL 910.00 0.00 260.00 1
CELL 910.00 0.00 270.00 1
CELL 910.00 0.00 280.00 1
CELL 910.00 0.00 290.00 1
CELL 920.00 0.00 0.00 1
CELL 920.00 0.00 10.00 1
CELL 920.00 0.00 20.00 1
CELL 920.00 0.00 30.00 1
CELL 920.00 0.00 40.00 1
CELL 920.00 0.00 50.00 1
CELL 920.00 0.00 60.00 1
CELL 920.00 0.00 70.00 1
CELL 920.00 0.00 80.00 1
CELL 920.00 0.00 90.00 1
CELL 920.00 0.00 100.00 1
CELL 920.00 0.00 110.00 1
CELL 920.00 0.00 120.00 1
CELL 920.00 0.00 130.00 1
CELL 920.00 0.00 140.00 1
CELL 920.00 0.00 150.00 1
CELL 920.00 0.00 160.00 1
CELL 920.00 0.00 170.00 1
CELL 920.00 0.00 180.00 1
CELL 920.00 0.00 190.00 1
CELL 920.00 0.00 200.00 1
CELL 920.00 0.00 210.00 1
CELL 920.00 0.00 220.00 1
CELL 920.00 0.00 230.00 1
CELL 920.00 0.00 240.00 1
CELL 920.00 0.00 250.00 1
CELL 920.00 0.00 260.00 1
CELL 920.00 0.00 270.00 1
CELL 920.00 0.00 280.00 1
CELL 920.00 0.00 290.00 1
CELL 930.00 0.00 0.00 1
CELL 930.00 0.00 10.00 1
CELL 930.00 0.00 20.00 1
CELL 930.00 0.00 30.00 1
CELL 930.00 0.00 40.00 1
CELL 930.00 0.00 50.00 1
CELL 930.00 0.00 60.00 1
CELL 930.00 0.00 70.00 1
CELL 930.00 0.00 80.00 1
CELL 930.00 0.00 90.00 1
CELL 930.00 0.00 100.00 1
CELL 930.00 0.00 110.00 1
CELL 930.00 0.00 120.00 1
CELL 930.00 0.00 130.00 1
CELL 930.00 0.00 140.00 1
CELL 930.00 0.00 150.00 1
CELL 930.00 0.00 160.00 1
CELL 930.00 0.00 170.00 1
CELL 930.00 0.00 180.00 1
CELL 930.00 0.00 190.00 1
CELL 930.00 0.00 200.00 1
CELL 930.00 0.00 210.00 1
CELL 930.00 0.00 220.00 1
CELL 930.00 0.00 230.00 1
CELL 930.00 0.00 240.00 1
CELL 930.00 0.00 250.00 1
CELL 930.00 0.00 260.00 1
CELL 930.00 0.00 270.00 1
CELL 930.00 0.00 280.00 1
CELL 930.00 0.00 290.00 1
CELL 940.00 0.00 0.00 1
CELL 940.00 0.00 10.00 1
CELL 940.00 0.00 20.00 1
CELL 940.00 0.00 30.00 1
CELL 940.00 0.00 40.00 1
CELL 940.00 0.00 50.00 1
CELL 940.00 0.00 60.00 1
CELL 940.00 0.00 70.00 1
CELL 940.00 0.00 80.00 1
CELL 940.00 0.00 90.00 1
CELL 940.00 0.00 100.00 1
CELL 940.00 0.00 110.00 1
CELL 940.00 0.00 120.00 1
CELL 940.00 0.00 130.00 1
CELL 940.00 0.00 140.00 1
CELL 940.00 0.00 150.00 1
CELL 940.00 0.00 160.00 1
CELL 940.00 0.00 170.00 1
CELL 940.00 0.00 180.00 1
CELL 940.00 0.00 190.00 1
CELL 940.00 0.00 200.00 1
CELL 940.00 0.00 210.00 1
CELL 940.00 0.00 220.00 1
CELL 940.00 0.00 230.00 1
CELL 940.00 0.00 240.00 1
CELL 940.00 0.00 250.00 1
CELL 940.00 0.00 260.00 1
CELL 940.00 0.00 270.00 1
CELL 940.00 0.00 280.00 1
CELL 940.00 0.00 290.00 1
CELL 950.00 0.00 0.00 1
CELL 950.00 0.00 10.00 1
CELL 950.00 0.00 20.00 1
CELL 950.00 0.00 30.00 1
CELL 950.00 0.00 40.00 1
CELL 950.00 0.00 50.00 1
CELL 950.00 0.00 60.00 1
CELL 950.00 0.00 70.00 1
CELL 950.00 0.00 80.00 1
CELL 950.00 0.00 90.00 1
CELL 950.00 0.00 100.00 1
CELL 950.00 0.00 110.00 1
CELL 950.00 0.00 120.00 1
CELL 950.00 0.00 130.00 1
CELL 950.00 0.00 140.00 1
CELL 950.00 0.00 150.00 1
CELL 950.00 0.00 160.00 1
CELL 950.00 0.00 170.00 1
CELL 950.00 0.00 180.00 1
CELL 950.00 0.00 190.00 1
CELL 950.00 0.00 200.00 1
CELL 950.00 0.00 210.00 1
CELL 950.00 0.00 220.00 1
CELL 950.00 0.00 230.00 1
CELL 950.00 0.00 240.00 1
CELL 950.00 0.00 250.00 1
CELL 950.00 0.00 260.00 1
CELL 950.00 0.00 270.00 1
CELL 950.00 0.00 280.00 1
CELL 950.00 0.00 290.00 1
CELL 960.00 0.00 0.00 1
CELL 960.00 0.00 10.00 1
CELL 960.00 0.00 20.00 1
CELL 960.00 0.00 30.00 1
CELL 960.00 0.00 40.00 1
CELL 960.00 0.00 50.00 1
CELL 960.00 0.00 60.00 1
CELL 960.00 0.00 70.00 1
CELL 960.00 0.00 80.00 1
CELL 960.00 0.00 90.00 1
CELL 960.00 0.00 100.00 1
CELL 960.00 0.00 110.00 1
CELL 960.00 0.00 120.00 1
CELL 960.00 0.00 130.00 1
CELL 960.00 0.00 140.00 1
CELL 960.00 0.00 150.00 1
CELL 960.00 0.00 160.00 1
CELL 960.00 0.00 170.00 1
CELL 960.00 0.00 180.00 1
CELL 960.00 0.00 190.00 1
CELL 960.00 0.00 200.00 1
CELL 960.00 0.00 210.00 1
CELL 960.00 0.00 220.00 1
CELL 960.00 0.00 230.00 1
CELL 960.00 0.00 240.00 1
CELL 960.00 0.00 250.00 1
CELL 960.00 0.00 260.00 1
CELL 960.00 0.00 270.00 1
CELL 960.00 0.00 280.00 1
CELL 960.00 0.00 290.00 1
CELL 970.00 0.00 0.00 1
CELL 970.00 0.00 10.00 1
CELL 970.00 0.00 20.00 1
CELL 970.00 0.00 30.00 1
CELL 970.00 0.00 40.00 1
CELL 970.00 0.00 50.00 1
CELL 970.00 0.00 60.00 1
CELL 970.00 0.00 70.00 1
CELL 970.00 0.00 80.00 1
CELL 970.00 0.00 90.00 1
CELL 970.00 0.00 100.00 1
CELL 970.00 0.00 110.00 1
CELL 970.00 0.00 120.00 1
CELL 970.00 0.00 130.00 1
CELL 970.00 0.00 140.00 1
CELL 970.00 0.00 150.00 1
CELL 970.00 0.00 160.00 1
CELL 970.00 0.00 170.00 1
CELL 970.00 0.00 180.00 1
CELL 970.00 0.00 190.00 1
CELL 970.00 0.00 200.00 1
CELL 970.00 0.00 210.00 1
CELL 970.00 0.00 220.00 1
CELL 970.00 0.00 230.00 1
CELL 970.00 0.00 240.00 1
CELL 970.00 0.00 250.00 1
CELL 970.00 0.00 260.00 1
CELL 970.00 0.00 270.00 1
CELL 970.00 0.00 280.00 1
CELL 970.00 0.00 290.00 1
CELL 980.00 0.00 0.00 1
CELL 980.00 0.00 10.00 1
CELL 980.00 0.00 20.00 1
CELL 980.00 0.00 30.00 1
CELL 980.00 0.00 40.00 1
CELL 980.00 0.00 50.00 1
CELL 980.00 0.00 60.00 1
CELL 980.00 0.00 70.00 1
CELL 980.00 0.00 80.00 1
CELL 980.00 0.00 90.00 1
CELL 980.00 0.00 100.00 1
CELL 980.00 0.00 110.00 1
CELL 980.00 0.00 120.00 1
CELL 980.00 0.00 130.00 1
CELL 980.00 0.00 140.00 1
CELL 980.00 0.00 150.00 1
CELL 980.00 0.00 160.00 1
CELL 980.00 0.00 170.00 1
CELL 980.00 0.00 180.00 1
CELL 980.00 0.00 190.00 1
CELL 980.00 0.00 200.00 1
CELL 980.00 0.00 210.00 1
CELL 980.00 0.00 220.00 1
CELL 980.00 0.00 230.00 1
CELL 980.00 0.00 240.00 1
CELL 980.00 0.00 250.00 1
CELL 980.00 0.00 260.00 1
CELL 980.00 0.00 270.00 1
CELL 980.00 0.00 280.00 1
CELL 980.00 0.00 290.00 1
CELL 990.00 0.00 0.00 1
CELL 990.00 0.00 10.00 1
CELL 990.00 0.00 20.00 1
CELL 990.00 0.00 30.00 1
CELL 990.00 0.00 40.00 1
CELL 990.00 0.00 50.00 1
CELL 990.00 0.00 60.00 1
CELL 990.00 0.00 70.00 1
CELL 990.00 0.00 80.00 1
CELL 990.00 0.00 90.00 1
CELL 990.00 0.00 100.00 1
CELL 990.00 0.00 110.00 1
CELL 990.00 0.00 120.00 1
CELL 990.00 0.00 130.00 1
CELL 990.00 0.00 140.00 1
CELL 990.00 0.00 150.00 1
CELL 990.00 0.00 160.00 1
CELL 990.00 0.00 170.00 1
CELL 990.00 0.00 180.00 1
CELL 990.00 0.00 190.00 1
CELL 990.00 0.00 200.00 1
CELL 990.00 0.00 210.00 1
CELL 990.00 0.00 220.00 1
CELL 990.00 0.00 230.00 1
CELL 990.00 0.00 240.00 1
CELL 990.00 0.00 250.00 1
CELL 990.00 0.00 260.00 1
CELL 990.00 0.00 270.00 1
CELL 990.00 0.00 280.00 1
CELL 990.00 0.00 290.00 1
CELL 1000.00 0.00 0.00 1
CELL 1000.00 0.00 10.00 1
CELL 1000.00 0.00 20.00 1
CELL 1000.00 0.00 30.00 1
CELL 1000.00 0.00 40.00 1
CELL 1000.00 0.00 50.00 1
CELL 1000.00 0.00 60.00 1
CELL 1000.00 0.00 70.00 1
CELL 1000.00 0.00 80.00 1
CELL 1000.00 0.00 90.00 1
CELL 1000.00 0.00 100.00 1
CELL 1000.00 0.00 110.00 1
CELL 1000.00 0.00 120.00 1
CELL 1000.00 0.00 130.00 1
CELL 1000.00 0.00 140.00 1
CELL 1000.00 0.00 150.00 1
CELL 1000.00 0.00 160.00 1
CELL 1000.00 0.00 170.00 1
CELL 1000.00 0.00 180.00 1
CELL 1000.00 0.00 190.00 1
CELL 1000.00 0.00 200.00 1
CELL 1000.00 0.00 210.00 1
CELL 1000.00 0.00 220.00 1
CELL 1000.00 0.00 230.00 1
CELL 1000.00 0.00 240.00 1
CELL 1000.00 0.00 250.00 1
CELL 1000.00 0.00 260.00 1
CELL 1000.00 0.00 270.00 1
CELL 1000.00 0.00 280.00 1
CELL 1000.00 0.00 290.00 1
CELL 1000.00 10.00 0.00 1
CELL 1000.00 10.00 10.00 1
CELL 1000.00 10.00 20.00 1
CELL 1000.00 10.00 30.00 1
CELL 1000.00 10.00 40.00 1
CELL 1000.00 10.00 50.00 1
CELL 1000.00 10.00 60.00 1
CELL 1000.00 10.00 70.00 1
CELL 1000.00 10.00 80.00 1
CELL 1000.00 10.00 90.00 1
CELL 1000.00 10.00 100.00 1
CELL 1000.00 10.00 110.00 1
CELL 1000.00 10.00 120.00 1
CELL 1000.00 10.00 130.00 1
CELL 1000.00 10.00 140.00 1
CELL 1000.00 10.00 150.00 1
CELL 1000.00 10.00 160.00 1
CELL 1000.00 10.00 170.00 1
CELL 1000.00 10.00 180.00 1
CELL 1000.00 10.00 190.00 1
CELL 1000.00 10.00 200.00 1
CELL 1000.00 10.00 210.00 1
CELL 1000.00 10.00 220.00 1
CELL 1000.00 10.00 230.00 1
CELL 1000.00 10.00 240.00 1
CELL 1000.00 10.00 250.00 1
CELL 1000.00 10.00 260.00 1
CELL 1000.00 10.00 270.00 1
CELL 1000.00 10.00 280.00 1
CELL 1000.00 10.00 290.00 1
CELL 1000.00 20.00 0.00 1
CELL 1000.00 20.00 10.00 1
CELL 1000.00 20.00 20.00 1
CELL 1000.00 20.00 30.00 1
CELL 1000.00 20.00 40.00 1
CELL 1000.00 20.00 50.00 1
CELL 1000.00 20.00 60.00 1
CELL 1000.00 20.00 70.00 1
CELL 1000.00 20.00 80.00 1
CELL 1000.00 20.00 90.00 1
CELL 1000.00 20.00 100.00 1
CELL 1000.00 20.00 110.00 1
CELL 1000.00 20.00 120.00 1
CELL 1000.00 20.00 130.00 1
CELL 1000.00 20.00 140.00 1
CELL 1000.00 20.00 150.00 1
CELL 1000.00 20.00 160.00 1
CELL 1000.00 20.00 170.00 1
CELL 1000.00 20.00 180.00 1
CELL 1000.00 20.00 190.00 1
CELL 1000.00 20.00 200.00 1
CELL 1000.00 20.00 210.00 1
CELL 1000.00 20.00 220.00 1
CELL 1000.00 20.00 230.00 1
CELL 1000.00 20.00 240.00 1
CELL 1000.00 20.00 250.00 1
CELL 1000.00 20.00 260.00 1
CELL 1000.00 20.00 270.00 1
CELL 1000.00 20.00 280.00 1
CELL 1000.00 20.00 290.00 1
CELL 1000.00 30.00 0.00 1
CELL 1000.00 30.00 10.00 1
CELL 1000.00 30.00 20.00 1
CELL 1000.00 30.00 30.00 1
CELL 1000.00 30.00 40.00 1
CELL 1000.00 30.00 50.00 1
CELL 1000.00 30.00 60.00 1
CELL 1000.00 30.00 70.00 1
CELL 1000.00 30.00 80.00 1
CELL 1000.00 30.00 90.00 1
CELL 1000.00 30.00 100.00 1
CELL 1000.00 30.00 110.00 1
CELL 1000.00 30.00 120.00 1
CELL 1000.00 30.00 130.00 1
CELL 1000.00 30.00 140.00 1
CELL 1000.00 30.00 150.00 1
CELL 1000.00 30.00 160.00 1
CELL 1000.00 30.00 170.00 1
CELL 1000.00 30.00 180.00 1
CELL 1000.00 30.00 190.00 1
CELL 1000.00 30.00 200.00 1
CELL 1000.00 30.00 210.00 1
CELL 1000.00 30.00 220.00 1
CELL 1000.00 30.00 230.00 1
CELL 1000.00 30.00 240.00 1
CELL 1000.00 30.00 250.00 1
CELL 1000.00 30.00 260.00 1
CELL 1000.00 30.00 270.00 1
CELL 1000.00 30.00 280.00 1
CELL 1000.00 30.00 290.00 1
CELL 1000.00 40.00 0.00 1
CELL 1000.00 40.00 10.00 1
CELL 1000.00 40.00 20.00 1
CELL 1000.00 40.00 30.00 1
CELL 1000.00 40.00 40.00 1
CELL 1000.00 40.00 50.00 1
CELL 1000.00 40.00 60.00 1
CELL 1000.00 40.00 70.00 1
CELL 1000.00 40.00 80.00 1
CELL 1000.00 40.00 90.00 1
CELL 1000.00 40.00 100.00 1
CELL 1000.00 40.00 110.00 1
CELL 1000.00 40.00 120.00 1
CELL 1000.00 40.00 130.00 1
CELL 1000.00 40.00 140.00 1
CELL 1000.00 40.00 150.00 1
CELL 1000.00 40.00 160.00 1
CELL 1000.00 40.00 170.00 1
CELL 1000.00 40.00 180.00 1
CELL 1000.00 40.00 190.00 1
CELL 1000.00 40.00 200.00 1
CELL 1000.00 40.00 210.00 1
CELL 1000.00 40.00 220.00 1
CELL 1000.00 40.00 230.00 1
CELL 1000.00 40.00 240.00 1
CELL 1000.00 40.00 250.00 1
CELL 1000.00 40.00 260.00 1
CELL 1000.00 40.00 270.00 1
CELL 1000.00 40.00 280.00 1
CELL 1000.00 40.00 290.00 1
CELL 1000.00 50.00 0.00 1
CELL 1000.00 50.00 10.00 1
CELL 1000.00 50.00 20.00 1
CELL 1000.00 50.00 30.00 1
CELL 1000.00 50.00 40.00 1
CELL 1000.00 50.00 50.00 1
CELL 1000.00 50.00 60.00 1
CELL 1000.00 50.00 70.00 1
CELL 1000.00 50.00 80.00 1
CELL 1000.00 50.00 90.00 1
CELL 1000.00 50.00 100.00 1
CELL 1000.00 50.00 110.00 1
CELL 1000.00 50.00 120.00 1
CELL 1000.00 50.00 130.00 1
CELL 1000.00 50.00 140.00 1
CELL 1000.00 50.00 150.00 1
CELL 1000.00 50.00 160.00 1
CELL 1000.00 50.00 170.00 1
CELL 1000.00 50.00 180.00 1
CELL 1000.00 50.00 190.00 1
CELL 1000.00 50.00 200.00 1
CELL 1000.00 50.00 210.00 1
CELL 1000.00 50.00 220.00 1
CELL 1000.00 50.00 230.00 1
CELL 1000.00 50.00 240.00 1
CELL 1000.00 50.00 250.00 1
CELL 1000.00 50.00 260.00 1
CELL 1000.00 50.00 270.00 1
CELL 1000.00 50.00 280.00 1
CELL 1000.00 50.00 290.00 1
CELL 1000.00 60.00 0.00 1
CELL 1000.00 60.00 10.00 1
CELL 1000.00 60.00 20.00 1
CELL 1000.00 60.00 30.00 1
CELL 1000.00 60.00 40.00 1
CELL 1000.00 60.00 50.00 1
CELL 1000.00 60.00 60.00 1
CELL 1000.00 60.00 70.00 1
CELL 1000.00 60.00 80.00 1
CELL 1000.00 60.00 90.00 1
CELL 1000.00 60.00 100.00 1
CELL 1000.00 60.00 110.00 1
CELL 1000.00 60.00 120.00 1
CELL 1000.00 60.00 130.00 1
CELL 1000.00 60.00 140.00 1
CELL 1000.00 60.00 150.00 1
CELL 1000.00 60.00 160.00 1
CELL 1000.00 60.00 170.00 1
CELL 1000.00 60.00 180.00 1
CELL 1000.00 60.00 190.00 1
CELL 1000.00 60.00 200.00 1
CELL 1000.00 60.00 210.00 1
CELL 1000.00 60.00 220.00 1
CELL 1000.00 60.00 230.00 1
CELL 1000.00 60.00 240.00 1
CELL 1000.00 60.00 250.00 1
CELL 1000.00 60.00 260.00 1
CELL 1000.00 60.00 270.00 1
CELL 1000.00 60.00 280.00 1
CELL 1000.00 60.00 290.00 1
CELL 1000.00 70.00 0.00 1
CELL 1000.00 70.00 10.00 1
CELL 1000.00 70.00 20.00 1
CELL 1000.00 70.00 30.00 1
CELL 1000.00 70.00 40.00 1
CELL 1000.00 70.00 50.00 1
CELL 1000.00 70.00 60.00 1
CELL 1000.00 70.00 70.00 1
CELL 1000.00 70.00 80.00 1
CELL 1000.00 70.00 90.00 1
CELL 1000.00 70.00 100.00 1
CELL 1000.00 70.00 110.00 1
CELL 1000.00 70.00 120.00 1
CELL 1000.00 70.00 130.00 1
CELL 1000.00 70.00 140.00 1
CELL 1000.00 70.00 150.00 1
CELL 1000.00 70.00 160.00 1
CELL 1000.00 70.00 170.00 1
CELL 1000.00 70.00 180.00 1
CELL 1000.00 70.00 190.00 1
CELL 1000.00 70.00 200.00 1
CELL 1000.00 70.00 210.00 1
CELL 1000.00 70.00 220.00 1
CELL 1000.00 70.00 230.00 1
CELL 1000.00 70.00 240.00 1
CELL 1000.00 70.00 250.00 1
CELL 1000.00 70.00 260.00 1
CELL 1000.00 70.00 270.00 1
CELL 1000.00 70.00 280.00 1
CELL 1000.00 70.00 290.00 1
CELL 1000.00 80.00 0.00 1
CELL 1000.00 80.00 10.00 1
CELL 1000.00 80.00 20.00 1
CELL 1000.00 80.00 30.00 1
CELL 1000.00 80.00 40.00 1
CELL 1000.00 80.00 50.00 1
CELL 1000.00 80.00 60.00 1
CELL 1000.00 80.00 70.00 1
CELL 1000.00 80.00 80.00 1
CELL 1000.00 80.00 90.00 1
CELL 1000.00 80.00 100.00 1
CELL 1000.00 80.00 110.00 1
CELL 1000.00 80.00 120.00 1
CELL 1000.00 80.00 130.00 1
CELL 1000.00 80.00 140.00 1
CELL 1000.00 80.00 150.00 1
CELL 1000.00 80.00 160.00 1
CELL 1000.00 80.00 170.00 1
CELL 1000.00 80.00 180.00 1
CELL 1000.00 80.00 190.00 1
CELL 1000.00 80.00 200.00 1
CELL 1000.00 80.00 210.00 1
CELL 1000.00 80.00 220.00 1
CELL 1000.00 80.00 230.00 1
CELL 1000.00 80.00 240.00 1
CELL 1000.00 80.00 250.00 1
CELL 1000.00 80.00 260.00 1
CELL 1000.00 80.00 270.00 1
CELL 1000.00 80.00 280.00 1
CELL 1000.00 80.00 290.00 1
CELL 1000.00 90.00 0.00 1
CELL 1000.00 90.00 10.00 1
CELL 1000.00 90.00 20.00 1
CELL 1000.00 90.00 30.00 1
CELL 1000.00 90.00 40.00 1
CELL 1000.00 90.00 50.00 1
CELL 1000.00 90.00 60.00 1
CELL 1000.00 90.00 70.00 1
CELL 1000.00 90.00 80.00 1
CELL 1000.00 90.00 90.00 1
CELL 1000.00 90.00 100.00 1
CELL 1000.00 90.00 110.00 1
CELL 1000.00 90.00 120.00 1
CELL 1000.00 90.00 130.00 1
CELL 1000.00 90.00 140.00 1
CELL 1000.00 90.00 150.00 1
CELL 1000.00 90.00 160.00 1
CELL 1000.00 90.00 170.00 1
CELL 1000.00 90.00 180.00 1
CELL 1000.00 90.00 190.00 1
CELL 1000.00 90.00 200.00 1
CELL 1000.00 90.00 210.00 1
CELL 1000.00 90.00 220.00 1
CELL 1000.00 90.00 230.00 1
CELL 1000.00 90.00 240.00 1
CELL 1000.00 90.00 250.00 1
CELL 1000.00 90.00 260.00 1
CELL 1000.00 90.00 270.00 1
CELL 1000.00 90.00 280.00 1
CELL 1000.00 90.00 290.00 1
CELL 1000.00 100.00 0.00 1
CELL 1000.00 100.00 10.00 1
CELL 1000.00 100.00 20.00 1
CELL 1000.00 100.00 30.00 1
CELL 1000.00 100.00 40.00 1
CELL 1000.00 100.00 50.00 1
CELL 1000.00 100.00 60.00 1
CELL 1000.00 100.00 70.00 1
CELL 1000.00 100.00 80.00 1
CELL 1000.00 100.00 90.00 1
CELL 1000.00 100.00 100.00 1
CELL 1000.00 100.00 110.00 1
CELL 1000.00 100.00 120.00 1
CELL 1000.00 100.00 130.00 1
CELL 1000.00 100.00 140.00 1
CELL 1000.00 100.00 150.00 1
CELL 1000.00 100.00 160.00 1
CELL 1000.00 100.00 170.00 1
CELL 1000.00 100.00 180.00 1
CELL 1000.00 100.00 190.00 1
CELL 1000.00 100.00 200.00 1
CELL 1000.00 100.00 210.00 1
CELL 1000.00 100.00 220.00 1
CELL 1000.00 100.00 230.00 1
CELL 1000.00 100.00 240.00 1
CELL 1000.00 100.00 250.00 1
CELL 1000.00 100.00 260.00 1
CELL 1000.00 100.00 270.00 1
CELL 1000.00 100.00 280.00 1
CELL 1000.00 100.00 290.00 1
CELL 1000.00 110.00 0.00 1
CELL 1000.00 110.00 10.00 1
CELL 1000.00 110.00 20.00 1
CELL 1000.00 110.00 30.00 1
CELL 1000.00 110.00 40.00 1
CELL 1000.00 110.00 50.00 1
CELL 1000.00 110.00 60.00 1
CELL 1000.00 110.00 70.00 1
CELL 1000.00 110.00 80.00 1
CELL 1000.00 110.00 90.00 1
CELL 1000.00 110.00 100.00 1
CELL 1000.00 110.00 110.00 1
CELL 1000.00 110.00 120.00 1
CELL 1000.00 110.00 130.00 1
CELL 1000.00 110.00 140.00 1
CELL 1000.00 110.00 150.00 1
CELL 1000.00 110.00 160.00 1
CELL 1000.00 110.00 170.00 1
CELL 1000.00 110.00 180.00 1
CELL 1000.00 110.00 190.00 1
CELL 1000.00 110.00 200.00 1
CELL 1000.00 110.00 210.00 1
CELL 1000.00 110.00 220.00 1
CELL 1000.00 110.00 230.00 1
CELL 1000.00 110.00 240.00 1
CELL 1000.00 110.00 250.00 1
CELL 1000.00 110.00 260.00 1
CELL 1000.00 110.00 270.00 1
CELL 1000.00 110.00 280.00 1
CELL 1000.00 110.00 290.00 1
CELL 1000.00 120.00 0.00 1
CELL 1000.00 120.00 10.00 1
CELL 1000.00 120.00 20.00 1
CELL 1000.00 120.00 30.00 1
CELL 1000.00 120.00 40.00 1
CELL 1000.00 120.00 50.00 1
CELL 1000.00 120.00 60.00 1
CELL 1000.00 120.00 70.00 1
CELL 1000.00 120.00 80.00 1
CELL 1000.00 120.00 90.00 1
CELL 1000.00 120.00 100.00 1
CELL 1000.00 120.00 110.00 1
CELL 1000.00 120.00 120.00 1
CELL 1000.00 120.00 130.00 1
CELL 1000.00 120.00 140.00 1
CELL 1000.00 120.00 150.00 1
CELL 1000.00 120.00 160.00 1
CELL 1000.00 120.00 170.00 1
CELL 1000.00 120.00 180.00 1
CELL 1000.00 120.00 190.00 1
CELL 1000.00 120.00 200.00 1
CELL 1000.00 120.00 210.00 1
CELL 1000.00 120.00 220.00 1
CELL 1000.00 120.00 230.00 1
CELL 1000.00 120.00 240.00 1
CELL 1000.00 120.00 250.00 1
CELL 1000.00 120.00 260.00 1
CELL 1000.00 120.00 270.00 1
CELL 1000.00 120.00 280.00 1
CELL 1000.00 120.00 290.00 1
CELL 1000.00 130.00 0.00 1
CELL 1000.00 130.00 10.00 1
CELL 1000.00 130.00 20.00 1
CELL 1000.00 130.00 30.00 1
CELL 1000.00 130.00 40.00 1
CELL 1000.00 130.00 50.00 1
CELL 1000.00 130.00 60.00 1
CELL 1000.00 130.00 70.00 1
CELL 1000.00 130.00 80.00 1
CELL 1000.00 130.00 90.00 1
CELL 1000.00 130.00 100.00 1
CELL 1000.00 130.00 110.00 1
CELL 1000.00 130.00 120.00 1
CELL 1000.00 130.00 130.00 1
CELL 1000.00 130.00 140.00 1
CELL 1000.00 130.00 150.00 1
CELL 1000.00 130.00 160.00 1
CELL 1000.00 130.00 170.00 1
CELL 1000.00 130.00 180.00 1
CELL 1000.00 130.00 190.00 1
CELL 1000.00 130.00 200.00 1
CELL 1000.00 130.00 210.00 1
CELL 1000.00 130.00 220.00 1
CELL 1000.00 130.00 230.00 1
CELL 1000.00 130.00 240.00 1
CELL 1000.00 130.00 250.00 1
CELL 1000.00 130.00 260.00 1
CELL 1000.00 130.00 270.00 1
CELL 1000.00 130.00 280.00 1
CELL 1000.00 130.00 290.00 1
CELL 1000.00 140.00 0.00 1
CELL 1000.00 140.00 10.00 1
CELL 1000.00 140.00 20.00 1
CELL 1000.00 140.00 30.00 1
CELL 1000.00 140.00 40.00 1
CELL 1000.00 140.00 50.00 1
CELL 1000.00 140.00 60.00 1
CELL 1000.00 140.00 70.00 1
CELL 1000.00 140.00 80.00 1
CELL 1000.00 140.00 90.00 1
CELL 1000.00 140.00 100.00 1
CELL 1000.00 140.00 110.00 1
CELL 1000.00 140.00 120.00 1
CELL 1000.00 140.00 130.00 1
CELL 1000.00 140.00 140.00 1
CELL 1000.00 140.00 150.00 1
CELL 1000.00 140.00 160.00 1
CELL 1000.00 140.00 170.00 1
CELL 1000.00 140.00 180.00 1
CELL 1000.00 140.00 190.00 1
CELL 1000.00 140.00 200.00 1
CELL 1000.00 140.00 210.00 1
CELL 1000.00 140.00 220.00 1
CELL 1000.00 140.00 230.00 1
CELL 1000.00 140.00 240.00 1
CELL 1000.00 140.00 250.00 1
CELL 1000.00 140.00 260.00 1
CELL 1000.00 140.00 270.00 1
CELL 1000.00 140.00 280.00 1
CELL 1000.00 140.00 290.00 1
CELL 1000.00 150.00 0.00 1
CELL 1000.00 150.00 10.00 1
CELL 1000.00 150.00 20.00 1
CELL 1000.00 150.00 30.00 1
CELL 1000.00 150.00 40.00 1
CELL 1000.00 150.00 50.00 1
CELL 1000.00 150.00 60.00 1
CELL 1000.00 150.00 70.00 1
CELL 1000.00 150.00 80.00 1
CELL 1000.00 150.00 90.00 1
CELL 1000.00 150.00 100.00 1
CELL 1000.00 150.00 110.00 1
CELL 1000.00 150.00 120.00 1
CELL 1000.00 150.00 130.00 1
CELL 1000.00 150.00 140.00 1
CELL 1000.00 150.00 150.00 1
CELL 1000.00 150.00 160.00 1
CELL 1000.00 150.00 170.00 1
CELL 1000.00 150.00 180.00 1
CELL 1000.00 150.00 190.00 1
CELL 1000.00 150.00 200.00 1
CELL 1000.00 150.00 210.00 1
CELL 1000.00 150.00 220.00 1
CELL 1000.00 150.00 230.00 1
CELL 1000.00 150.00 240.00 1
CELL 1000.00 150.00 250.00 1
CELL 1000.00 150.00 260.00 1
CELL 1000.00 150.00 270.00 1
CELL 1000.00 150.00 280.00 1
CELL 1000.00 150.00 290.00 1
CELL 1000.00 160.00 0.00 1
CELL 1000.00 160.00 10.00 1
CELL 1000.00 160.00 20.00 1
CELL 1000.00 160.00 30.00 1
CELL 1000.00 160.00 40.00 1
CELL 1000.00 160.00 50.00 1
CELL 1000.00 160.00 60.00 1
CELL 1000.00 160.00 70.00 1
CELL 1000.00 160.00 80.00 1
CELL 1000.00 160.00 90.00 1
CELL 1000.00 160.00 100.00 1
CELL 1000.00 160.00 110.00 1
CELL 1000.00 160.00 120.00 1
CELL 1000.00 160.00 130.00 1
CELL 1000.00 160.00 140.00 1
CELL 1000.00 160.00 150.00 1
CELL 1000.00 160.00 160.00 1
CELL 1000.00 160.00 170.00 1
CELL 1000.00 160.00 180.00 1
CELL 1000.00 160.00 190.00 1
CELL 1000.00 160.00 200.00 1
CELL 1000.00 160.00 210.00 1
CELL 1000.00 160.00 220.00 1
CELL 1000.00 160.00 230.00 1
CELL 1000.00 160.00 240.00 1
CELL 1000.00 160.00 250.00 1
CELL 1000.00 160.00 260.00 1
CELL 1000.00 160.00 270.00 1
CELL 1000.00 160.00 280.00 1
CELL 1000.00 160.00 290.00 1
CELL 1000.00 170.00 0.00 1
CELL 1000.00 170.00 10.00 1
CELL 1000.00 170.00 20.00 1
CELL 1000.00 170.00 30.00 1
CELL 1000.00 170.00 40.00 1
CELL 1000.00 170.00 50.00 1
CELL 1000.00 170.00 60.00 1
CELL 1000.00 170.00 70.00 1
CELL 1000.00 170.00 80.00 1
CELL 1000.00 170.00 90.00 1
CELL 1000.00 170.00 100.00 1
CELL 1000.00 170.00 110.00 1
CELL 1000.00 170.00 120.00 1
CELL 1000.00 170.00 130.00 1
CELL 1000.00 170.00 140.00 1
CELL 1000.00 170.00 150.00 1
CELL 1000.00 170.00 160.00 1
CELL 1000.00 170.00 170.00 1
CELL 1000.00 170.00 180.00 1
CELL 1000.00 170.00 190.00 1
CELL 1000.00 170.00 200.00 1
CELL 1000.00 170.00 210.00 1
CELL 1000.00 170.00 220.00 1
CELL 1000.00 170.00 230.00 1
CELL 1000.00 170.00 240.00 1
CELL 1000.00 170.00 250.00 1
CELL 1000.00 170.00 260.00 1
CELL 1000.00 170.00 270.00 1
CELL 1000.00 170.00 280.00 1
CELL 1000.00 170.00 290.00 1
CELL 1000.00 180.00 0.00 1
CELL 1000.00 180.00 10.00 1
CELL 1000.00 180.00 20.00 1
CELL 1000.00 180.00 30.00 1
CELL 1000.00 180.00 40.00 1
CELL 1000.00 180.00 50.00 1
CELL 1000.00 180.00 60.00 1
CELL 1000.00 180.00 70.00 1
CELL 1000.00 180.00 80.00 1
CELL 1000.00 180.00 90.00 1
CELL 1000.00 180.00 100.00 1
CELL 1000.00 180.00 110.00 1
CELL 1000.00 180.00 120.00 1
CELL 1000.00 180.00 130.00 1
CELL 1000.00 180.00 140.00 1
CELL 1000.00 180.00 150.00 1
CELL 1000.00 180.00 160.00 1
CELL 1000.00 180.00 170.00 1
CELL 1000.00 180.00 180.00 1
CELL 1000.00 180.00 190.00 1
CELL 1000.00 180.00 200.00 1
CELL 1000.00 180.00 210.00 1
CELL 1000.00 180.00 220.00 1
CELL 1000.00 180.00 230.00 1
CELL 1000.00 180.00 240.00 1
CELL 1000.00 180.00 250.00 1
CELL 1000.00 180.00 260.00 1
CELL 1000.00 180.00 270.00 1
CELL 1000.00 180.00 280.00 1
CELL 1000.00 180.00 290.00 1
CELL 1000.00 190.00 0.00 1
CELL 1000.00 190.00 10.00 1
CELL 1000.00 190.00 20.00 1
CELL 1000.00 190.00 30.00 1
CELL 1000.00 190.00 40.00 1
CELL 1000.00 190.00 50.00 1
CELL 1000.00 190.00 60.00 1
CELL 1000.00 190.00 70.00 1
CELL 1000.00 190.00 80.00 1
CELL 1000.00 190.00 90.00 1
CELL 1000.00 190.00 100.00 1
CELL 1000.00 190.00 110.00 1
CELL 1000.00 190.00 120.00 1
CELL 1000.00 190.00 130.00 1
CELL 1000.00 190.00 140.00 1
CELL 1000.00 190.00 150.00 1
CELL 1000.00 190.00 160.00 1
CELL 1000.00 190.00 170.00 1
CELL 1000.00 190.00 180.00 1
CELL 1000.00 190.00 190.00 1
CELL 1000.00 190.00 200.00 1
CELL 1000.00 190.00 210.00 1
CELL 1000.00 190.00 220.00 1
CELL 1000.00 190.00 230.00 1
CELL 1000.00 190.00 240.00 1
CELL 1000.00 190.00 250.00 1
CELL 1000.00 190.00 260.00 1
CELL 1000.00 190.00 270.00 1
CELL 1000.00 190.00 280.00 1
CELL 1000.00 190.00 290.00 1
CELL 1000.00 200.00 0.00 1
CELL 1000.00 200.00 10.00 1
CELL 1000.00 200.00 20.00 1
CELL 1000.00 200.00 30.00 1
CELL 1000.00 200.00 40.00 1
CELL 1000.00 200.00 50.00 1
CELL 1000.00 200.00 60.00 1
CELL 1000.00 200.00 70.00 1
CELL 1000.00 200.00 80.00 1
CELL 1000.00 200.00 90.00 1
CELL 1000.00 200.00 100.00 1
CELL 1000.00 200.00 110.00 1
CELL 1000.00 200.00 120.00 1
CELL 1000.00 200.00 130.00 1
CELL 1000.00 200.00 140.00 1
CELL 1000.00 200.00 150.00 1
CELL 1000.00 200.00 160.00 1
CELL 1000.00 200.00 170.00 1
CELL 1000.00 200.00 180.00 1
CELL 1000.00 200.00 190.00 1
CELL 1000.00 200.00 200.00 1
CELL 1000.00 200.00 210.00 1
CELL 1000.00 200.00 220.00 1
CELL 1000.00 200.00 230.00 1
CELL 1000.00 200.00 240.00 1
CELL 1000.00 200.00 250.00 1
CELL 1000.00 200.00 260.00 1
CELL 1000.00 200.00 270.00 1
CELL 1000.00 200.00 280.00 1
CELL 1000.00 200.00 290.00 1
CELL 1000.00 210.00 0.00 1
CELL 1000.00 210.00 10.00 1
CELL 1000.00 210.00 20.00 1
CELL 1000.00 210.00 30.00 1
CELL 1000.00 210.00 40.00 1
CELL 1000.00 210.00 50.00 1
CELL 1000.00 210.00 60.00 1
CELL 1000.00 210.00 70.00 1
CELL 1000.00 210.00 80.00 1
CELL 1000.00 210.00 90.00 1
CELL 1000.00 210.00 100.00 1
CELL 1000.00 210.00 110.00 1
CELL 1000.00 210.00 120.00 1
CELL 1000.00 210.00 130.00 1
CELL 1000.00 210.00 140.00 1
CELL 1000.00 210.00 150.00 1
CELL 1000.00 210.00 160.00 1
CELL 1000.00 210.00 170.00 1
CELL 1000.00 210.00 180.00 1
CELL 1000.00 210.00 190.00 1
CELL 1000.00 210.00 200.00 1
CELL 1000.00 210.00 210.00 1
CELL 1000.00 210.00 220.00 1
CELL 1000.00 210.00 230.00 1
CELL 1000.00 210.00 240.00 1
CELL 1000.00 210.00 250.00 1
CELL 1000.00 210.00 260.00 1
CELL 1000.00 210.00 270.00 1
CELL 1000.00 210.00 280.00 1
CELL 1000.00 210.00 290.00 1
CELL 1000.00 220.00 0.00 1
CELL 1000.00 220.00 10.00 1
CELL 1000.00 220.00 20.00 1
CELL 1000.00 220.00 30.00 1
CELL 1000.00 220.00 40.00 1
CELL 1000.00 220.00 50.00 1
CELL 1000.00 220.00 60.00 1
CELL 1000.00 220.00 70.00 1
CELL 1000.00 220.00 80.00 1
CELL 1000.00 220.00 90.00 1
CELL 1000.00 220.00 100.00 1
CELL 1000.00 220.00 110.00 1
CELL 1000.00 220.00 120.00 1
CELL 1000.00 220.00 130.00 1
CELL 1000.00 220.00 140.00 1
CELL 1000.00 220.00 150.00 1
CELL 1000.00 220.00 160.00 1
CELL 1000.00 220.00 170.00 1
CELL 1000.00 220.00 180.00 1
CELL 1000.00 220.00 190.00 1
CELL 1000.00 220.00 200.00 1
CELL 1000.00 220.00 210.00 1
CELL 1000.00 220.00 220.00 1
CELL 1000.00 220.00 230.00 1
CELL 1000.00 220.00 240.00 1
CELL 1000.00 220.00 250.00 1
CELL 1000.00 220.00 260.00 1
CELL 1000.00 220.00 270.00 1
CELL 1000.00 220.00 280.00 1
CELL 1000.00 220.00 290.00 1
CELL 1000.00 230.00 0.00 1
CELL 1000.00 230.00 10.00 1
CELL 1000.00 230.00 20.00 1
CELL 1000.00 230.00 30.00 1
CELL 1000.00 230.00 40.00 1
CELL 1000.00 230.00 50.00 1
CELL 1000.00 230.00 60.00 1
CELL 1000.00 230.00 70.00 1
CELL 1000.00 230.00 80.00 1
CELL 1000.00 230.00 90.00 1
CELL 1000.00 230.00 100.00 1
CELL 1000.00 230.00 110.00 1
CELL 1000.00 230.00 120.00 1
CELL 1000.00 230.00 130.00 1
CELL 1000.00 230.00 140.00 1
CELL 1000.00 230.00 150.00 1
CELL 1000.00 230.00 160.00 1
CELL 1000.00 230.00 170.00 1
CELL 1000.00 230.00 180.00 1
CELL 1000.00 230.00 190.00 1
CELL 1000.00 230.00 200.00 1
CELL 1000.00 230.00 210.00 1
CELL 1000.00 230.00 220.00 1
CELL 1000.00 230.00 230.00 1
CELL 1000.00 230.00 240.00 1
CELL 1000.00 230.00 250.00 1
CELL 1000.00 230.00 260.00 1
CELL 1000.00 230.00 270.00 1
CELL 1000.00 230.00 280.00 1
CELL 1000.00 230.00 290.00 1
CELL 1000.00 240.00 0.00 1
CELL 1000.00 240.00 10.00 1
CELL 1000.00 240.00 20.00 1
CELL 1000.00 240.00 30.00 1
CELL 1000.00 240.00 40.00 1
CELL 1000.00 240.00 50.00 1
CELL 1000.00 240.00 60.00 1
CELL 1000.00 240.00 70.00 1
CELL 1000.00 240.00 80.00 1
CELL 1000.00 240.00 90.00 1
CELL 1000.00 240.00 100.00 1
CELL 1000.00 240.00 110.00 1
CELL 1000.00 240.00 120.00 1
CELL 1000.00 240.00 130.00 1
CELL 1000.00 240.00 140.00 1
CELL 1000.00 240.00 150.00 1
CELL 1000.00 240.00 160.00 1
CELL 1000.00 240.00 170.00 1
CELL 1000.00 240.00 180.00 1
CELL 1000.00 240.00 190.00 1
CELL 1000.00 240.00 200.00 1
CELL 1000.00 240.00 210.00 1
CELL 1000.00 240.00 220.00 1
CELL 1000.00 240.00 230.00 1
CELL 1000.00 240.00 240.00 1
CELL 1000.00 240.00 250.00 1
CELL 1000.00 240.00 260.00 1
CELL 1000.00 240.00 270.00 1
CELL 1000.00 240.00 280.00 1
CELL 1000.00 240.00 290.00 1
CELL 1000.00 250.00 0.00 1
CELL 1000.00 250.00 10.00 1
CELL 1000.00 250.00 20.00 1
CELL 1000.00 250.00 30.00 1
CELL 1000.00 250.00 40.00 1
CELL 1000.00 250.00 50.00 1
CELL 1000.00 250.00 60.00 1
CELL 1000.00 250.00 70.00 1
CELL 1000.00 250.00 80.00 1
CELL 1000.00 250.00 90.00 1
CELL 1000.00 250.00 100.00 1
CELL 1000.00 250.00 110.00 1
CELL 1000.00 250.00 120.00 1
CELL 1000.00 250.00 130.00 1
CELL 1000.00 250.00 140.00 1
CELL 1000.00 250.00 150.00 1
CELL 1000.00 250.00 160.00 1
CELL 1000.00 250.00 170.00 1
CELL 1000.00 250.00 180.00 1
CELL 1000.00 250.00 190.00 1
CELL 1000.00 250.00 200.00 1
CELL 1000.00 250.00 210.00 1
CELL 1000.00 250.00 220.00 1
CELL 1000.00 250.00 230.00 1
CELL 1000.00 250.00 240.00 1
CELL 1000.00 250.00 250.00 1
CELL 1000.00 250.00 260.00 1
CELL 1000.00 250.00 270.00 1
CELL 1000.00 250.00 280.00 1
CELL 1000.00 250.00 290.00 1
CELL 1000.00 260.00 0.00 1
CELL 1000.00 260.00 10.00 1
CELL 1000.00 260.00 20.00 1
CELL 1000.00 260.00 30.00 1
CELL 1000.00 260.00 40.00 1
CELL 1000.00 260.00 50.00 1
CELL 1000.00 260.00 60.00 1
CELL 1000.00 260.00 70.00 1
CELL 1000.00 260.00 80.00 1
CELL 1000.00 260.00 90.00 1
CELL 1000.00 260.00 100.00 1
CELL 1000.00 260.00 110.00 1
CELL 1000.00 260.00 120.00 1
CELL 1000.00 260.00 130.00 1
CELL 1000.00 260.00 140.00 1
CELL 1000.00 260.00 150.00 1
CELL 1000.00 260.00 160.00 1
CELL 1000.00 260.00 170.00 1
CELL 1000.00 260.00 180.00 1
CELL 1000.00 260.00 190.00 1
CELL 1000.00 260.00 200.00 1
CELL 1000.00 260.00 210.00 1
CELL 1000.00 260.00 220.00 1
CELL 1000.00 260.00 230.00 1
CELL 1000.00 260.00 240.00 1
CELL 1000.00 260.00 250.00 1
CELL 1000.00 260.00 260.00 1
CELL 1000.00 260.00 270.00 1
CELL 1000.00 260.00 280.00 1
CELL 1000.00 260.00 290.00 1
CELL 1000.00 270.00 0.00 1
CELL 1000.00 270.00 10.00 1
CELL 1000.00 270.00 20.00 1
CELL 1000.00 270.00 30.00 1
CELL 1000.00 270.00 40.00 1
CELL 1000.00 270.00 50.00 1
CELL 1000.00 270.00 60.00 1
CELL 1000.00 270.00 70.00 1
CELL 1000.00 270.00 80.00 1
CELL 1000.00 270.00 90.00 1
CELL 1000.00 270.00 100.00 1
CELL 1000.00 270.00 110.00 1
CELL 1000.00 270.00 120.00 1
CELL 1000.00 270.00 130.00 1
CELL 1000.00 270.00 140.00 1
CELL 1000.00 270.00 150.00 1
CELL 1000.00 270.00 160.00 1
CELL 1000.00 270.00 170.00 1
CELL 1000.00 270.00 180.00 1
CELL 1000.00 270.00 190.00 1
CELL 1000.00 270.00 200.00 1
CELL 1000.00 270.00 210.00 1
CELL 1000.00 270.00 220.00 1
CELL 1000.00 270.00 230.00 1
CELL 1000.00 270.00 240.00 1
CELL 1000.00 270.00 250.00 1
CELL 1000.00 270.00 260.00 1
CELL 1000.00 270.00 270.00 1
CELL 1000.00 270.00 280.00 1
CELL 1000.00 270.00 290.00 1
CELL 1000.00 280.00 0.00 1
CELL 1000.00 280.00 10.00 1
CELL 1000.00 280.00 20.00 1
CELL 1000.00 280.00 30.00 1
CELL 1000.00 280.00 40.00 1
CELL 1000.00 280.00 50.00 1
CELL 1000.00 280.00 60.00 1
CELL 1000.00 280.00 70.00 1
CELL 1000.00 280.00 80.00 1
CELL 1000.00 280.00 90.00 1
CELL 1000.00 280.00 100.00 1
CELL 1000.00 280.00 110.00 1
CELL 1000.00 280.00 120.00 1
CELL 1000.00 280.00 130.00 1
CELL 1000.00 280.00 140.00 1
CELL 1000.00 280.00 150.00 1
CELL 1000.00 280.00 160.00 1
CELL 1000.00 280.00 170.00 1
CELL 1000.00 280.00 180.00 1
CELL 1000.00 280.00 190.00 1
CELL 1000.00 280.00 200.00 1
CELL 1000.00 280.00 210.00 1
CELL 1000.00 280.00 220.00 1
CELL 1000.00 280.00 230.00 1
CELL 1000.00 280.00 240.00 1
CELL 1000.00 280.00 250.00 1
CELL 1000.00 280.00 260.00 1
CELL 1000.00 280.00 270.00 1
CELL 1000.00 280.00 280.00 1
CELL 1000.00 280.00 290.00 1
CELL 1000.00 290.00 0.00 1
CELL 1000.00 290.00 10.00 1
CELL 1000.00 290.00 20.00 1
CELL 1000.00 290.00 30.00 1
CELL 1000.00 290.00 40.00 1
CELL 1000.00 290.00 50.00 1
CELL 1000.00 290.00 60.00 1
CELL 1000.00 290.00 70.00 1
CELL 1000.00 290.00 80.00 1
CELL 1000.00 290.00 90.00 1
CELL 1000.00 290.00 100.00 1
CELL 1000.00 290.00 110.00 1
CELL 1000.00 290.00 120.00 1
CELL 1000.00 290.00 130.00 1
CELL 1000.00 290.00 140.00 1
CELL 1000.00 290.00 150.00 1
CELL 1000.00 290.00 160.00 1
CELL 1000.00 290.00 170.00 1
CELL 1000.00 290.00 180.00 1
CELL 1000.00 290.00 190.00 1
CELL 1000.00 290.00 200.00 1
CELL 1000.00 290.00 210.00 1
CELL 1000.00 290.00 220.00 1
CELL 1000.00 290.00 230.00 1
CELL 1000.00 290.00 240.00 1
CELL 1000.00 290.00 250.00 1
CELL 1000.00 290.00 260.00 1
CELL 1000.00 290.00 270.00 1
CELL 1000.00 290.00 280.00 1
CELL 1000.00 290.00 290.00 1
CELL 1000.00 300.00 0.00 1
CELL 1000.00 300.00 10.00 1
CELL 1000.00 300.00 20.00 1
CELL 1000.00 300.00 30.00 1
CELL 1000.00 300.00 40.00 1
CELL 1000.00 300.00 50.00 1
CELL 1000.00 300.00 60.00 1
CELL 1000.00 300.00 70.00 1
CELL 1000.00 300.00 80.00 1
CELL 1000.00 300.00 90.00 1
CELL 1000.00 300.00 100.00 1
CELL 1000.00 300.00 110.00 1
CELL 1000.00 300.00 120.00 1
CELL 1000.00 300.00 130.00 1
CELL 1000.00 300.00 140.00 1
CELL 1000.00 300.00 150.00 1
CELL 1000.00 300.00 160.00 1
CELL 1000.00 300.00 170.00 1
CELL 1000.00 300.00 180.00 1
CELL 1000.00 300.00 190.00 1
CELL 1000.00 300.00 200.00 1
CELL 1000.00 300.00 210.00 1
CELL 1000.00 300.00 220.00 1
CELL 1000.00 300.00 230.00 1
CELL 1000.00 300.00 240.00 1
CELL 1000.00 300.00 250.00 1
CELL 1000.00 300.00 260.00 1
CELL 1000.00 300.00 270.00 1
CELL 1000.00 300.00 280.00 1
CELL 1000.00 300.00 290.00 1
CELL 1000.00 310.00 0.00 1
CELL 1000.00 310.00 10.00 1
CELL 1000.00 310.00 20.00 1
CELL 1000.00 310.00 30.00 1
CELL 1000.00 310.00 40.00 1
CELL 1000.00 310.00 50.00 1
CELL 1000.00 310.00 60.00 1
CELL 1000.00 310.00 70.00 1
CELL 1000.00 310.00 80.00 1
CELL 1000.00 310.00 90.00 1
CELL 1000.00 310.00 100.00 1
CELL 1000.00 310.00 110.00 1
CELL 1000.00 310.00 120.00 1
CELL 1000.00 310.00 130.00 1
CELL 1000.00 310.00 140.00 1
CELL 1000.00 310.00 150.00 1
CELL 1000.00 310.00 160.00 1
CELL 1000.00 310.00 170.00 1
CELL 1000.00 310.00 180.00 1
CELL 1000.00 310.00 190.00 1
CELL 1000.00 310.00 200.00 1
CELL 1000.00 310.00 210.00 1
CELL 1000.00 310.00 220.00 1
CELL 1000.00 310.00 230.00 1
CELL 1000.00 310.00 240.00 1
CELL 1000.00 310.00 250.00 1
CELL 1000.00 310.00 260.00 1
CELL 1000.00 310.00 270.00 1
CELL 1000.00 310.00 280.00 1
CELL 1000.00 310.00 290.00 1
CELL 1000.00 320.00 0.00 1
CELL 1000.00 320.00 10.00 1
CELL 1000.00 320.00 20.00 1
CELL 1000.00 320.00 30.00 1
CELL 1000.00 320.00 40.00 1
CELL 1000.00 320.00 50.00 1
CELL 1000.00 320.00 60.00 1
CELL 1000.00 320.00 70.00 1
CELL 1000.00 320.00 80.00 1
CELL 1000.00 320.00 90.00 1
CELL 1000.00 320.00 100.00 1
CELL 1000.00 320.00 110.00 1
CELL 1000.00 320.00 120.00 1
CELL 1000.00 320.00 130.00 1
CELL 1000.00 320.00 140.00 1
CELL 1000.00 320.00 150.00 1
CELL 1000.00 320.00 160.00 1
CELL 1000.00 320.00 170.00 1
CELL 1000.00 320.00 180.00 1
CELL 1000.00 320.00 190.00 1
CELL 1000.00 320.00 200.00 1
CELL 1000.00 320.00 210.00 1
CELL 1000.00 320.00 220.00 1
CELL 1000.00 320.00 230.00 1
CELL 1000.00 320.00 240.00 1
CELL 1000.00 320.00 250.00 1
CELL 1000.00 320.00 260.00 1
CELL 1000.00 320.00 270.00 1
CELL 1000.00 320.00 280.00 1
CELL 1000.00 320.00 290.00 1
CELL 1000.00 330.00 0.00 1
CELL 1000.00 330.00 10.00 1
CELL 1000.00 330.00 20.00 1
CELL 1000.00 330.00 30.00 1
CELL 1000.00 330.00 40.00 1
CELL 1000.00 330.00 50.00 1
CELL 1000.00 330.00 60.00 1
CELL 1000.00 330.00 70.00 1
CELL 1000.00 330.00 80.00 1
CELL 1000.00 330.00 90.00 1
CELL 1000.00 330.00 100.00 1
CELL 1000.00 330.00 110.00 1
CELL 1000.00 330.00 120.00 1
CELL 1000.00 330.00 130.00 1
CELL 1000.00 330.00 140.00 1
CELL 1000.00 330.00 150.00 1
CELL 1000.00 330.00 160.00 1
CELL 1000.00 330.00 170.00 1
CELL 1000.00 330.00 180.00 1
CELL 1000.00 330.00 190.00 1
CELL 1000.00 330.00 200.00 1
CELL 1000.00 330.00 210.00 1
CELL 1000.00 330.00 220.00 1
CELL 1000.00 330.00 230.00 1
CELL 1000.00 330.00 240.00 1
CELL 1000.00 330.00 250.00 1
CELL 1000.00 330.00 260.00 1
CELL 1000.00 330.00 270.00 1
CELL 1000.00 330.00 280.00 1
CELL 1000.00 330.00 290.00 1
CELL 1000.00 340.00 0.00 1
CELL 1000.00 340.00 10.00 1
CELL 1000.00 340.00 20.00 1
CELL 1000.00 340.00 30.00 1
CELL 1000.00 340.00 40.00 1
CELL 1000.00 340.00 50.00 1
CELL 1000.00 340.00 60.00 1
CELL 1000.00 340.00 70.00 1
CELL 1000.00 340.00 80.00 1
CELL 1000.00 340.00 90.00 1
CELL 1000.00 340.00 100.00 1
CELL 1000.00 340.00 110.00 1
CELL 1000.00 340.00 120.00 1
CELL 1000.00 340.00 130.00 1
CELL 1000.00 340.00 140.00 1
CELL 1000.00 340.00 150.00 1
CELL 1000.00 340.00 160.00 1
CELL 1000.00 340.00 170.00 1
CELL 1000.00 340.00 180.00 1
CELL 1000.00 340.00 190.00 1
CELL 1000.00 340.00 200.00 1
CELL 1000.00 340.00 210.00 1
CELL 1000.00 340.00 220.00 1
CELL 1000.00 340.00 230.00 1
CELL 1000.00 340.00 240.00 1
CELL 1000.00 340.00 250.00 1
CELL 1000.00 340.00 260.00 1
CELL 1000.00 340.00 270.00 1
CELL 1000.00 340.00 280.00 1
CELL 1000.00 340.00 290.00 1
CELL 1000.00 350.00 0.00 1
CELL 1000.00 350.00 10.00 1
CELL 1000.00 350.00 20.00 1
CELL 1000.00 350.00 30.00 1
CELL 1000.00 350.00 40.00 1
CELL 1000.00 350.00 50.00 1
CELL 1000.00 350.00 60.00 1
CELL 1000.00 350.00 70.00 1
CELL 1000.00 350.00 80.00 1
CELL 1000.00 350.00 90.00 1
CELL 1000.00 350.00 100.00 1
CELL 1000.00 350.00 110.00 1
CELL 1000.00 350.00 120.00 1
CELL 1000.00 350.00 130.00 1
CELL 1000.00 350.00 140.00 1
CELL 1000.00 350.00 150.00 1
CELL 1000.00 350.00 160.00 1
CELL 1000.00 350.00 170.00 1
CELL 1000.00 350.00 180.00 1
CELL 1000.00 350.00 190.00 1
CELL 1000.00 350.00 200.00 1
CELL 1000.00 350.00 210.00 1
CELL 1000.00 350.00 220.00 1
CELL 1000.00 350.00 230.00 1
CELL 1000.00 350.00 240.00 1
CELL 1000.00 350.00 250.00 1
CELL 1000.00 350.00 260.00 1
CELL 1000.00 350.00 270.00 1
CELL 1000.00 350.00 280.00 1
CELL 1000.00 350.00 290.00 1
CELL 1000.00 360.00 0.00 1
CELL 1000.00 360.00 10.00 1
CELL 1000.00 360.00 20.00 1
CELL 1000.00 360.00 30.00 1
CELL 1000.00 360.00 40.00 1
CELL 1000.00 360.00 50.00 1
CELL 1000.00 360.00 60.00 1
CELL 1000.00 360.00 70.00 1
CELL 1000.00 360.00 80.00 1
CELL 1000.00 360.00 90.00 1
CELL 1000.00 360.00 100.00 1
CELL 1000.00 360.00 110.00 1
CELL 1000.00 360.00 120.00 1
CELL 1000.00 360.00 130.00 1
CELL 1000.00 360.00 140.00 1
CELL 1000.00 360.00 150.00 1
CELL 1000.00 360.00 160.00 1
CELL 1000.00 360.00 170.00 1
CELL 1000.00 360.00 180.00 1
CELL 1000.00 360.00 190.00 1
CELL 1000.00 360.00 200.00 1
CELL 1000.00 360.00 210.00 1
CELL 1000.00 360.00 220.00 1
CELL 1000.00 360.00 230.00 1
CELL 1000.00 360.00 240.00 1
CELL 1000.00 360.00 250.00 1
CELL 1000.00 360.00 260.00 1
CELL 1000.00 360.00 270.00 1
CELL 1000.00 360.00 280.00 1
CELL 1000.00 360.00 290.00 1
CELL 1000.00 370.00 0.00 1
CELL 1000.00 370.00 10.00 1
CELL 1000.00 370.00 20.00 1
CELL 1000.00 370.00 30.00 1
CELL 1000.00 370.00 40.00 1
CELL 1000.00 370.00 50.00 1
CELL 1000.00 370.00 60.00 1
CELL 1000.00 370.00 70.00 1
CELL 1000.00 370.00 80.00 1
CELL 1000.00 370.00 90.00 1
CELL 1000.00 370.00 100.00 1
CELL 1000.00 370.00 110.00 1
CELL 1000.00 370.00 120.00 1
CELL 1000.00 370.00 130.00 1
CELL 1000.00 370.00 140.00 1
CELL 1000.00 370.00 150.00 1
CELL 1000.00 370.00 160.00 1
CELL 1000.00 370.00 170.00 1
CELL 1000.00 370.00 180.00 1
CELL 1000.00 370.00 190.00 1
CELL 1000.00 370.00 200.00 1
CELL 1000.00 370.00 210.00 1
CELL 1000.00 370.00 220.00 1
CELL 1000.00 370.00 230.00 1
CELL 1000.00 370.00 240.00 1
CELL 1000.00 370.00 250.00 1
CELL 1000.00 370.00 260.00 1
CELL 1000.00 370.00 270.00 1
CELL 1000.00 370.00 280.00 1
CELL 1000.00 370.00 290.00 1
CELL 1000.00 380.00 0.00 1
CELL 1000.00 380.00 10.00 1
CELL 1000.00 380.00 20.00 1
CELL 1000.00 380.00 30.00 1
CELL 1000.00 380.00 40.00 1
CELL 1000.00 380.00 50.00 1
CELL 1000.00 380.00 60.00 1
CELL 1000.00 380.00 70.00 1
CELL 1000.00 380.00 80.00 1
CELL 1000.00 380.00 90.00 1
CELL 1000.00 380.00 100.00 1
CELL 1000.00 380.00 110.00 1
CELL 1000.00 380.00 120.00 1
CELL 1000.00 380.00 130.00 1
CELL 1000.00 380.00 140.00 1
CELL 1000.00 380.00 150.00 1
CELL 1000.00 380.00 160.00 1
CELL 1000.00 380.00 170.00 1
CELL 1000.00 380.00 180.00 1
CELL 1000.00 380.00 190.00 1
CELL 1000.00 380.00 200.00 1
CELL 1000.00 380.00 210.00 1
CELL 1000.00 380.00 220.00 1
CELL 1000.00 380.00 230.00 1
CELL 1000.00 380.00 240.00 1
CELL 1000.00 380.00 250.00 1
CELL 1000.00 380.00 260.00 1
CELL 1000.00 380.00 270.00 1
CELL 1000.00 380.00 280.00 1
CELL 1000.00 380.00 290.00 1
CELL 1000.00 390.00 0.00 1
CELL 1000.00 390.00 10.00 1
CELL 1000.00 390.00 20.00 1
CELL 1000.00 390.00 30.00 1
CELL 1000.00 390.00 40.00 1
CELL 1000.00 390.00 50.00 1
CELL 1000.00 390.00 60.00 1
CELL 1000.00 390.00 70.00 1
CELL 1000.00 390.00 80.00 1
CELL 1000.00 390.00 90.00 1
CELL 1000.00 390.00 100.00 1
CELL 1000.00 390.00 110.00 1
CELL 1000.00 390.00 120.00 1
CELL 1000.00 390.00 130.00 1
CELL 1000.00 390.00 140.00 1
CELL 1000.00 390.00 150.00 1
CELL 1000.00 390.00 160.00 1
CELL 1000.00 390.00 170.00 1
CELL 1000.00 390.00 180.00 1
CELL 1000.00 390.00 190.00 1
CELL 1000.00 390.00 200.00 1
CELL 1000.00 390.00 210.00 1
CELL 1000.00 390.00 220.00 1
CELL 1000.00 390.00 230.00 1
CELL 1000.00 390.00 240.00 1
CELL 1000.00 390.00 250.00 1
CELL 1000.00 390.00 260.00 1
CELL 1000.00 390.00 270.00 1
CELL 1000.00 390.00 280.00 1
CELL 1000.00 390.00 290.00 1
CELL 1000.00 400.00 0.00 1
CELL 1000.00 400.00 10.00 1
CELL 1000.00 400.00 20.00 1
CELL 1000.00 400.00 30.00 1
CELL 1000.00 400.00 40.00 1
CELL 1000.00 400.00 50.00 1
CELL 1000.00 400.00 60.00 1
CELL 1000.00 400.00 70.00 1
CELL 1000.00 400.00 80.00 1
CELL 1000.00 400.00 90.00 1
CELL 1000.00 400.00 100.00 1
CELL 1000.00 400.00 110.00 1
CELL 1000.00 400.00 120.00 1
CELL 1000.00 400.00 130.00 1
CELL 1000.00 400.00 140.00 1
CELL 1000.00 400.00 150.00 1
CELL 1000.00 400.00 160.00 1
CELL 1000.00 400.00 170.00 1
CELL 1000.00 400.00 180.00 1
CELL 1000.00 400.00 190.00 1
CELL 1000.00 400.00 200.00 1
CELL 1000.00 400.00 210.00 1
CELL 1000.00 400.00 220.00 1
CELL 1000.00 400.00 230.00 1
CELL 1000.00 400.00 240.00 1
CELL 1000.00 400.00 250.00 1
CELL 1000.00 400.00 260.00 1
CELL 1000.00 400.00 270.00 1
CELL 1000.00 400.00 280.00 1
CELL 1000.00 400.00 290.00 1
CELL 600.00 400.00 0.00 1
CELL 600.00 400.00 10.00 1
CELL 600.00 400.00 20.00 1
CELL 600.00 400.00 30.00 1
CELL 600.00 400.00 40.00 1
CELL 600.00 400.00 50.00 1
CELL 600.00 400.00 60.00 1
CELL 600.00 400.00 70.00 1
CELL 600.00 400.00 80.00 1
CELL 600.00 400.00 90.00 1
CELL 600.00 400.00 100.00 1
CELL 600.00 400.00 110.00 1
CELL 600.00 400.00 120.00 1
CELL 600.00 400.00 130.00 1
CELL 600.00 400.00 140.00 1
CELL 600.00 400.00 150.00 1
CELL 600.00 400.00 160.00 1
CELL 600.00 400.00 170.00 1
CELL 600.00 400.00 180.00 1
CELL 600.00 400.00 190.00 1
CELL 600.00 400.00 200.00 1
CELL 600.00 400.00 210.00 1
CELL 600.00 400.00 220.00 1
CELL 600.00 400.00 230.00 1
CELL 600.00 400.00 240.00 1
CELL 600.00 400.00 250.00 1
CELL 600.00 400.00 260.00 1
CELL 600.00 400.00 270.00 1
CELL 600.00 400.00 280.00 1
CELL 600.00 400.00 290.00 1
CELL 610.00 400.00 0.00 1
CELL 610.00 400.00 10.00 1
CELL 610.00 400.00 20.00 1
CELL 610.00 400.00 30.00 1
CELL 610.00 400.00 40.00 1
CELL 610.00 400.00 50.00 1
CELL 610.00 400.00 60.00 1
CELL 610.00 400.00 70.00 1
CELL 610.00 400.00 80.00 1
CELL 610.00 400.00 90.00 1
CELL 610.00 400.00 100.00 1
CELL 610.00 400.00 110.00 1
CELL 610.00 400.00 120.00 1
CELL 610.00 400.00 130.00 1
CELL 610.00 400.00 140.00 1
CELL 610.00 400.00 150.00 1
CELL 610.00 400.00 160.00 1
CELL 610.00 400.00 170.00 1
CELL 610.00 400.00 180.00 1
CELL 610.00 400.00 190.00 1
CELL 610.00 400.00 200.00 1
CELL 610.00 400.00 210.00 1
CELL 610.00 400.00 220.00 1
CELL 610.00 400.00 230.00 1
CELL 610.00 400.00 240.00 1
CELL 610.00 400.00 250.00 1
CELL 610.00 400.00 260.00 1
CELL 610.00 400.00 270.00 1
CELL 610.00 400.00 280.00 1
CELL 610.00 400.00 290.00 1
CELL 620.00 400.00 0.00 1
CELL 620.00 400.00 10.00 1
CELL 620.00 400.00 20.00 1
CELL 620.00 400.00 30.00 1
CELL 620.00 400.00 40.00 1
CELL 620.00 400.00 50.00 1
CELL 620.00 400.00 60.00 1
CELL 620.00 400.00 70.00 1
CELL 620.00 400.00 80.00 1
CELL 620.00 400.00 90.00 1
CELL 620.00 400.00 100.00 1
CELL 620.00 400.00 110.00 1
CELL 620.00 400.00 120.00 1
CELL 620.00 400.00 130.00 1
CELL 620.00 400.00 140.00 1
CELL 620.00 400.00 150.00 1
CELL 620.00 400.00 160.00 1
CELL 620.00 400.00 170.00 1
CELL 620.00 400.00 180.00 1
CELL 620.00 400.00 190.00 1
CELL 620.00 400.00 200.00 1
CELL 620.00 400.00 210.00 1
CELL 620.00 400.00 220.00 1
CELL 620.00 400.00 230.00 1
CELL 620.00 400.00 240.00 1
CELL 620.00 400.00 250.00 1
CELL 620.00 400.00 260.00 1
CELL 620.00 400.00 270.00 1
CELL 620.00 400.00 280.00 1
CELL 620.00 400.00 290.00 1
CELL 630.00 400.00 0.00 1
CELL 630.00 400.00 10.00 1
CELL 630.00 400.00 20.00 1
CELL 630.00 400.00 30.00 1
CELL 630.00 400.00 40.00 1
CELL 630.00 400.00 50.00 1
CELL 630.00 400.00 60.00 1
CELL 630.00 400.00 70.00 1
CELL 630.00 400.00 80.00 1
CELL 630.00 400.00 90.00 1
CELL 630.00 400.00 100.00 1
CELL 630.00 400.00 110.00 1
CELL 630.00 400.00 120.00 1
CELL 630.00 400.00 130.00 1
CELL 630.00 400.00 140.00 1
CELL 630.00 400.00 150.00 1
CELL 630.00 400.00 160.00 1
CELL 630.00 400.00 170.00 1
CELL 630.00 400.00 180.00 1
CELL 630.00 400.00 190.00 1
CELL 630.00 400.00 200.00 1
CELL 630.00 400.00 210.00 1
CELL 630.00 400.00 220.00 1
CELL 630.00 400.00 230.00 1
CELL 630.00 400.00 240.00 1
CELL 630.00 400.00 250.00 1
CELL 630.00 400.00 260.00 1
CELL 630.00 400.00 270.00 1
CELL 630.00 400.00 280.00 1
CELL 630.00 400.00 290.00 1
CELL 640.00 400.00 0.00 1
CELL 640.00 400.00 10.00 1
CELL 640.00 400.00 20.00 1
CELL 640.00 400.00 30.00 1
CELL 640.00 400.00 40.00 1
CELL 640.00 400.00 50.00 1
CELL 640.00 400.00 60.00 1
CELL 640.00 400.00 70.00 1
CELL 640.00 400.00 80.00 1
CELL 640.00 400.00 90.00 1
CELL 640.00 400.00 100.00 1
CELL 640.00 400.00 110.00 1
CELL 640.00 400.00 120.00 1
CELL 640.00 400.00 130.00 1
CELL 640.00 400.00 140.00 1
CELL 640.00 400.00 150.00 1
CELL 640.00 400.00 160.00 1
CELL 640.00 400.00 170.00 1
CELL 640.00 400.00 180.00 1
CELL 640.00 400.00 190.00 1
CELL 640.00 400.00 200.00 1
CELL 640.00 400.00 210.00 1
CELL 640.00 400.00 220.00 1
CELL 640.00 400.00 230.00 1
CELL 640.00 400.00 240.00 1
CELL 640.00 400.00 250.00 1
CELL 640.00 400.00 260.00 1
CELL 640.00 400.00 270.00 1
CELL 640.00 400.00 280.00 1
CELL 640.00 400.00 290.00 1
CELL 650.00 400.00 0.00 1
CELL 650.00 400.00 10.00 1
CELL 650.00 400.00 20.00 1
CELL 650.00 400.00 30.00 1
CELL 650.00 400.00 40.00 1
CELL 650.00 400.00 50.00 1
CELL 650.00 400.00 60.00 1
CELL 650.00 400.00 70.00 1
CELL 650.00 400.00 80.00 1
CELL 650.00 400.00 90.00 1
CELL 650.00 400.00 100.00 1
CELL 650.00 400.00 110.00 1
CELL 650.00 400.00 120.00 1
CELL 650.00 400.00 130.00 1
CELL 650.00 400.00 140.00 1
CELL 650.00 400.00 150.00 1
CELL 650.00 400.00 160.00 1
CELL 650.00 400.00 170.00 1
CELL 650.00 400.00 180.00 1
CELL 650.00 400.00 190.00 1
CELL 650.00 400.00 200.00 1
CELL 650.00 400.00 210.00 1
CELL 650.00 400.00 220.00 1
CELL 650.00 400.00 230.00 1
CELL 650.00 400.00 240.00 1
CELL 650.00 400.00 250.00 1
CELL 650.00 400.00 260.00 1
CELL 650.00 400.00 270.00 1
CELL 650.00 400.00 280.00 1
CELL 650.00 400.00 290.00 1
CELL 660.00 400.00 0.00 1
CELL 660.00 400.00 10.00 1
CELL 660.00 400.00 20.00 1
CELL 660.00 400.00 30.00 1
CELL 660.00 400.00 40.00 1
CELL 660.00 400.00 50.00 1
CELL 660.00 400.00 60.00 1
CELL 660.00 400.00 70.00 1
CELL 660.00 400.00 80.00 1
CELL 660.00 400.00 90.00 1
CELL 660.00 400.00 100.00 1
CELL 660.00 400.00 110.00 1
CELL 660.00 400.00 120.00 1
CELL 660.00 400.00 130.00 1
CELL 660.00 400.00 140.00 1
CELL 660.00 400.00 150.00 1
CELL 660.00 400.00 160.00 1
CELL 660.00 400.00 170.00 1
CELL 660.00 400.00 180.00 1
CELL 660.00 400.00 190.00 1
CELL 660.00 400.00 200.00 1
CELL 660.00 400.00 210.00 1
CELL 660.00 400.00 220.00 1
CELL 660.00 400.00 230.00 1
CELL 660.00 400.00 240.00 1
CELL 660.00 400.00 250.00 1
CELL 660.00 400.00 260.00 1
CELL 660.00 400.00 270.00 1
CELL 660.00 400.00 280.00 1
CELL 660.00 400.00 290.00 1
CELL 670.00 400.00 0.00 1
CELL 670.00 400.00 10.00 1
CELL 670.00 400.00 20.00 1
CELL 670.00 400.00 30.00 1
CELL 670.00 400.00 40.00 1
CELL 670.00 400.00 50.00 1
CELL 670.00 400.00 60.00 1
CELL 670.00 400.00 70.00 1
CELL 670.00 400.00 80.00 1
CELL 670.00 400.00 90.00 1
CELL 670.00 400.00 100.00 1
CELL 670.00 400.00 110.00 1
CELL 670.00 400.00 120.00 1
CELL 670.00 400.00 130.00 1
CELL 670.00 400.00 140.00 1
CELL 670.00 400.00 150.00 1
CELL 670.00 400.00 160.00 1
CELL 670.00 400.00 170.00 1
CELL 670.00 400.00 180.00 1
CELL 670.00 400.00 190.00 1
CELL 670.00 400.00 200.00 1
CELL 670.00 400.00 210.00 1
CELL 670.00 400.00 220.00 1
CELL 670.00 400.00 230.00 1
CELL 670.00 400.00 240.00 1
CELL 670.00 400.00 250.00 1
CELL 670.00 400.00 260.00 1
CELL 670.00 400.00 270.00 1
CELL 670.00 400.00 280.00 1
CELL 670.00 400.00 290.00 1
CELL 680.00 400.00 0.00 1
CELL 680.00 400.00 10.00 1
CELL 680.00 400.00 20.00 1
CELL 680.00 400.00 30.00 1
CELL 680.00 400.00 40.00 1
CELL 680.00 400.00 50.00 1
CELL 680.00 400.00 60.00 1
CELL 680.00 400.00 70.00 1
CELL 680.00 400.00 80.00 1
CELL 680.00 400.00 90.00 1
CELL 680.00 400.00 100.00 1
CELL 680.00 400.00 110.00 1
CELL 680.00 400.00 120.00 1
CELL 680.00 400.00 130.00 1
CELL 680.00 400.00 140.00 1
CELL 680.00 400.00 150.00 1
CELL 680.00 400.00 160.00 1
CELL 680.00 400.00 170.00 1
CELL 680.00 400.00 180.00 1
CELL 680.00 400.00 190.00 1
CELL 680.00 400.00 200.00 1
CELL 680.00 400.00 210.00 1
CELL 680.00 400.00 220.00 1
CELL 680.00 400.00 230.00 1
CELL 680.00 400.00 240.00 1
CELL 680.00 400.00 250.00 1
CELL 680.00 400.00 260.00 1
CELL 680.00 400.00 270.00 1
CELL 680.00 400.00 280.00 1
CELL 680.00 400.00 290.00 1
CELL 690.00 400.00 0.00 1
CELL 690.00 400.00 10.00 1
CELL 690.00 400.00 20.00 1
CELL 690.00 400.00 30.00 1
CELL 690.00 400.00 40.00 1
CELL 690.00 400.00 50.00 1
CELL 690.00 400.00 60.00 1
CELL 690.00 400.00 70.00 1
CELL 690.00 400.00 80.00 1
CELL 690.00 400.00 90.00 1
CELL 690.00 400.00 100.00 1
CELL 690.00 400.00 110.00 1
CELL 690.00 400.00 120.00 1
CELL 690.00 400.00 130.00 1
CELL 690.00 400.00 140.00 1
CELL 690.00 400.00 150.00 1
CELL 690.00 400.00 160.00 1
CELL 690.00 400.00 170.00 1
CELL 690.00 400.00 180.00 1
CELL 690.00 400.00 190.00 1
CELL 690.00 400.00 200.00 1
CELL 690.00 400.00 210.00 1
CELL 690.00 400.00 220.00 1
CELL 690.00 400.00 230.00 1
CELL 690.00 400.00 240.00 1
CELL 690.00 400.00 250.00 1
CELL 690.00 400.00 260.00 1
CELL 690.00 400.00 270.00 1
CELL 690.00 400.00 280.00 1
CELL 690.00 400.00 290.00 1
CELL 700.00 400.00 0.00 1
CELL 700.00 400.00 10.00 1
CELL 700.00 400.00 20.00 1
CELL 700.00 400.00 30.00 1
CELL 700.00 400.00 40.00 1
CELL 700.00 400.00 50.00 1
CELL 700.00 400.00 60.00 1
CELL 700.00 400.00 70.00 1
CELL 700.00 400.00 80.00 1
CELL 700.00 400.00 90.00 1
CELL 700.00 400.00 100.00 1
CELL 700.00 400.00 110.00 1
CELL 700.00 400.00 120.00 1
CELL 700.00 400.00 130.00 1
CELL 700.00 400.00 140.00 1
CELL 700.00 400.00 150.00 1
CELL 700.00 400.00 160.00 1
CELL 700.00 400.00 170.00 1
CELL 700.00 400.00 180.00 1
CELL 700.00 400.00 190.00 1
CELL 700.00 400.00 200.00 1
CELL 700.00 400.00 210.00 1
CELL 700.00 400.00 220.00 1
CELL 700.00 400.00 230.00 1
CELL 700.00 400.00 240.00 1
CELL 700.00 400.00 250.00 1
CELL 700.00 400.00 260.00 1
CELL 700.00 400.00 270.00 1
CELL 700.00 400.00 280.00 1
CELL 700.00 400.00 290.00 1
CELL 710.00 400.00 0.00 1
CELL 710.00 400.00 10.00 1
CELL 710.00 400.00 20.00 1
CELL 710.00 400.00 30.00 1
CELL 710.00 400.00 40.00 1
CELL 710.00 400.00 50.00 1
CELL 710.00 400.00 60.00 1
CELL 710.00 400.00 70.00 1
CELL 710.00 400.00 80.00 1
CELL 710.00 400.00 90.00 1
CELL 710.00 400.00 100.00 1
CELL 710.00 400.00 110.00 1
CELL 710.00 400.00 120.00 1
CELL 710.00 400.00 130.00 1
CELL 710.00 400.00 140.00 1
CELL 710.00 400.00 150.00 1
CELL 710.00 400.00 160.00 1
CELL 710.00 400.00 170.00 1
CELL 710.00 400.00 180.00 1
CELL 710.00 400.00 190.00 1
CELL 710.00 400.00 200.00 1
CELL 710.00 400.00 210.00 1
CELL 710.00 400.00 220.00 1
CELL 710.00 400.00 230.00 1
CELL 710.00 400.00 240.00 1
CELL 710.00 400.00 250.00 1
CELL 710.00 400.00 260.00 1
CELL 710.00 400.00 270.00 1
CELL 710.00 400.00 280.00 1
CELL 710.00 400.00 290.00 1
CELL 720.00 400.00 0.00 1
CELL 720.00 400.00 10.00 1
CELL 720.00 400.00 20.00 1
CELL 720.00 400.00 30.00 1
CELL 720.00 400.00 40.00 1
CELL 720.00 400.00 50.00 1
CELL 720.00 400.00 60.00 1
CELL 720.00 400.00 70.00 1
CELL 720.00 400.00 80.00 1
CELL 720.00 400.00 90.00 1
CELL 720.00 400.00 100.00 1
CELL 720.00 400.00 110.00 1
CELL 720.00 400.00 120.00 1
CELL 720.00 400.00 130.00 1
CELL 720.00 400.00 140.00 1
CELL 720.00 400.00 150.00 1
CELL 720.00 400.00 160.00 1
CELL 720.00 400.00 170.00 1
CELL 720.00 400.00 180.00 1
CELL 720.00 400.00 190.00 1
CELL 720.00 400.00 200.00 1
CELL 720.00 400.00 210.00 1
CELL 720.00 400.00 220.00 1
CELL 720.00 400.00 230.00 1
CELL 720.00 400.00 240.00 1
CELL 720.00 400.00 250.00 1
CELL 720.00 400.00 260.00 1
CELL 720.00 400.00 270.00 1
CELL 720.00 400.00 280.00 1
CELL 720.00 400.00 290.00 1
CELL 730.00 400.00 0.00 1
CELL 730.00 400.00 10.00 1
CELL 730.00 400.00 20.00 1
CELL 730.00 400.00 30.00 1
CELL 730.00 400.00 40.00 1
CELL 730.00 400.00 50.00 1
CELL 730.00 400.00 60.00 1
CELL 730.00 400.00 70.00 1
CELL 730.00 400.00 80.00 1
CELL 730.00 400.00 90.00 1
CELL 730.00 400.00 100.00 1
CELL 730.00 400.00 110.00 1
CELL 730.00 400.00 120.00 1
CELL 730.00 400.00 130.00 1
CELL 730.00 400.00 140.00 1
CELL 730.00 400.00 150.00 1
CELL 730.00 400.00 160.00 1
CELL 730.00 400.00 170.00 1
CELL 730.00 400.00 180.00 1
CELL 730.00 400.00 190.00 1
CELL 730.00 400.00 200.00 1
CELL 730.00 400.00 210.00 1
CELL 730.00 400.00 220.00 1
CELL 730.00 400.00 230.00 1
CELL 730.00 400.00 240.00 1
CELL 730.00 400.00 250.00 1
CELL 730.00 400.00 260.00 1
CELL 730.00 400.00 270.00 1
CELL 730.00 400.00 280.00 1
CELL 730.00 400.00 290.00 1
CELL 740.00 400.00 0.00 1
CELL 740.00 400.00 10.00 1
CELL 740.00 400.00 20.00 1
CELL 740.00 400.00 30.00 1
CELL 740.00 400.00 40.00 1
CELL 740.00 400.00 50.00 1
CELL 740.00 400.00 60.00 1
CELL 740.00 400.00 70.00 1
CELL 740.00 400.00 80.00 1
CELL 740.00 400.00 90.00 1
CELL 740.00 400.00 100.00 1
CELL 740.00 400.00 110.00 1
CELL 740.00 400.00 120.00 1
CELL 740.00 400.00 130.00 1
CELL 740.00 400.00 140.00 1
CELL 740.00 400.00 150.00 1
CELL 740.00 400.00 160.00 1
CELL 740.00 400.00 170.00 1
CELL 740.00 400.00 180.00 1
CELL 740.00 400.00 190.00 1
CELL 740.00 400.00 200.00 1
CELL 740.00 400.00 210.00 1
CELL 740.00 400.00 220.00 1
CELL 740.00 400.00 230.00 1
CELL 740.00 400.00 240.00 1
CELL 740.00 400.00 250.00 1
CELL 740.00 400.00 260.00 1
CELL 740.00 400.00 270.00 1
CELL 740.00 400.00 280.00 1
CELL 740.00 400.00 290.00 1
CELL 750.00 400.00 0.00 1
CELL 750.00 400.00 10.00 1
CELL 750.00 400.00 20.00 1
CELL 750.00 400.00 30.00 1
CELL 750.00 400.00 40.00 1
CELL 750.00 400.00 50.00 1
CELL 750.00 400.00 60.00 1
CELL 750.00 400.00 70.00 1
CELL 750.00 400.00 80.00 1
CELL 750.00 400.00 90.00 1
CELL 750.00 400.00 100.00 1
CELL 750.00 400.00 110.00 1
CELL 750.00 400.00 120.00 1
CELL 750.00 400.00 130.00 1
CELL 750.00 400.00 140.00 1
CELL 750.00 400.00 150.00 1
CELL 750.00 400.00 160.00 1
CELL 750.00 400.00 170.00 1
CELL 750.00 400.00 180.00 1
CELL 750.00 400.00 190.00 1
CELL 750.00 400.00 200.00 1
CELL 750.00 400.00 210.00 1
CELL 750.00 400.00 220.00 1
CELL 750.00 400.00 230.00 1
CELL 750.00 400.00 240.00 1
CELL 750.00 400.00 250.00 1
CELL 750.00 400.00 260.00 1
CELL 750.00 400.00 270.00 1
CELL 750.00 400.00 280.00 1
CELL 750.00 400.00 290.00 1
CELL 760.00 400.00 0.00 1
CELL 760.00 400.00 10.00 1
CELL 760.00 400.00 20.00 1
CELL 760.00 400.00 30.00 1
CELL 760.00 400.00 40.00 1
CELL 760.00 400.00 50.00 1
CELL 760.00 400.00 60.00 1
CELL 760.00 400.00 70.00 1
CELL 760.00 400.00 80.00 1
CELL 760.00 400.00 90.00 1
CELL 760.00 400.00 100.00 1
CELL 760.00 400.00 110.00 1
CELL 760.00 400.00 120.00 1
CELL 760.00 400.00 130.00 1
CELL 760.00 400.00 140.00 1
CELL 760.00 400.00 150.00 1
CELL 760.00 400.00 160.00 1
CELL 760.00 400.00 170.00 1
CELL 760.00 400.00 180.00 1
CELL 760.00 400.00 190.00 1
CELL 760.00 400.00 200.00 1
CELL 760.00 400.00 210.00 1
CELL 760.00 400.00 220.00 1
CELL 760.00 400.00 230.00 1
CELL 760.00 400.00 240.00 1
CELL 760.00 400.00 250.00 1
CELL 760.00 400.00 260.00 1
CELL 760.00 400.00 270.00 1
CELL 760.00 400.00 280.00 1
CELL 760.00 400.00 290.00 1
CELL 770.00 400.00 0.00 1
CELL 770.00 400.00 10.00 1
CELL 770.00 400.00 20.00 1
CELL 770.00 400.00 30.00 1
CELL 770.00 400.00 40.00 1
CELL 770.00 400.00 50.00 1
CELL 770.00 400.00 60.00 1
CELL 770.00 400.00 70.00 1
CELL 770.00 400.00 80.00 1
CELL 770.00 400.00 90.00 1
CELL 770.00 400.00 100.00 1
CELL 770.00 400.00 110.00 1
CELL 770.00 400.00 120.00 1
CELL 770.00 400.00 130.00 1
CELL 770.00 400.00 140.00 1
CELL 770.00 400.00 150.00 1
CELL 770.00 400.00 160.00 1
CELL 770.00 400.00 170.00 1
CELL 770.00 400.00 180.00 1
CELL 770.00 400.00 190.00 1
CELL 770.00 400.00 200.00 1
CELL 770.00 400.00 210.00 1
CELL 770.00 400.00 220.00 1
CELL 770.00 400.00 230.00 1
CELL 770.00 400.00 240.00 1
CELL 770.00 400.00 250.00 1
CELL 770.00 400.00 260.00 1
CELL 770.00 400.00 270.00 1
CELL 770.00 400.00 280.00 1
CELL 770.00 400.00 290.00 1
CELL 780.00 400.00 0.00 1
CELL 780.00 400.00 10.00 1
CELL 780.00 400.00 20.00 1
CELL 780.00 400.00 30.00 1
CELL 780.00 400.00 40.00 1
CELL 780.00 400.00 50.00 1
CELL 780.00 400.00 60.00 1
CELL 780.00 400.00 70.00 1
CELL 780.00 400.00 80.00 1
CELL 780.00 400.00 90.00 1
CELL 780.00 400.00 100.00 1
CELL 780.00 400.00 110.00 1
CELL 780.00 400.00 120.00 1
CELL 780.00 400.00 130.00 1
CELL 780.00 400.00 140.00 1
CELL 780.00 400.00 150.00 1
CELL 780.00 400.00 160.00 1
CELL 780.00 400.00 170.00 1
CELL 780.00 400.00 180.00 1
CELL 780.00 400.00 190.00 1
CELL 780.00 400.00 200.00 1
CELL 780.00 400.00 210.00 1
CELL 780.00 400.00 220.00 1
CELL 780.00 400.00 230.00 1
CELL 780.00 400.00 240.00 1
CELL 780.00 400.00 250.00 1
CELL 780.00 400.00 260.00 1
CELL 780.00 400.00 270.00 1
CELL 780.00 400.00 280.00 1
CELL 780.00 400.00 290.00 1
CELL 790.00 400.00 0.00 1
CELL 790.00 400.00 10.00 1
CELL 790.00 400.00 20.00 1
CELL 790.00 400.00 30.00 1
CELL 790.00 400.00 40.00 1
CELL 790.00 400.00 50.00 1
CELL 790.00 400.00 60.00 1
CELL 790.00 400.00 70.00 1
CELL 790.00 400.00 80.00 1
CELL 790.00 400.00 90.00 1
CELL 790.00 400.00 100.00 1
CELL 790.00 400.00 110.00 1
CELL 790.00 400.00 120.00 1
CELL 790.00 400.00 130.00 1
CELL 790.00 400.00 140.00 1
CELL 790.00 400.00 150.00 1
CELL 790.00 400.00 160.00 1
CELL 790.00 400.00 170.00 1
CELL 790.00 400.00 180.00 1
CELL 790.00 400.00 190.00 1
CELL 790.00 400.00 200.00 1
CELL 790.00 400.00 210.00 1
CELL 790.00 400.00 220.00 1
CELL 790.00 400.00 230.00 1
CELL 790.00 400.00 240.00 1
CELL 790.00 400.00 250.00 1
CELL 790.00 400.00 260.00 1
CELL 790.00 400.00 270.00 1
CELL 790.00 400.00 280.00 1
CELL 790.00 400.00 290.00 1
CELL 800.00 400.00 0.00 1
CELL 800.00 400.00 10.00 1
CELL 800.00 400.00 20.00 1
CELL 800.00 400.00 30.00 1
CELL 800.00 400.00 40.00 1
CELL 800.00 400.00 50.00 1
CELL 800.00 400.00 60.00 1
CELL 800.00 400.00 70.00 1
CELL 800.00 400.00 80.00 1
CELL 800.00 400.00 90.00 1
CELL 800.00 400.00 100.00 1
CELL 800.00 400.00 110.00 1
CELL 800.00 400.00 120.00 1
CELL 800.00 400.00 130.00 1
CELL 800.00 400.00 140.00 1
CELL 800.00 400.00 150.00 1
CELL 800.00 400.00 160.00 1
CELL 800.00 400.00 170.00 1
CELL 800.00 400.00 180.00 1
CELL 800.00 400.00 190.00 1
CELL 800.00 400.00 200.00 1
CELL 800.00 400.00 210.00 1
CELL 800.00 400.00 220.00 1
CELL 800.00 400.00 230.00 1
CELL 800.00 400.00 240.00 1
CELL 800.00 400.00 250.00 1
CELL 800.00 400.00 260.00 1
CELL 800.00 400.00 270.00 1
CELL 800.00 400.00 280.00 1
CELL 800.00 400.00 290.00 1
CELL 810.00 400.00 0.00 1
CELL 810.00 400.00 10.00 1
CELL 810.00 400.00 20.00 1
CELL 810.00 400.00 30.00 1
CELL 810.00 400.00 40.00 1
CELL 810.00 400.00 50.00 1
CELL 810.00 400.00 60.00 1
CELL 810.00 400.00 70.00 1
CELL 810.00 400.00 80.00 1
CELL 810.00 400.00 90.00 1
CELL 810.00 400.00 100.00 1
CELL 810.00 400.00 110.00 1
CELL 810.00 400.00 120.00 1
CELL 810.00 400.00 130.00 1
CELL 810.00 400.00 140.00 1
CELL 810.00 400.00 150.00 1
CELL 810.00 400.00 160.00 1
CELL 810.00 400.00 170.00 1
CELL 810.00 400.00 180.00 1
CELL 810.00 400.00 190.00 1
CELL 810.00 400.00 200.00 1
CELL 810.00 400.00 210.00 1
CELL 810.00 400.00 220.00 1
CELL 810.00 400.00 230.00 1
CELL 810.00 400.00 240.00 1
CELL 810.00 400.00 250.00 1
CELL 810.00 400.00 260.00 1
CELL 810.00 400.00 270.00 1
CELL 810.00 400.00 280.00 1
CELL 810.00 400.00 290.00 1
CELL 820.00 400.00 0.00 1
CELL 820.00 400.00 10.00 1
CELL 820.00 400.00 20.00 1
CELL 820.00 400.00 30.00 1
CELL 820.00 400.00 40.00 1
CELL 820.00 400.00 50.00 1
CELL 820.00 400.00 60.00 1
CELL 820.00 400.00 70.00 1
CELL 820.00 400.00 80.00 1
CELL 820.00 400.00 90.00 1
CELL 820.00 400.00 100.00 1
CELL 820.00 400.00 110.00 1
CELL 820.00 400.00 120.00 1
CELL 820.00 400.00 130.00 1
CELL 820.00 400.00 140.00 1
CELL 820.00 400.00 150.00 1
CELL 820.00 400.00 160.00 1
CELL 820.00 400.00 170.00 1
CELL 820.00 400.00 180.00 1
CELL 820.00 400.00 190.00 1
CELL 820.00 400.00 200.00 1
CELL 820.00 400.00 210.00 1
CELL 820.00 400.00 220.00 1
CELL 820.00 400.00 230.00 1
CELL 820.00 400.00 240.00 1
CELL 820.00 400.00 250.00 1
CELL 820.00 400.00 260.00 1
CELL 820.00 400.00 270.00 1
CELL 820.00 400.00 280.00 1
CELL 820.00 400.00 290.00 1
CELL 830.00 400.00 0.00 1
CELL 830.00 400.00 10.00 1
CELL 830.00 400.00 20.00 1
CELL 830.00 400.00 30.00 1
CELL 830.00 400.00 40.00 1
CELL 830.00 400.00 50.00 1
CELL 830.00 400.00 60.00 1
CELL 830.00 400.00 70.00 1
CELL 830.00 400.00 80.00 1
CELL 830.00 400.00 90.00 1
CELL 830.00 400.00 100.00 1
CELL 830.00 400.00 110.00 1
CELL 830.00 400.00 120.00 1
CELL 830.00 400.00 130.00 1
CELL 830.00 400.00 140.00 1
CELL 830.00 400.00 150.00 1
CELL 830.00 400.00 160.00 1
CELL 830.00 400.00 170.00 1
CELL 830.00 400.00 180.00 1
CELL 830.00 400.00 190.00 1
CELL 830.00 400.00 200.00 1
CELL 830.00 400.00 210.00 1
CELL 830.00 400.00 220.00 1
CELL 830.00 400.00 230.00 1
CELL 830.00 400.00 240.00 1
CELL 830.00 400.00 250.00 1
CELL 830.00 400.00 260.00 1
CELL 830.00 400.00 270.00 1
CELL 830.00 400.00 280.00 1
CELL 830.00 400.00 290.00 1
CELL 840.00 400.00 0.00 1
CELL 840.00 400.00 10.00 1
CELL 840.00 400.00 20.00 1
CELL 840.00 400.00 30.00 1
CELL 840.00 400.00 40.00 1
CELL 840.00 400.00 50.00 1
CELL 840.00 400.00 60.00 1
CELL 840.00 400.00 70.00 1
CELL 840.00 400.00 80.00 1
CELL 840.00 400.00 90.00 1
CELL 840.00 400.00 100.00 1
CELL 840.00 400.00 110.00 1
CELL 840.00 400.00 120.00 1
CELL 840.00 400.00 130.00 1
CELL 840.00 400.00 140.00 1
CELL 840.00 400.00 150.00 1
CELL 840.00 400.00 160.00 1
CELL 840.00 400.00 170.00 1
CELL 840.00 400.00 180.00 1
CELL 840.00 400.00 190.00 1
CELL 840.00 400.00 200.00 1
CELL 840.00 400.00 210.00 1
CELL 840.00 400.00 220.00 1
CELL 840.00 400.00 230.00 1
CELL 840.00 400.00 240.00 1
CELL 840.00 400.00 250.00 1
CELL 840.00 400.00 260.00 1
CELL 840.00 400.00 270.00 1
CELL 840.00 400.00 280.00 1
CELL 840.00 400.00 290.00 1
CELL 850.00 400.00 0.00 1
CELL 850.00 400.00 10.00 1
CELL 850.00 400.00 20.00 1
CELL 850.00 400.00 30.00 1
CELL 850.00 400.00 40.00 1
CELL 850.00 400.00 50.00 1
CELL 850.00 400.00 60.00 1
CELL 850.00 400.00 70.00 1
CELL 850.00 400.00 80.00 1
CELL 850.00 400.00 90.00 1
CELL 850.00 400.00 100.00 1
CELL 850.00 400.00 110.00 1
CELL 850.00 400.00 120.00 1
CELL 850.00 400.00 130.00 1
CELL 850.00 400.00 140.00 1
CELL 850.00 400.00 150.00 1
CELL 850.00 400.00 160.00 1
CELL 850.00 400.00 170.00 1
CELL 850.00 400.00 180.00 1
CELL 850.00 400.00 190.00 1
CELL 850.00 400.00 200.00 1
CELL 850.00 400.00 210.00 1
CELL 850.00 400.00 220.00 1
CELL 850.00 400.00 230.00 1
CELL 850.00 400.00 240.00 1
CELL 850.00 400.00 250.00 1
CELL 850.00 400.00 260.00 1
CELL 850.00 400.00 270.00 1
CELL 850.00 400.00 280.00 1
CELL 850.00 400.00 290.00 1
CELL 860.00 400.00 0.00 1
CELL 860.00 400.00 10.00 1
CELL 860.00 400.00 20.00 1
CELL 860.00 400.00 30.00 1
CELL 860.00 400.00 40.00 1
CELL 860.00 400.00 50.00 1
CELL 860.00 400.00 60.00 1
CELL 860.00 400.00 70.00 1
CELL 860.00 400.00 80.00 1
CELL 860.00 400.00 90.00 1
CELL 860.00 400.00 100.00 1
CELL 860.00 400.00 110.00 1
CELL 860.00 400.00 120.00 1
CELL 860.00 400.00 130.00 1
CELL 860.00 400.00 140.00 1
CELL 860.00 400.00 150.00 1
CELL 860.00 400.00 160.00 1
CELL 860.00 400.00 170.00 1
CELL 860.00 400.00 180.00 1
CELL 860.00 400.00 190.00 1
CELL 860.00 400.00 200.00 1
CELL 860.00 400.00 210.00 1
CELL 860.00 400.00 220.00 1
CELL 860.00 400.00 230.00 1
CELL 860.00 400.00 240.00 1
CELL 860.00 400.00 250.00 1
CELL 860.00 400.00 260.00 1
CELL 860.00 400.00 270.00 1
CELL 860.00 400.00 280.00 1
CELL 860.00 400.00 290.00 1
CELL 870.00 400.00 0.00 1
CELL 870.00 400.00 10.00 1
CELL 870.00 400.00 20.00 1
CELL 870.00 400.00 30.00 1
CELL 870.00 400.00 40.00 1
CELL 870.00 400.00 50.00 1
CELL 870.00 400.00 60.00 1
CELL 870.00 400.00 70.00 1
CELL 870.00 400.00 80.00 1
CELL 870.00 400.00 90.00 1
CELL 870.00 400.00 100.00 1
CELL 870.00 400.00 110.00 1
CELL 870.00 400.00 120.00 1
CELL 870.00 400.00 130.00 1
CELL 870.00 400.00 140.00 1
CELL 870.00 400.00 150.00 1
CELL 870.00 400.00 160.00 1
CELL 870.00 400.00 170.00 1
CELL 870.00 400.00 180.00 1
CELL 870.00 400.00 190.00 1
CELL 870.00 400.00 200.00 1
CELL 870.00 400.00 210.00 1
CELL 870.00 400.00 220.00 1
CELL 870.00 400.00 230.00 1
CELL 870.00 400.00 240.00 1
CELL 870.00 400.00 250.00 1
CELL 870.00 400.00 260.00 1
CELL 870.00 400.00 270.00 1
CELL 870.00 400.00 280.00 1
CELL 870.00 400.00 290.00 1
CELL 880.00 400.00 0.00 1
CELL 880.00 400.00 10.00 1
CELL 880.00 400.00 20.00 1
CELL 880.00 400.00 30.00 1
CELL 880.00 400.00 40.00 1
CELL 880.00 400.00 50.00 1
CELL 880.00 400.00 60.00 1
CELL 880.00 400.00 70.00 1
CELL 880.00 400.00 80.00 1
CELL 880.00 400.00 90.00 1
CELL 880.00 400.00 100.00 1
CELL 880.00 400.00 110.00 1
CELL 880.00 400.00 120.00 1
CELL 880.00 400.00 130.00 1
CELL 880.00 400.00 140.00 1
CELL 880.00 400.00 150.00 1
CELL 880.00 400.00 160.00 1
CELL 880.00 400.00 170.00 1
CELL 880.00 400.00 180.00 1
CELL 880.00 400.00 190.00 1
CELL 880.00 400.00 200.00 1
CELL 880.00 400.00 210.00 1
CELL 880.00 400.00 220.00 1
CELL 880.00 400.00 230.00 1
CELL 880.00 400.00 240.00 1
CELL 880.00 400.00 250.00 1
CELL 880.00 400.00 260.00 1
CELL 880.00 400.00 270.00 1
CELL 880.00 400.00 280.00 1
CELL 880.00 400.00 290.00 1
CELL 890.00 400.00 0.00 1
CELL 890.00 400.00 10.00 1
CELL 890.00 400.00 20.00 1
CELL 890.00 400.00 30.00 1
CELL 890.00 400.00 40.00 1
CELL 890.00 400.00 50.00 1
CELL 890.00 400.00 60.00 1
CELL 890.00 400.00 70.00 1
CELL 890.00 400.00 80.00 1
CELL 890.00 400.00 90.00 1
CELL 890.00 400.00 100.00 1
CELL 890.00 400.00 110.00 1
CELL 890.00 400.00 120.00 1
CELL 890.00 400.00 130.00 1
CELL 890.00 400.00 140.00 1
CELL 890.00 400.00 150.00 1
CELL 890.00 400.00 160.00 1
CELL 890.00 400.00 170.00 1
CELL 890.00 400.00 180.00 1
CELL 890.00 400.00 190.00 1
CELL 890.00 400.00 200.00 1
CELL 890.00 400.00 210.00 1
CELL 890.00 400.00 220.00 1
CELL 890.00 400.00 230.00 1
CELL 890.00 400.00 240.00 1
CELL 890.00 400.00 250.00 1
CELL 890.00 400.00 260.00 1
CELL 890.00 400.00 270.00 1
CELL 890.00 400.00 280.00 1
CELL 890.00 400.00 290.00 1
CELL 900.00 400.00 0.00 1
CELL 900.00 400.00 10.00 1
CELL 900.00 400.00 20.00 1
CELL 900.00 400.00 30.00 1
CELL 900.00 400.00 40.00 1
CELL 900.00 400.00 50.00 1
CELL 900.00 400.00 60.00 1
CELL 900.00 400.00 70.00 1
CELL 900.00 400.00 80.00 1
CELL 900.00 400.00 90.00 1
CELL 900.00 400.00 100.00 1
CELL 900.00 400.00 110.00 1
CELL 900.00 400.00 120.00 1
CELL 900.00 400.00 130.00 1
CELL 900.00 400.00 140.00 1
CELL 900.00 400.00 150.00 1
CELL 900.00 400.00 160.00 1
CELL 900.00 400.00 170.00 1
CELL 900.00 400.00 180.00 1
CELL 900.00 400.00 190.00 1
CELL 900.00 400.00 200.00 1
CELL 900.00 400.00 210.00 1
CELL 900.00 400.00 220.00 1
CELL 900.00 400.00 230.00 1
CELL 900.00 400.00 240.00 1
CELL 900.00 400.00 250.00 1
CELL 900.00 400.00 260.00 1
CELL 900.00 400.00 270.00 1
CELL 900.00 400.00 280.00 1
CELL 900.00 400.00 290.00 1
CELL 910.00 400.00 0.00 1
CELL 910.00 400.00 10.00 1
CELL 910.00 400.00 20.00 1
CELL 910.00 400.00 30.00 1
CELL 910.00 400.00 40.00 1
CELL 910.00 400.00 50.00 1
CELL 910.00 400.00 60.00 1
CELL 910.00 400.00 70.00 1
CELL 910.00 400.00 80.00 1
CELL 910.00 400.00 90.00 1
CELL 910.00 400.00 100.00 1
CELL 910.00 400.00 110.00 1
CELL 910.00 400.00 120.00 1
CELL 910.00 400.00 130.00 1
CELL 910.00 400.00 140.00 1
CELL 910.00 400.00 150.00 1
CELL 910.00 400.00 160.00 1
CELL 910.00 400.00 170.00 1
CELL 910.00 400.00 180.00 1
CELL 910.00 400.00 190.00 1
CELL 910.00 400.00 200.00 1
CELL 910.00 400.00 210.00 1
CELL 910.00 400.00 220.00 1
CELL 910.00 400.00 230.00 1
CELL 910.00 400.00 240.00 1
CELL 910.00 400.00 250.00 1
CELL 910.00 400.00 260.00 1
CELL 910.00 400.00 270.00 1
CELL 910.00 400.00 280.00 1
CELL 910.00 400.00 290.00 1
CELL 920.00 400.00 0.00 1
CELL 920.00 400.00 10.00 1
CELL 920.00 400.00 20.00 1
CELL 920.00 400.00 30.00 1
CELL 920.00 400.00 40.00 1
CELL 920.00 400.00 50.00 1
CELL 920.00 400.00 60.00 1
CELL 920.00 400.00 70.00 1
CELL 920.00 400.00 80.00 1
CELL 920.00 400.00 90.00 1
CELL 920.00 400.00 100.00 1
CELL 920.00 400.00 110.00 1
CELL 920.00 400.00 120.00 1
CELL 920.00 400.00 130.00 1
CELL 920.00 400.00 140.00 1
CELL 920.00 400.00 150.00 1
CELL 920.00 400.00 160.00 1
CELL 920.00 400.00 170.00 1
CELL 920.00 400.00 180.00 1
CELL 920.00 400.00 190.00 1
CELL 920.00 400.00 200.00 1
CELL 920.00 400.00 210.00 1
CELL 920.00 400.00 220.00 1
CELL 920.00 400.00 230.00 1
CELL 920.00 400.00 240.00 1
CELL 920.00 400.00 250.00 1
CELL 920.00 400.00 260.00 1
CELL 920.00 400.00 270.00 1
CELL 920.00 400.00 280.00 1
CELL 920.00 400.00 290.00 1
CELL 930.00 400.00 0.00 1
CELL 930.00 400.00 10.00 1
CELL 930.00 400.00 20.00 1
CELL 930.00 400.00 30.00 1
CELL 930.00 400.00 40.00 1
CELL 930.00 400.00 50.00 1
CELL 930.00 400.00 60.00 1
CELL 930.00 400.00 70.00 1
CELL 930.00 400.00 80.00 1
CELL 930.00 400.00 90.00 1
CELL 930.00 400.00 100.00 1
CELL 930.00 400.00 110.00 1
CELL 930.00 400.00 120.00 1
CELL 930.00 400.00 130.00 1
CELL 930.00 400.00 140.00 1
CELL 930.00 400.00 150.00 1
CELL 930.00 400.00 160.00 1
CELL 930.00 400.00 170.00 1
CELL 930.00 400.00 180.00 1
CELL 930.00 400.00 190.00 1
CELL 930.00 400.00 200.00 1
CELL 930.00 400.00 210.00 1
CELL 930.00 400.00 220.00 1
CELL 930.00 400.00 230.00 1
CELL 930.00 400.00 240.00 1
CELL 930.00 400.00 250.00 1
CELL 930.00 400.00 260.00 1
CELL 930.00 400.00 270.00 1
CELL 930.00 400.00 280.00 1
CELL 930.00 400.00 290.00 1
CELL 940.00 400.00 0.00 1
CELL 940.00 400.00 10.00 1
CELL 940.00 400.00 20.00 1
CELL 940.00 400.00 30.00 1
CELL 940.00 400.00 40.00 1
CELL 940.00 400.00 50.00 1
CELL 940.00 400.00 60.00 1
CELL 940.00 400.00 70.00 1
CELL 940.00 400.00 80.00 1
CELL 940.00 400.00 90.00 1
CELL 940.00 400.00 100.00 1
CELL 940.00 400.00 110.00 1
CELL 940.00 400.00 120.00 1
CELL 940.00 400.00 130.00 1
CELL 940.00 400.00 140.00 1
CELL 940.00 400.00 150.00 1
CELL 940.00 400.00 160.00 1
CELL 940.00 400.00 170.00 1
CELL 940.00 400.00 180.00 1
CELL 940.00 400.00 190.00 1
CELL 940.00 400.00 200.00 1
CELL 940.00 400.00 210.00 1
CELL 940.00 400.00 220.00 1
CELL 940.00 400.00 230.00 1
CELL 940.00 400.00 240.00 1
CELL 940.00 400.00 250.00 1
CELL 940.00 400.00 260.00 1
CELL 940.00 400.00 270.00 1
CELL 940.00 400.00 280.00 1
CELL 940.00 400.00 290.00 1
CELL 950.00 400.00 0.00 1
CELL 950.00 400.00 10.00 1
CELL 950.00 400.00 20.00 1
CELL 950.00 400.00 30.00 1
CELL 950.00 400.00 40.00 1
CELL 950.00 400.00 50.00 1
CELL 950.00 400.00 60.00 1
CELL 950.00 400.00 70.00 1
CELL 950.00 400.00 80.00 1
CELL 950.00 400.00 90.00 1
CELL 950.00 400.00 100.00 1
CELL 950.00 400.00 110.00 1
CELL 950.00 400.00 120.00 1
CELL 950.00 400.00 130.00 1
CELL 950.00 400.00 140.00 1
CELL 950.00 400.00 150.00 1
CELL 950.00 400.00 160.00 1
CELL 950.00 400.00 170.00 1
CELL 950.00 400.00 180.00 1
CELL 950.00 400.00 190.00 1
CELL 950.00 400.00 200.00 1
CELL 950.00 400.00 210.00 1
CELL 950.00 400.00 220.00 1
CELL 950.00 400.00 230.00 1
CELL 950.00 400.00 240.00 1
CELL 950.00 400.00 250.00 1
CELL 950.00 400.00 260.00 1
CELL 950.00 400.00 270.00 1
CELL 950.00 400.00 280.00 1
CELL 950.00 400.00 290.00 1
CELL 960.00 400.00 0.00 1
CELL 960.00 400.00 10.00 1
CELL 960.00 400.00 20.00 1
CELL 960.00 400.00 30.00 1
CELL 960.00 400.00 40.00 1
CELL 960.00 400.00 50.00 1
CELL 960.00 400.00 60.00 1
CELL 960.00 400.00 70.00 1
CELL 960.00 400.00 80.00 1
CELL 960.00 400.00 90.00 1
CELL 960.00 400.00 100.00 1
CELL 960.00 400.00 110.00 1
CELL 960.00 400.00 120.00 1
CELL 960.00 400.00 130.00 1
CELL 960.00 400.00 140.00 1
CELL 960.00 400.00 150.00 1
CELL 960.00 400.00 160.00 1
CELL 960.00 400.00 170.00 1
CELL 960.00 400.00 180.00 1
CELL 960.00 400.00 190.00 1
CELL 960.00 400.00 200.00 1
CELL 960.00 400.00 210.00 1
CELL 960.00 400.00 220.00 1
CELL 960.00 400.00 230.00 1
CELL 960.00 400.00 240.00 1
CELL 960.00 400.00 250.00 1
CELL 960.00 400.00 260.00 1
CELL 960.00 400.00 270.00 1
CELL 960.00 400.00 280.00 1
CELL 960.00 400.00 290.00 1
CELL 970.00 400.00 0.00 1
CELL 970.00 400.00 10.00 1
CELL 970.00 400.00 20.00 1
CELL 970.00 400.00 30.00 1
CELL 970.00 400.00 40.00 1
CELL 970.00 400.00 50.00 1
CELL 970.00 400.00 60.00 1
CELL 970.00 400.00 70.00 1
CELL 970.00 400.00 80.00 1
CELL 970.00 400.00 90.00 1
CELL 970.00 400.00 100.00 1
CELL 970.00 400.00 110.00 1
CELL 970.00 400.00 120.00 1
CELL 970.00 400.00 130.00 1
CELL 970.00 400.00 140.00 1
CELL 970.00 400.00 150.00 1
CELL 970.00 400.00 160.00 1
CELL 970.00 400.00 170.00 1
CELL 970.00 400.00 180.00 1
CELL 970.00 400.00 190.00 1
CELL 970.00 400.00 200.00 1
CELL 970.00 400.00 210.00 1
CELL 970.00 400.00 220.00 1
CELL 970.00 400.00 230.00 1
CELL 970.00 400.00 240.00 1
CELL 970.00 400.00 250.00 1
CELL 970.00 400.00 260.00 1
CELL 970.00 400.00 270.00 1
CELL 970.00 400.00 280.00 1
CELL 970.00 400.00 290.00 1
CELL 980.00 400.00 0.00 1
CELL 980.00 400.00 10.00 1
CELL 980.00 400.00 20.00 1
CELL 980.00 400.00 30.00 1
CELL 980.00 400.00 40.00 1
CELL 980.00 400.00 50.00 1
CELL 980.00 400.00 60.00 1
CELL 980.00 400.00 70.00 1
CELL 980.00 400.00 80.00 1
CELL 980.00 400.00 90.00 1
CELL 980.00 400.00 100.00 1
CELL 980.00 400.00 110.00 1
CELL 980.00 400.00 120.00 1
CELL 980.00 400.00 130.00 1
CELL 980.00 400.00 140.00 1
CELL 980.00 400.00 150.00 1
CELL 980.00 400.00 160.00 1
CELL 980.00 400.00 170.00 1
CELL 980.00 400.00 180.00 1
CELL 980.00 400.00 190.00 1
CELL 980.00 400.00 200.00 1
CELL 980.00 400.00 210.00 1
CELL 980.00 400.00 220.00 1
CELL 980.00 400.00 230.00 1
CELL 980.00 400.00 240.00 1
CELL 980.00 400.00 250.00 1
CELL 980.00 400.00 260.00 1
CELL 980.00 400.00 270.00 1
CELL 980.00 400.00 280.00 1
CELL 980.00 400.00 290.00 1
CELL 990.00 400.00 0.00 1
CELL 990.00 400.00 10.00 1
CELL 990.00 400.00 20.00 1
CELL 990.00 400.00 30.00 1
CELL 990.00 400.00 40.00 1
CELL 990.00 400.00 50.00 1
CELL 990.00 400.00 60.00 1
CELL 990.00 400.00 70.00 1
CELL 990.00 400.00 80.00 1
CELL 990.00 400.00 90.00 1
CELL 990.00 400.00 100.00 1
CELL 990.00 400.00 110.00 1
CELL 990.00 400.00 120.00 1
CELL 990.00 400.00 130.00 1
CELL 990.00 400.00 140.00 1
CELL 990.00 400.00 150.00 1
CELL 990.00 400.00 160.00 1
CELL 990.00 400.00 170.00 1
CELL 990.00 400.00 180.00 1
CELL 990.00 400.00 190.00 1
CELL 990.00 400.00 200.00 1
CELL 990.00 400.00 210.00 1
CELL 990.00 400.00 220.00 1
CELL 990.00 400.00 230.00 1
CELL 990.00 400.00 240.00 1
CELL 990.00 400.00 250.00 1
CELL 990.00 400.00 260.00 1
CELL 990.00 400.00 270.00 1
CELL 990.00 400.00 280.00 1
CELL 990.00 400.00 290.00 1
CELL 600.00 410.00 0.00 1
CELL 600.00 410.00 10.00 1
CELL 600.00 410.00 20.00 1
CELL 600.00 410.00 30.00 1
CELL 600.00 410.00 40.00 1
CELL 600.00 410.00 50.00 1
CELL 600.00 410.00 60.00 1
CELL 600.00 410.00 70.00 1
CELL 600.00 410.00 80.00 1
CELL 600.00 410.00 90.00 1
CELL 600.00 410.00 100.00 1
CELL 600.00 410.00 110.00 1
CELL 600.00 410.00 120.00 1
CELL 600.00 410.00 130.00 1
CELL 600.00 410.00 140.00 1
CELL 600.00 410.00 150.00 1
CELL 600.00 410.00 160.00 1
CELL 600.00 410.00 170.00 1
CELL 600.00 410.00 180.00 1
CELL 600.00 410.00 190.00 1
CELL 600.00 410.00 200.00 1
CELL 600.00 410.00 210.00 1
CELL 600.00 410.00 220.00 1
CELL 600.00 410.00 230.00 1
CELL 600.00 410.00 240.00 1
CELL 600.00 410.00 250.00 1
CELL 600.00 410.00 260.00 1
CELL 600.00 410.00 270.00 1
CELL 600.00 410.00 280.00 1
CELL 600.00 410.00 290.00 1
CELL 600.00 420.00 0.00 1
CELL 600.00 420.00 10.00 1
CELL 600.00 420.00 20.00 1
CELL 600.00 420.00 30.00 1
CELL 600.00 420.00 40.00 1
CELL 600.00 420.00 50.00 1
CELL 600.00 420.00 60.00 1
CELL 600.00 420.00 70.00 1
CELL 600.00 420.00 80.00 1
CELL 600.00 420.00 90.00 1
CELL 600.00 420.00 100.00 1
CELL 600.00 420.00 110.00 1
CELL 600.00 420.00 120.00 1
CELL 600.00 420.00 130.00 1
CELL 600.00 420.00 140.00 1
CELL 600.00 420.00 150.00 1
CELL 600.00 420.00 160.00 1
CELL 600.00 420.00 170.00 1
CELL 600.00 420.00 180.00 1
CELL 600.00 420.00 190.00 1
CELL 600.00 420.00 200.00 1
CELL 600.00 420.00 210.00 1
CELL 600.00 420.00 220.00 1
CELL 600.00 420.00 230.00 1
CELL 600.00 420.00 240.00 1
CELL 600.00 420.00 250.00 1
CELL 600.00 420.00 260.00 1
CELL 600.00 420.00 270.00 1
CELL 600.00 420.00 280.00 1
CELL 600.00 420.00 290.00 1
CELL 600.00 430.00 0.00 1
CELL 600.00 430.00 10.00 1
CELL 600.00 430.00 20.00 1
CELL 600.00 430.00 30.00 1
CELL 600.00 430.00 40.00 1
CELL 600.00 430.00 50.00 1
CELL 600.00 430.00 60.00 1
CELL 600.00 430.00 70.00 1
CELL 600.00 430.00 80.00 1
CELL 600.00 430.00 90.00 1
CELL 600.00 430.00 100.00 1
CELL 600.00 430.00 110.00 1
CELL 600.00 430.00 120.00 1
CELL 600.00 430.00 130.00 1
CELL 600.00 430.00 140.00 1
CELL 600.00 430.00 150.00 1
CELL 600.00 430.00 160.00 1
CELL 600.00 430.00 170.00 1
CELL 600.00 430.00 180.00 1
CELL 600.00 430.00 190.00 1
CELL 600.00 430.00 200.00 1
CELL 600.00 430.00 210.00 1
CELL 600.00 430.00 220.00 1
CELL 600.00 430.00 230.00 1
CELL 600.00 430.00 240.00 1
CELL 600.00 430.00 250.00 1
CELL 600.00 430.00 260.00 1
CELL 600.00 430.00 270.00 1
CELL 600.00 430.00 280.00 1
CELL 600.00 430.00 290.00 1
CELL 600.00 440.00 0.00 1
CELL 600.00 440.00 10.00 1
CELL 600.00 440.00 20.00 1
CELL 600.00 440.00 30.00 1
CELL 600.00 440.00 40.00 1
CELL 600.00 440.00 50.00 1
CELL 600.00 440.00 60.00 1
CELL 600.00 440.00 70.00 1
CELL 600.00 440.00 80.00 1
CELL 600.00 440.00 90.00 1
CELL 600.00 440.00 100.00 1
CELL 600.00 440.00 110.00 1
CELL 600.00 440.00 120.00 1
CELL 600.00 440.00 130.00 1
CELL 600.00 440.00 140.00 1
CELL 600.00 440.00 150.00 1
CELL 600.00 440.00 160.00 1
CELL 600.00 440.00 170.00 1
CELL 600.00 440.00 180.00 1
CELL 600.00 440.00 190.00 1
CELL 600.00 440.00 200.00 1
CELL 600.00 440.00 210.00 1
CELL 600.00 440.00 220.00 1
CELL 600.00 440.00 230.00 1
CELL 600.00 440.00 240.00 1
CELL 600.00 440.00 250.00 1
CELL 600.00 440.00 260.00 1
CELL 600.00 440.00 270.00 1
CELL 600.00 440.00 280.00 1
CELL 600.00 440.00 290.00 1
CELL 600.00 450.00 0.00 1
CELL 600.00 450.00 10.00 1
CELL 600.00 450.00 20.00 1
CELL 600.00 450.00 30.00 1
CELL 600.00 450.00 40.00 1
CELL 600.00 450.00 50.00 1
CELL 600.00 450.00 60.00 1
CELL 600.00 450.00 70.00 1
CELL 600.00 450.00 80.00 1
CELL 600.00 450.00 90.00 1
CELL 600.00 450.00 100.00 1
CELL 600.00 450.00 110.00 1
CELL 600.00 450.00 120.00 1
CELL 600.00 450.00 130.00 1
CELL 600.00 450.00 140.00 1
CELL 600.00 450.00 150.00 1
CELL 600.00 450.00 160.00 1
CELL 600.00 450.00 170.00 1
CELL 600.00 450.00 180.00 1
CELL 600.00 450.00 190.00 1
CELL 600.00 450.00 200.00 1
CELL 600.00 450.00 210.00 1
CELL 600.00 450.00 220.00 1
CELL 600.00 450.00 230.00 1
CELL 600.00 450.00 240.00 1
CELL 600.00 450.00 250.00 1
CELL 600.00 450.00 260.00 1
CELL 600.00 450.00 270.00 1
CELL 600.00 450.00 280.00 1
CELL 600.00 450.00 290.00 1
CELL 600.00 460.00 0.00 1
CELL 600.00 460.00 10.00 1
CELL 600.00 460.00 20.00 1
CELL 600.00 460.00 30.00 1
CELL 600.00 460.00 40.00 1
CELL 600.00 460.00 50.00 1
CELL 600.00 460.00 60.00 1
CELL 600.00 460.00 70.00 1
CELL 600.00 460.00 80.00 1
CELL 600.00 460.00 90.00 1
CELL 600.00 460.00 100.00 1
CELL 600.00 460.00 110.00 1
CELL 600.00 460.00 120.00 1
CELL 600.00 460.00 130.00 1
CELL 600.00 460.00 140.00 1
CELL 600.00 460.00 150.00 1
CELL 600.00 460.00 160.00 1
CELL 600.00 460.00 170.00 1
CELL 600.00 460.00 180.00 1
CELL 600.00 460.00 190.00 1
CELL 600.00 460.00 200.00 1
CELL 600.00 460.00 210.00 1
CELL 600.00 460.00 220.00 1
CELL 600.00 460.00 230.00 1
CELL 600.00 460.00 240.00 1
CELL 600.00 460.00 250.00 1
CELL 600.00 460.00 260.00 1
CELL 600.00 460.00 270.00 1
CELL 600.00 460.00 280.00 1
CELL 600.00 460.00 290.00 1
CELL 600.00 470.00 0.00 1
CELL 600.00 470.00 10.00 1
CELL 600.00 470.00 20.00 1
CELL 600.00 470.00 30.00 1
CELL 600.00 470.00 40.00 1
CELL 600.00 470.00 50.00 1
CELL 600.00 470.00 60.00 1
CELL 600.00 470.00 70.00 1
CELL 600.00 470.00 80.00 1
CELL 600.00 470.00 90.00 1
CELL 600.00 470.00 100.00 1
CELL 600.00 470.00 110.00 1
CELL 600.00 470.00 120.00 1
CELL 600.00 470.00 130.00 1
CELL 600.00 470.00 140.00 1
CELL 600.00 470.00 150.00 1
CELL 600.00 470.00 160.00 1
CELL 600.00 470.00 170.00 1
CELL 600.00 470.00 180.00 1
CELL 600.00 470.00 190.00 1
CELL 600.00 470.00 200.00 1
CELL 600.00 470.00 210.00 1
CELL 600.00 470.00 220.00 1
CELL 600.00 470.00 230.00 1
CELL 600.00 470.00 240.00 1
CELL 600.00 470.00 250.00 1
CELL 600.00 470.00 260.00 1
CELL 600.00 470.00 270.00 1
CELL 600.00 470.00 280.00 1
CELL 600.00 470.00 290.00 1
CELL 600.00 480.00 0.00 1
CELL 600.00 480.00 10.00 1
CELL 600.00 480.00 20.00 1
CELL 600.00 480.00 30.00 1
CELL 600.00 480.00 40.00 1
CELL 600.00 480.00 50.00 1
CELL 600.00 480.00 60.00 1
CELL 600.00 480.00 70.00 1
CELL 600.00 480.00 80.00 1
CELL 600.00 480.00 90.00 1
CELL 600.00 480.00 100.00 1
CELL 600.00 480.00 110.00 1
CELL 600.00 480.00 120.00 1
CELL 600.00 480.00 130.00 1
CELL 600.00 480.00 140.00 1
CELL 600.00 480.00 150.00 1
CELL 600.00 480.00 160.00 1
CELL 600.00 480.00 170.00 1
CELL 600.00 480.00 180.00 1
CELL 600.00 480.00 190.00 1
CELL 600.00 480.00 200.00 1
CELL 600.00 480.00 210.00 1
CELL 600.00 480.00 220.00 1
CELL 600.00 480.00 230.00 1
CELL 600.00 480.00 240.00 1
CELL 600.00 480.00 250.00 1
CELL 600.00 480.00 260.00 1
CELL 600.00 480.00 270.00 1
CELL 600.00 480.00 280.00 1
CELL 600.00 480.00 290.00 1
CELL 600.00 490.00 0.00 1
CELL 600.00 490.00 10.00 1
CELL 600.00 490.00 20.00 1
CELL 600.00 490.00 30.00 1
CELL 600.00 490.00 40.00 1
CELL 600.00 490.00 50.00 1
CELL 600.00 490.00 60.00 1
CELL 600.00 490.00 70.00 1
CELL 600.00 490.00 80.00 1
CELL 600.00 490.00 90.00 1
CELL 600.00 490.00 100.00 1
CELL 600.00 490.00 110.00 1
CELL 600.00 490.00 120.00 1
CELL 600.00 490.00 130.00 1
CELL 600.00 490.00 140.00 1
CELL 600.00 490.00 150.00 1
CELL 600.00 490.00 160.00 1
CELL 600.00 490.00 170.00 1
CELL 600.00 490.00 180.00 1
CELL 600.00 490.00 190.00 1
CELL 600.00 490.00 200.00 1
CELL 600.00 490.00 210.00 1
CELL 600.00 490.00 220.00 1
CELL 600.00 490.00 230.00 1
CELL 600.00 490.00 240.00 1
CELL 600.00 490.00 250.00 1
CELL 600.00 490.00 260.00 1
CELL 600.00 490.00 270.00 1
CELL 600.00 490.00 280.00 1
CELL 600.00 490.00 290.00 1
CELL 600.00 500.00 0.00 1
CELL 600.00 500.00 10.00 1
CELL 600.00 500.00 20.00 1
CELL 600.00 500.00 30.00 1
CELL 600.00 500.00 40.00 1
CELL 600.00 500.00 50.00 1
CELL 600.00 500.00 60.00 1
CELL 600.00 500.00 70.00 1
CELL 600.00 500.00 80.00 1
CELL 600.00 500.00 90.00 1
CELL 600.00 500.00 100.00 1
CELL 600.00 500.00 110.00 1
CELL 600.00 500.00 120.00 1
CELL 600.00 500.00 130.00 1
CELL 600.00 500.00 140.00 1
CELL 600.00 500.00 150.00 1
CELL 600.00 500.00 160.00 1
CELL 600.00 500.00 170.00 1
CELL 600.00 500.00 180.00 1
CELL 600.00 500.00 190.00 1
CELL 600.00 500.00 200.00 1
CELL 600.00 500.00 210.00 1
CELL 600.00 500.00 220.00 1
CELL 600.00 500.00 230.00 1
CELL 600.00 500.00 240.00 1
CELL 600.00 500.00 250.00 1
CELL 600.00 500.00 260.00 1
CELL 600.00 500.00 270.00 1
CELL 600.00 500.00 280.00 1
CELL 600.00 500.00 290.00 1
CELL 600.00 510.00 0.00 1
CELL 600.00 510.00 10.00 1
CELL 600.00 510.00 20.00 1
CELL 600.00 510.00 30.00 1
CELL 600.00 510.00 40.00 1
CELL 600.00 510.00 50.00 1
CELL 600.00 510.00 60.00 1
CELL 600.00 510.00 70.00 1
CELL 600.00 510.00 80.00 1
CELL 600.00 510.00 90.00 1
CELL 600.00 510.00 100.00 1
CELL 600.00 510.00 110.00 1
CELL 600.00 510.00 120.00 1
CELL 600.00 510.00 130.00 1
CELL 600.00 510.00 140.00 1
CELL 600.00 510.00 150.00 1
CELL 600.00 510.00 160.00 1
CELL 600.00 510.00 170.00 1
CELL 600.00 510.00 180.00 1
CELL 600.00 510.00 190.00 1
CELL 600.00 510.00 200.00 1
CELL 600.00 510.00 210.00 1
CELL 600.00 510.00 220.00 1
CELL 600.00 510.00 230.00 1
CELL 600.00 510.00 240.00 1
CELL 600.00 510.00 250.00 1
CELL 600.00 510.00 260.00 1
CELL 600.00 510.00 270.00 1
CELL 600.00 510.00 280.00 1
CELL 600.00 510.00 290.00 1
CELL 600.00 520.00 0.00 1
CELL 600.00 520.00 10.00 1
CELL 600.00 520.00 20.00 1
CELL 600.00 520.00 30.00 1
CELL 600.00 520.00 40.00 1
CELL 600.00 520.00 50.00 1
CELL 600.00 520.00 60.00 1
CELL 600.00 520.00 70.00 1
CELL 600.00 520.00 80.00 1
CELL 600.00 520.00 90.00 1
CELL 600.00 520.00 100.00 1
CELL 600.00 520.00 110.00 1
CELL 600.00 520.00 120.00 1
CELL 600.00 520.00 130.00 1
CELL 600.00 520.00 140.00 1
CELL 600.00 520.00 150.00 1
CELL 600.00 520.00 160.00 1
CELL 600.00 520.00 170.00 1
CELL 600.00 520.00 180.00 1
CELL 600.00 520.00 190.00 1
CELL 600.00 520.00 200.00 1
CELL 600.00 520.00 210.00 1
CELL 600.00 520.00 220.00 1
CELL 600.00 520.00 230.00 1
CELL 600.00 520.00 240.00 1
CELL 600.00 520.00 250.00 1
CELL 600.00 520.00 260.00 1
CELL 600.00 520.00 270.00 1
CELL 600.00 520.00 280.00 1
CELL 600.00 520.00 290.00 1
CELL 600.00 530.00 0.00 1
CELL 600.00 530.00 10.00 1
CELL 600.00 530.00 20.00 1
CELL 600.00 530.00 30.00 1
CELL 600.00 530.00 40.00 1
CELL 600.00 530.00 50.00 1
CELL 600.00 530.00 60.00 1
CELL 600.00 530.00 70.00 1
CELL 600.00 530.00 80.00 1
CELL 600.00 530.00 90.00 1
CELL 600.00 530.00 100.00 1
CELL 600.00 530.00 110.00 1
CELL 600.00 530.00 120.00 1
CELL 600.00 530.00 130.00 1
CELL 600.00 530.00 140.00 1
CELL 600.00 530.00 150.00 1
CELL 600.00 530.00 160.00 1
CELL 600.00 530.00 170.00 1
CELL 600.00 530.00 180.00 1
CELL 600.00 530.00 190.00 1
CELL 600.00 530.00 200.00 1
CELL 600.00 530.00 210.00 1
CELL 600.00 530.00 220.00 1
CELL 600.00 530.00 230.00 1
CELL 600.00 530.00 240.00 1
CELL 600.00 530.00 250.00 1
CELL 600.00 530.00 260.00 1
CELL 600.00 530.00 270.00 1
CELL 600.00 530.00 280.00 1
CELL 600.00 530.00 290.00 1
CELL 600.00 540.00 0.00 1
CELL 600.00 540.00 10.00 1
CELL 600.00 540.00 20.00 1
CELL 600.00 540.00 30.00 1
CELL 600.00 540.00 40.00 1
CELL 600.00 540.00 50.00 1
CELL 600.00 540.00 60.00 1
CELL 600.00 540.00 70.00 1
CELL 600.00 540.00 80.00 1
CELL 600.00 540.00 90.00 1
CELL 600.00 540.00 100.00 1
CELL 600.00 540.00 110.00 1
CELL 600.00 540.00 120.00 1
CELL 600.00 540.00 130.00 1
CELL 600.00 540.00 140.00 1
CELL 600.00 540.00 150.00 1
CELL 600.00 540.00 160.00 1
CELL 600.00 540.00 170.00 1
CELL 600.00 540.00 180.00 1
CELL 600.00 540.00 190.00 1
CELL 600.00 540.00 200.00 1
CELL 600.00 540.00 210.00 1
CELL 600.00 540.00 220.00 1
CELL 600.00 540.00 230.00 1
CELL 600.00 540.00 240.00 1
CELL 600.00 540.00 250.00 1
CELL 600.00 540.00 260.00 1
CELL 600.00 540.00 270.00 1
CELL 600.00 540.00 280.00 1
CELL 600.00 540.00 290.00 1
CELL 600.00 550.00 0.00 1
CELL 600.00 550.00 10.00 1
CELL 600.00 550.00 20.00 1
CELL 600.00 550.00 30.00 1
CELL 600.00 550.00 40.00 1
CELL 600.00 550.00 50.00 1
CELL 600.00 550.00 60.00 1
CELL 600.00 550.00 70.00 1
CELL 600.00 550.00 80.00 1
CELL 600.00 550.00 90.00 1
CELL 600.00 550.00 100.00 1
CELL 600.00 550.00 110.00 1
CELL 600.00 550.00 120.00 1
CELL 600.00 550.00 130.00 1
CELL 600.00 550.00 140.00 1
CELL 600.00 550.00 150.00 1
CELL 600.00 550.00 160.00 1
CELL 600.00 550.00 170.00 1
CELL 600.00 550.00 180.00 1
CELL 600.00 550.00 190.00 1
CELL 600.00 550.00 200.00 1
CELL 600.00 550.00 210.00 1
CELL 600.00 550.00 220.00 1
CELL 600.00 550.00 230.00 1
CELL 600.00 550.00 240.00 1
CELL 600.00 550.00 250.00 1
CELL 600.00 550.00 260.00 1
CELL 600.00 550.00 270.00 1
CELL 600.00 550.00 280.00 1
CELL 600.00 550.00 290.00 1
CELL 600.00 560.00 0.00 1
CELL 600.00 560.00 10.00 1
CELL 600.00 560.00 20.00 1
CELL 600.00 560.00 30.00 1
CELL 600.00 560.00 40.00 1
CELL 600.00 560.00 50.00 1
CELL 600.00 560.00 60.00 1
CELL 600.00 560.00 70.00 1
CELL 600.00 560.00 80.00 1
CELL 600.00 560.00 90.00 1
CELL 600.00 560.00 100.00 1
CELL 600.00 560.00 110.00 1
CELL 600.00 560.00 120.00 1
CELL 600.00 560.00 130.00 1
CELL 600.00 560.00 140.00 1
CELL 600.00 560.00 150.00 1
CELL 600.00 560.00 160.00 1
CELL 600.00 560.00 170.00 1
CELL 600.00 560.00 180.00 1
CELL 600.00 560.00 190.00 1
CELL 600.00 560.00 200.00 1
CELL 600.00 560.00 210.00 1
CELL 600.00 560.00 220.00 1
CELL 600.00 560.00 230.00 1
CELL 600.00 560.00 240.00 1
CELL 600.00 560.00 250.00 1
CELL 600.00 560.00 260.00 1
CELL 600.00 560.00 270.00 1
CELL 600.00 560.00 280.00 1
CELL 600.00 560.00 290.00 1
CELL 600.00 570.00 0.00 1
CELL 600.00 570.00 10.00 1
CELL 600.00 570.00 20.00 1
CELL 600.00 570.00 30.00 1
CELL 600.00 570.00 40.00 1
CELL 600.00 570.00 50.00 1
CELL 600.00 570.00 60.00 1
CELL 600.00 570.00 70.00 1
CELL 600.00 570.00 80.00 1
CELL 600.00 570.00 90.00 1
CELL 600.00 570.00 100.00 1
CELL 600.00 570.00 110.00 1
CELL 600.00 570.00 120.00 1
CELL 600.00 570.00 130.00 1
CELL 600.00 570.00 140.00 1
CELL 600.00 570.00 150.00 1
CELL 600.00 570.00 160.00 1
CELL 600.00 570.00 170.00 1
CELL 600.00 570.00 180.00 1
CELL 600.00 570.00 190.00 1
CELL 600.00 570.00 200.00 1
CELL 600.00 570.00 210.00 1
CELL 600.00 570.00 220.00 1
CELL 600.00 570.00 230.00 1
CELL 600.00 570.00 240.00 1
CELL 600.00 570.00 250.00 1
CELL 600.00 570.00 260.00 1
CELL 600.00 570.00 270.00 1
CELL 600.00 570.00 280.00 1
CELL 600.00 570.00 290.00 1
CELL 600.00 580.00 0.00 1
CELL 600.00 580.00 10.00 1
CELL 600.00 580.00 20.00 1
CELL 600.00 580.00 30.00 1
CELL 600.00 580.00 40.00 1
CELL 600.00 580.00 50.00 1
CELL 600.00 580.00 60.00 1
CELL 600.00 580.00 70.00 1
CELL 600.00 580.00 80.00 1
CELL 600.00 580.00 90.00 1
CELL 600.00 580.00 100.00 1
CELL 600.00 580.00 110.00 1
CELL 600.00 580.00 120.00 1
CELL 600.00 580.00 130.00 1
CELL 600.00 580.00 140.00 1
CELL 600.00 580.00 150.00 1
CELL 600.00 580.00 160.00 1
CELL 600.00 580.00 170.00 1
CELL 600.00 580.00 180.00 1
CELL 600.00 580.00 190.00 1
CELL 600.00 580.00 200.00 1
CELL 600.00 580.00 210.00 1
CELL 600.00 580.00 220.00 1
CELL 600.00 580.00 230.00 1
CELL 600.00 580.00 240.00 1
CELL 600.00 580.00 250.00 1
CELL 600.00 580.00 260.00 1
CELL 600.00 580.00 270.00 1
CELL 600.00 580.00 280.00 1
CELL 600.00 580.00 290.00 1
CELL 600.00 590.00 0.00 1
CELL 600.00 590.00 10.00 1
CELL 600.00 590.00 20.00 1
CELL 600.00 590.00 30.00 1
CELL 600.00 590.00 40.00 1
CELL 600.00 590.00 50.00 1
CELL 600.00 590.00 60.00 1
CELL 600.00 590.00 70.00 1
CELL 600.00 590.00 80.00 1
CELL 600.00 590.00 90.00 1
CELL 600.00 590.00 100.00 1
CELL 600.00 590.00 110.00 1
CELL 600.00 590.00 120.00 1
CELL 600.00 590.00 130.00 1
CELL 600.00 590.00 140.00 1
CELL 600.00 590.00 150.00 1
CELL 600.00 590.00 160.00 1
CELL 600.00 590.00 170.00 1
CELL 600.00 590.00 180.00 1
CELL 600.00 590.00 190.00 1
CELL 600.00 590.00 200.00 1
CELL 600.00 590.00 210.00 1
CELL 600.00 590.00 220.00 1
CELL 600.00 590.00 230.00 1
CELL 600.00 590.00 240.00 1
CELL 600.00 590.00 250.00 1
CELL 600.00 590.00 260.00 1
CELL 600.00 590.00 270.00 1
CELL 600.00 590.00 280.00 1
CELL 600.00 590.00 290.00 1
CELL 600.00 600.00 0.00 1
CELL 600.00 600.00 10.00 1
CELL 600.00 600.00 20.00 1
CELL 600.00 600.00 30.00 1
CELL 600.00 600.00 40.00 1
CELL 600.00 600.00 50.00 1
CELL 600.00 600.00 60.00 1
CELL 600.00 600.00 70.00 1
CELL 600.00 600.00 80.00 1
CELL 600.00 600.00 90.00 1
CELL 600.00 600.00 100.00 1
CELL 600.00 600.00 110.00 1
CELL 600.00 600.00 120.00 1
CELL 600.00 600.00 130.00 1
CELL 600.00 600.00 140.00 1
CELL 600.00 600.00 150.00 1
CELL 600.00 600.00 160.00 1
CELL 600.00 600.00 170.00 1
CELL 600.00 600.00 180.00 1
CELL 600.00 600.00 190.00 1
CELL 600.00 600.00 200.00 1
CELL 600.00 600.00 210.00 1
CELL 600.00 600.00 220.00 1
CELL 600.00 600.00 230.00 1
CELL 600.00 600.00 240.00 1
CELL 600.00 600.00 250.00 1
CELL 600.00 600.00 260.00 1
CELL 600.00 600.00 270.00 1
CELL 600.00 600.00 280.00 1
CELL 600.00 600.00 290.00 1
CELL 600.00 610.00 0.00 1
CELL 600.00 610.00 10.00 1
CELL 600.00 610.00 20.00 1
CELL 600.00 610.00 30.00 1
CELL 600.00 610.00 40.00 1
CELL 600.00 610.00 50.00 1
CELL 600.00 610.00 60.00 1
CELL 600.00 610.00 70.00 1
CELL 600.00 610.00 80.00 1
CELL 600.00 610.00 90.00 1
CELL 600.00 610.00 100.00 1
CELL 600.00 610.00 110.00 1
CELL 600.00 610.00 120.00 1
CELL 600.00 610.00 130.00 1
CELL 600.00 610.00 140.00 1
CELL 600.00 610.00 150.00 1
CELL 600.00 610.00 160.00 1
CELL 600.00 610.00 170.00 1
CELL 600.00 610.00 180.00 1
CELL 600.00 610.00 190.00 1
CELL 600.00 610.00 200.00 1
CELL 600.00 610.00 210.00 1
CELL 600.00 610.00 220.00 1
CELL 600.00 610.00 230.00 1
CELL 600.00 610.00 240.00 1
CELL 600.00 610.00 250.00 1
CELL 600.00 610.00 260.00 1
CELL 600.00 610.00 270.00 1
CELL 600.00 610.00 280.00 1
CELL 600.00 610.00 290.00 1
CELL 600.00 620.00 0.00 1
CELL 600.00 620.00 10.00 1
CELL 600.00 620.00 20.00 1
CELL 600.00 620.00 30.00 1
CELL 600.00 620.00 40.00 1
CELL 600.00 620.00 50.00 1
CELL 600.00 620.00 60.00 1
CELL 600.00 620.00 70.00 1
CELL 600.00 620.00 80.00 1
CELL 600.00 620.00 90.00 1
CELL 600.00 620.00 100.00 1
CELL 600.00 620.00 110.00 1
CELL 600.00 620.00 120.00 1
CELL 600.00 620.00 130.00 1
CELL 600.00 620.00 140.00 1
CELL 600.00 620.00 150.00 1
CELL 600.00 620.00 160.00 1
CELL 600.00 620.00 170.00 1
CELL 600.00 620.00 180.00 1
CELL 600.00 620.00 190.00 1
CELL 600.00 620.00 200.00 1
CELL 600.00 620.00 210.00 1
CELL 600.00 620.00 220.00 1
CELL 600.00 620.00 230.00 1
CELL 600.00 620.00 240.00 1
CELL 600.00 620.00 250.00 1
CELL 600.00 620.00 260.00 1
CELL 600.00 620.00 270.00 1
CELL 600.00 620.00 280.00 1
CELL 600.00 620.00 290.00 1
CELL 600.00 630.00 0.00 1
CELL 600.00 630.00 10.00 1
CELL 600.00 630.00 20.00 1
CELL 600.00 630.00 30.00 1
CELL 600.00 630.00 40.00 1
CELL 600.00 630.00 50.00 1
CELL 600.00 630.00 60.00 1
CELL 600.00 630.00 70.00 1
CELL 600.00 630.00 80.00 1
CELL 600.00 630.00 90.00 1
CELL 600.00 630.00 100.00 1
CELL 600.00 630.00 110.00 1
CELL 600.00 630.00 120.00 1
CELL 600.00 630.00 130.00 1
CELL 600.00 630.00 140.00 1
CELL 600.00 630.00 150.00 1
CELL 600.00 630.00 160.00 1
CELL 600.00 630.00 170.00 1
CELL 600.00 630.00 180.00 1
CELL 600.00 630.00 190.00 1
CELL 600.00 630.00 200.00 1
CELL 600.00 630.00 210.00 1
CELL 600.00 630.00 220.00 1
CELL 600.00 630.00 230.00 1
CELL 600.00 630.00 240.00 1
CELL 600.00 630.00 250.00 1
CELL 600.00 630.00 260.00 1
CELL 600.00 630.00 270.00 1
CELL 600.00 630.00 280.00 1
CELL 600.00 630.00 290.00 1
CELL 600.00 640.00 0.00 1
CELL 600.00 640.00 10.00 1
CELL 600.00 640.00 20.00 1
CELL 600.00 640.00 30.00 1
CELL 600.00 640.00 40.00 1
CELL 600.00 640.00 50.00 1
CELL 600.00 640.00 60.00 1
CELL 600.00 640.00 70.00 1
CELL 600.00 640.00 80.00 1
CELL 600.00 640.00 90.00 1
CELL 600.00 640.00 100.00 1
CELL 600.00 640.00 110.00 1
CELL 600.00 640.00 120.00 1
CELL 600.00 640.00 130.00 1
CELL 600.00 640.00 140.00 1
CELL 600.00 640.00 150.00 1
CELL 600.00 640.00 160.00 1
CELL 600.00 640.00 170.00 1
CELL 600.00 640.00 180.00 1
CELL 600.00 640.00 190.00 1
CELL 600.00 640.00 200.00 1
CELL 600.00 640.00 210.00 1
CELL 600.00 640.00 220.00 1
CELL 600.00 640.00 230.00 1
CELL 600.00 640.00 240.00 1
CELL 600.00 640.00 250.00 1
CELL 600.00 640.00 260.00 1
CELL 600.00 640.00 270.00 1
CELL 600.00 640.00 280.00 1
CELL 600.00 640.00 290.00 1
CELL 600.00 650.00 0.00 1
CELL 600.00 650.00 10.00 1
CELL 600.00 650.00 20.00 1
CELL 600.00 650.00 30.00 1
CELL 600.00 650.00 40.00 1
CELL 600.00 650.00 50.00 1
CELL 600.00 650.00 60.00 1
CELL 600.00 650.00 70.00 1
CELL 600.00 650.00 80.00 1
CELL 600.00 650.00 90.00 1
CELL 600.00 650.00 100.00 1
CELL 600.00 650.00 110.00 1
CELL 600.00 650.00 120.00 1
CELL 600.00 650.00 130.00 1
CELL 600.00 650.00 140.00 1
CELL 600.00 650.00 150.00 1
CELL 600.00 650.00 160.00 1
CELL 600.00 650.00 170.00 1
CELL 600.00 650.00 180.00 1
CELL 600.00 650.00 190.00 1
CELL 600.00 650.00 200.00 1
CELL 600.00 650.00 210.00 1
CELL 600.00 650.00 220.00 1
CELL 600.00 650.00 230.00 1
CELL 600.00 650.00 240.00 1
CELL 600.00 650.00 250.00 1
CELL 600.00 650.00 260.00 1
CELL 600.00 650.00 270.00 1
CELL 600.00 650.00 280.00 1
CELL 600.00 650.00 290.00 1
CELL 600.00 660.00 0.00 1
CELL 600.00 660.00 10.00 1
CELL 600.00 660.00 20.00 1
CELL 600.00 660.00 30.00 1
CELL 600.00 660.00 40.00 1
CELL 600.00 660.00 50.00 1
CELL 600.00 660.00 60.00 1
CELL 600.00 660.00 70.00 1
CELL 600.00 660.00 80.00 1
CELL 600.00 660.00 90.00 1
CELL 600.00 660.00 100.00 1
CELL 600.00 660.00 110.00 1
CELL 600.00 660.00 120.00 1
CELL 600.00 660.00 130.00 1
CELL 600.00 660.00 140.00 1
CELL 600.00 660.00 150.00 1
CELL 600.00 660.00 160.00 1
CELL 600.00 660.00 170.00 1
CELL 600.00 660.00 180.00 1
CELL 600.00 660.00 190.00 1
CELL 600.00 660.00 200.00 1
CELL 600.00 660.00 210.00 1
CELL 600.00 660.00 220.00 1
CELL 600.00 660.00 230.00 1
CELL 600.00 660.00 240.00 1
CELL 600.00 660.00 250.00 1
CELL 600.00 660.00 260.00 1
CELL 600.00 660.00 270.00 1
CELL 600.00 660.00 280.00 1
CELL 600.00 660.00 290.00 1
CELL 600.00 670.00 0.00 1
CELL 600.00 670.00 10.00 1
CELL 600.00 670.00 20.00 1
CELL 600.00 670.00 30.00 1
CELL 600.00 670.00 40.00 1
CELL 600.00 670.00 50.00 1
CELL 600.00 670.00 60.00 1
CELL 600.00 670.00 70.00 1
CELL 600.00 670.00 80.00 1
CELL 600.00 670.00 90.00 1
CELL 600.00 670.00 100.00 1
CELL 600.00 670.00 110.00 1
CELL 600.00 670.00 120.00 1
CELL 600.00 670.00 130.00 1
CELL 600.00 670.00 140.00 1
CELL 600.00 670.00 150.00 1
CELL 600.00 670.00 160.00 1
CELL 600.00 670.00 170.00 1
CELL 600.00 670.00 180.00 1
CELL 600.00 670.00 190.00 1
CELL 600.00 670.00 200.00 1
CELL 600.00 670.00 210.00 1
CELL 600.00 670.00 220.00 1
CELL 600.00 670.00 230.00 1
CELL 600.00 670.00 240.00 1
CELL 600.00 670.00 250.00 1
CELL 600.00 670.00 260.00 1
CELL 600.00 670.00 270.00 1
CELL 600.00 670.00 280.00 1
CELL 600.00 670.00 290.00 1
CELL 600.00 680.00 0.00 1
CELL 600.00 680.00 10.00 1
CELL 600.00 680.00 20.00 1
CELL 600.00 680.00 30.00 1
CELL 600.00 680.00 40.00 1
CELL 600.00 680.00 50.00 1
CELL 600.00 680.00 60.00 1
CELL 600.00 680.00 70.00 1
CELL 600.00 680.00 80.00 1
CELL 600.00 680.00 90.00 1
CELL 600.00 680.00 100.00 1
CELL 600.00 680.00 110.00 1
CELL 600.00 680.00 120.00 1
CELL 600.00 680.00 130.00 1
CELL 600.00 680.00 140.00 1
CELL 600.00 680.00 150.00 1
CELL 600.00 680.00 160.00 1
CELL 600.00 680.00 170.00 1
CELL 600.00 680.00 180.00 1
CELL 600.00 680.00 190.00 1
CELL 600.00 680.00 200.00 1
CELL 600.00 680.00 210.00 1
CELL 600.00 680.00 220.00 1
CELL 600.00 680.00 230.00 1
CELL 600.00 680.00 240.00 1
CELL 600.00 680.00 250.00 1
CELL 600.00 680.00 260.00 1
CELL 600.00 680.00 270.00 1
CELL 600.00 680.00 280.00 1
CELL 600.00 680.00 290.00 1
CELL 600.00 690.00 0.00 1
CELL 600.00 690.00 10.00 1
CELL 600.00 690.00 20.00 1
CELL 600.00 690.00 30.00 1
CELL 600.00 690.00 40.00 1
CELL 600.00 690.00 50.00 1
CELL 600.00 690.00 60.00 1
CELL 600.00 690.00 70.00 1
CELL 600.00 690.00 80.00 1
CELL 600.00 690.00 90.00 1
CELL 600.00 690.00 100.00 1
CELL 600.00 690.00 110.00 1
CELL 600.00 690.00 120.00 1
CELL 600.00 690.00 130.00 1
CELL 600.00 690.00 140.00 1
CELL 600.00 690.00 150.00 1
CELL 600.00 690.00 160.00 1
CELL 600.00 690.00 170.00 1
CELL 600.00 690.00 180.00 1
CELL 600.00 690.00 190.00 1
CELL 600.00 690.00 200.00 1
CELL 600.00 690.00 210.00 1
CELL 600.00 690.00 220.00 1
CELL 600.00 690.00 230.00 1
CELL 600.00 690.00 240.00 1
CELL 600.00 690.00 250.00 1
CELL 600.00 690.00 260.00 1
CELL 600.00 690.00 270.00 1
CELL 600.00 690.00 280.00 1
CELL 600.00 690.00 290.00 1
CELL 600.00 700.00 0.00 1
CELL 600.00 700.00 10.00 1
CELL 600.00 700.00 20.00 1
CELL 600.00 700.00 30.00 1
CELL 600.00 700.00 40.00 1
CELL 600.00 700.00 50.00 1
CELL 600.00 700.00 60.00 1
CELL 600.00 700.00 70.00 1
CELL 600.00 700.00 80.00 1
CELL 600.00 700.00 90.00 1
CELL 600.00 700.00 100.00 1
CELL 600.00 700.00 110.00 1
CELL 600.00 700.00 120.00 1
CELL 600.00 700.00 130.00 1
CELL 600.00 700.00 140.00 1
CELL 600.00 700.00 150.00 1
CELL 600.00 700.00 160.00 1
CELL 600.00 700.00 170.00 1
CELL 600.00 700.00 180.00 1
CELL 600.00 700.00 190.00 1
CELL 600.00 700.00 200.00 1
CELL 600.00 700.00 210.00 1
CELL 600.00 700.00 220.00 1
CELL 600.00 700.00 230.00 1
CELL 600.00 700.00 240.00 1
CELL 600.00 700.00 250.00 1
CELL 600.00 700.00 260.00 1
CELL 600.00 700.00 270.00 1
CELL 600.00 700.00 280.00 1
CELL 600.00 700.00 290.00 1
CELL 600.00 710.00 0.00 1
CELL 600.00 710.00 10.00 1
CELL 600.00 710.00 20.00 1
CELL 600.00 710.00 30.00 1
CELL 600.00 710.00 40.00 1
CELL 600.00 710.00 50.00 1
CELL 600.00 710.00 60.00 1
CELL 600.00 710.00 70.00 1
CELL 600.00 710.00 80.00 1
CELL 600.00 710.00 90.00 1
CELL 600.00 710.00 100.00 1
CELL 600.00 710.00 110.00 1
CELL 600.00 710.00 120.00 1
CELL 600.00 710.00 130.00 1
CELL 600.00 710.00 140.00 1
CELL 600.00 710.00 150.00 1
CELL 600.00 710.00 160.00 1
CELL 600.00 710.00 170.00 1
CELL 600.00 710.00 180.00 1
CELL 600.00 710.00 190.00 1
CELL 600.00 710.00 200.00 1
CELL 600.00 710.00 210.00 1
CELL 600.00 710.00 220.00 1
CELL 600.00 710.00 230.00 1
CELL 600.00 710.00 240.00 1
CELL 600.00 710.00 250.00 1
CELL 600.00 710.00 260.00 1
CELL 600.00 710.00 270.00 1
CELL 600.00 710.00 280.00 1
CELL 600.00 710.00 290.00 1
CELL 600.00 720.00 0.00 1
CELL 600.00 720.00 10.00 1
CELL 600.00 720.00 20.00 1
CELL 600.00 720.00 30.00 1
CELL 600.00 720.00 40.00 1
CELL 600.00 720.00 50.00 1
CELL 600.00 720.00 60.00 1
CELL 600.00 720.00 70.00 1
CELL 600.00 720.00 80.00 1
CELL 600.00 720.00 90.00 1
CELL 600.00 720.00 100.00 1
CELL 600.00 720.00 110.00 1
CELL 600.00 720.00 120.00 1
CELL 600.00 720.00 130.00 1
CELL 600.00 720.00 140.00 1
CELL 600.00 720.00 150.00 1
CELL 600.00 720.00 160.00 1
CELL 600.00 720.00 170.00 1
CELL 600.00 720.00 180.00 1
CELL 600.00 720.00 190.00 1
CELL 600.00 720.00 200.00 1
CELL 600.00 720.00 210.00 1
CELL 600.00 720.00 220.00 1
CELL 600.00 720.00 230.00 1
CELL 600.00 720.00 240.00 1
CELL 600.00 720.00 250.00 1
CELL 600.00 720.00 260.00 1
CELL 600.00 720.00 270.00 1
CELL 600.00 720.00 280.00 1
CELL 600.00 720.00 290.00 1
CELL 600.00 730.00 0.00 1
CELL 600.00 730.00 10.00 1
CELL 600.00 730.00 20.00 1
CELL 600.00 730.00 30.00 1
CELL 600.00 730.00 40.00 1
CELL 600.00 730.00 50.00 1
CELL 600.00 730.00 60.00 1
CELL 600.00 730.00 70.00 1
CELL 600.00 730.00 80.00 1
CELL 600.00 730.00 90.00 1
CELL 600.00 730.00 100.00 1
CELL 600.00 730.00 110.00 1
CELL 600.00 730.00 120.00 1
CELL 600.00 730.00 130.00 1
CELL 600.00 730.00 140.00 1
CELL 600.00 730.00 150.00 1
CELL 600.00 730.00 160.00 1
CELL 600.00 730.00 170.00 1
CELL 600.00 730.00 180.00 1
CELL 600.00 730.00 190.00 1
CELL 600.00 730.00 200.00 1
CELL 600.00 730.00 210.00 1
CELL 600.00 730.00 220.00 1
CELL 600.00 730.00 230.00 1
CELL 600.00 730.00 240.00 1
CELL 600.00 730.00 250.00 1
CELL 600.00 730.00 260.00 1
CELL 600.00 730.00 270.00 1
CELL 600.00 730.00 280.00 1
CELL 600.00 730.00 290.00 1
CELL 600.00 740.00 0.00 1
CELL 600.00 740.00 10.00 1
CELL 600.00 740.00 20.00 1
CELL 600.00 740.00 30.00 1
CELL 600.00 740.00 40.00 1
CELL 600.00 740.00 50.00 1
CELL 600.00 740.00 60.00 1
CELL 600.00 740.00 70.00 1
CELL 600.00 740.00 80.00 1
CELL 600.00 740.00 90.00 1
CELL 600.00 740.00 100.00 1
CELL 600.00 740.00 110.00 1
CELL 600.00 740.00 120.00 1
CELL 600.00 740.00 130.00 1
CELL 600.00 740.00 140.00 1
CELL 600.00 740.00 150.00 1
CELL 600.00 740.00 160.00 1
CELL 600.00 740.00 170.00 1
CELL 600.00 740.00 180.00 1
CELL 600.00 740.00 190.00 1
CELL 600.00 740.00 200.00 1
CELL 600.00 740.00 210.00 1
CELL 600.00 740.00 220.00 1
CELL 600.00 740.00 230.00 1
CELL 600.00 740.00 240.00 1
CELL 600.00 740.00 250.00 1
CELL 600.00 740.00 260.00 1
CELL 600.00 740.00 270.00 1
CELL 600.00 740.00 280.00 1
CELL 600.00 740.00 290.00 1
CELL 600.00 750.00 0.00 1
CELL 600.00 750.00 10.00 1
CELL 600.00 750.00 20.00 1
CELL 600.00 750.00 30.00 1
CELL 600.00 750.00 40.00 1
CELL 600.00 750.00 50.00 1
CELL 600.00 750.00 60.00 1
CELL 600.00 750.00 70.00 1
CELL 600.00 750.00 80.00 1
CELL 600.00 750.00 90.00 1
CELL 600.00 750.00 100.00 1
CELL 600.00 750.00 110.00 1
CELL 600.00 750.00 120.00 1
CELL 600.00 750.00 130.00 1
CELL 600.00 750.00 140.00 1
CELL 600.00 750.00 150.00 1
CELL 600.00 750.00 160.00 1
CELL 600.00 750.00 170.00 1
CELL 600.00 750.00 180.00 1
CELL 600.00 750.00 190.00 1
CELL 600.00 750.00 200.00 1
CELL 600.00 750.00 210.00 1
CELL 600.00 750.00 220.00 1
CELL 600.00 750.00 230.00 1
CELL 600.00 750.00 240.00 1
CELL 600.00 750.00 250.00 1
CELL 600.00 750.00 260.00 1
CELL 600.00 750.00 270.00 1
CELL 600.00 750.00 280.00 1
CELL 600.00 750.00 290.00 1
CELL 600.00 760.00 0.00 1
CELL 600.00 760.00 10.00 1
CELL 600.00 760.00 20.00 1
CELL 600.00 760.00 30.00 1
CELL 600.00 760.00 40.00 1
CELL 600.00 760.00 50.00 1
CELL 600.00 760.00 60.00 1
CELL 600.00 760.00 70.00 1
CELL 600.00 760.00 80.00 1
CELL 600.00 760.00 90.00 1
CELL 600.00 760.00 100.00 1
CELL 600.00 760.00 110.00 1
CELL 600.00 760.00 120.00 1
CELL 600.00 760.00 130.00 1
CELL 600.00 760.00 140.00 1
CELL 600.00 760.00 150.00 1
CELL 600.00 760.00 160.00 1
CELL 600.00 760.00 170.00 1
CELL 600.00 760.00 180.00 1
CELL 600.00 760.00 190.00 1
CELL 600.00 760.00 200.00 1
CELL 600.00 760.00 210.00 1
CELL 600.00 760.00 220.00 1
CELL 600.00 760.00 230.00 1
CELL 600.00 760.00 240.00 1
CELL 600.00 760.00 250.00 1
CELL 600.00 760.00 260.00 1
CELL 600.00 760.00 270.00 1
CELL 600.00 760.00 280.00 1
CELL 600.00 760.00 290.00 1
CELL 600.00 770.00 0.00 1
CELL 600.00 770.00 10.00 1
CELL 600.00 770.00 20.00 1
CELL 600.00 770.00 30.00 1
CELL 600.00 770.00 40.00 1
CELL 600.00 770.00 50.00 1
CELL 600.00 770.00 60.00 1
CELL 600.00 770.00 70.00 1
CELL 600.00 770.00 80.00 1
CELL 600.00 770.00 90.00 1
CELL 600.00 770.00 100.00 1
CELL 600.00 770.00 110.00 1
CELL 600.00 770.00 120.00 1
CELL 600.00 770.00 130.00 1
CELL 600.00 770.00 140.00 1
CELL 600.00 770.00 150.00 1
CELL 600.00 770.00 160.00 1
CELL 600.00 770.00 170.00 1
CELL 600.00 770.00 180.00 1
CELL 600.00 770.00 190.00 1
CELL 600.00 770.00 200.00 1
CELL 600.00 770.00 210.00 1
CELL 600.00 770.00 220.00 1
CELL 600.00 770.00 230.00 1
CELL 600.00 770.00 240.00 1
CELL 600.00 770.00 250.00 1
CELL 600.00 770.00 260.00 1
CELL 600.00 770.00 270.00 1
CELL 600.00 770.00 280.00 1
CELL 600.00 770.00 290.00 1
CELL 600.00 780.00 0.00 1
CELL 600.00 780.00 10.00 1
CELL 600.00 780.00 20.00 1
CELL 600.00 780.00 30.00 1
CELL 600.00 780.00 40.00 1
CELL 600.00 780.00 50.00 1
CELL 600.00 780.00 60.00 1
CELL 600.00 780.00 70.00 1
CELL 600.00 780.00 80.00 1
CELL 600.00 780.00 90.00 1
CELL 600.00 780.00 100.00 1
CELL 600.00 780.00 110.00 1
CELL 600.00 780.00 120.00 1
CELL 600.00 780.00 130.00 1
CELL 600.00 780.00 140.00 1
CELL 600.00 780.00 150.00 1
CELL 600.00 780.00 160.00 1
CELL 600.00 780.00 170.00 1
CELL 600.00 780.00 180.00 1
CELL 600.00 780.00 190.00 1
CELL 600.00 780.00 200.00 1
CELL 600.00 780.00 210.00 1
CELL 600.00 780.00 220.00 1
CELL 600.00 780.00 230.00 1
CELL 600.00 780.00 240.00 1
CELL 600.00 780.00 250.00 1
CELL 600.00 780.00 260.00 1
CELL 600.00 780.00 270.00 1
CELL 600.00 780.00 280.00 1
CELL 600.00 780.00 290.00 1
CELL 600.00 790.00 0.00 1
CELL 600.00 790.00 10.00 1
CELL 600.00 790.00 20.00 1
CELL 600.00 790.00 30.00 1
CELL 600.00 790.00 40.00 1
CELL 600.00 790.00 50.00 1
CELL 600.00 790.00 60.00 1
CELL 600.00 790.00 70.00 1
CELL 600.00 790.00 80.00 1
CELL 600.00 790.00 90.00 1
CELL 600.00 790.00 100.00 1
CELL 600.00 790.00 110.00 1
CELL 600.00 790.00 120.00 1
CELL 600.00 790.00 130.00 1
CELL 600.00 790.00 140.00 1
CELL 600.00 790.00 150.00 1
CELL 600.00 790.00 160.00 1
CELL 600.00 790.00 170.00 1
CELL 600.00 790.00 180.00 1
CELL 600.00 790.00 190.00 1
CELL 600.00 790.00 200.00 1
CELL 600.00 790.00 210.00 1
CELL 600.00 790.00 220.00 1
CELL 600.00 790.00 230.00 1
CELL 600.00 790.00 240.00 1
CELL 600.00 790.00 250.00 1
CELL 600.00 790.00 260.00 1
CELL 600.00 790.00 270.00 1
CELL 600.00 790.00 280.00 1
CELL 600.00 790.00 290.00 1
CELL 600.00 800.00 0.00 1
CELL 600.00 800.00 10.00 1
CELL 600.00 800.00 20.00 1
CELL 600.00 800.00 30.00 1
CELL 600.00 800.00 40.00 1
CELL 600.00 800.00 50.00 1
CELL 600.00 800.00 60.00 1
CELL 600.00 800.00 70.00 1
CELL 600.00 800.00 80.00 1
CELL 600.00 800.00 90.00 1
CELL 600.00 800.00 100.00 1
CELL 600.00 800.00 110.00 1
CELL 600.00 800.00 120.00 1
CELL 600.00 800.00 130.00 1
CELL 600.00 800.00 140.00 1
CELL 600.00 800.00 150.00 1
CELL 600.00 800.00 160.00 1
CELL 600.00 800.00 170.00 1
CELL 600.00 800.00 180.00 1
CELL 600.00 800.00 190.00 1
CELL 600.00 800.00 200.00 1
CELL 600.00 800.00 210.00 1
CELL 600.00 800.00 220.00 1
CELL 600.00 800.00 230.00 1
CELL 600.00 800.00 240.00 1
CELL 600.00 800.00 250.00 1
CELL 600.00 800.00 260.00 1
CELL 600.00 800.00 270.00 1
CELL 600.00 800.00 280.00 1
CELL 600.00 800.00 290.00 1
CELL 0.00 800.00 0.00 1
CELL 0.00 800.00 10.00 1
CELL 0.00 800.00 20.00 1
CELL 0.00 800.00 30.00 1
CELL 0.00 800.00 40.00 1
CELL 0.00 800.00 50.00 1
CELL 0.00 800.00 60.00 1
CELL 0.00 800.00 70.00 1
CELL 0.00 800.00 80.00 1
CELL 0.00 800.00 90.00 1
CELL 0.00 800.00 100.00 1
CELL 0.00 800.00 110.00 1
CELL 0.00 800.00 120.00 1
CELL 0.00 800.00 130.00 1
CELL 0.00 800.00 140.00 1
CELL 0.00 800.00 150.00 1
CELL 0.00 800.00 160.00 1
CELL 0.00 800.00 170.00 1
CELL 0.00 800.00 180.00 1
CELL 0.00 800.00 190.00 1
CELL 0.00 800.00 200.00 1
CELL 0.00 800.00 210.00 1
CELL 0.00 800.00 220.00 1
CELL 0.00 800.00 230.00 1
CELL 0.00 800.00 240.00 1
CELL 0.00 800.00 250.00 1
CELL 0.00 800.00 260.00 1
CELL 0.00 800.00 270.00 1
CELL 0.00 800.00 280.00 1
CELL 0.00 800.00 290.00 1
CELL 10.00 800.00 0.00 1
CELL 10.00 800.00 10.00 1
CELL 10.00 800.00 20.00 1
CELL 10.00 800.00 30.00 1
CELL 10.00 800.00 40.00 1
CELL 10.00 800.00 50.00 1
CELL 10.00 800.00 60.00 1
CELL 10.00 800.00 70.00 1
CELL 10.00 800.00 80.00 1
CELL 10.00 800.00 90.00 1
CELL 10.00 800.00 100.00 1
CELL 10.00 800.00 110.00 1
CELL 10.00 800.00 120.00 1
CELL 10.00 800.00 130.00 1
CELL 10.00 800.00 140.00 1
CELL 10.00 800.00 150.00 1
CELL 10.00 800.00 160.00 1
CELL 10.00 800.00 170.00 1
CELL 10.00 800.00 180.00 1
CELL 10.00 800.00 190.00 1
CELL 10.00 800.00 200.00 1
CELL 10.00 800.00 210.00 1
CELL 10.00 800.00 220.00 1
CELL 10.00 800.00 230.00 1
CELL 10.00 800.00 240.00 1
CELL 10.00 800.00 250.00 1
CELL 10.00 800.00 260.00 1
CELL 10.00 800.00 270.00 1
CELL 10.00 800.00 280.00 1
CELL 10.00 800.00 290.00 1
CELL 20.00 800.00 0.00 1
CELL 20.00 800.00 10.00 1
CELL 20.00 800.00 20.00 1
CELL 20.00 800.00 30.00 1
CELL 20.00 800.00 40.00 1
CELL 20.00 800.00 50.00 1
CELL 20.00 800.00 60.00 1
CELL 20.00 800.00 70.00 1
CELL 20.00 800.00 80.00 1
CELL 20.00 800.00 90.00 1
CELL 20.00 800.00 100.00 1
CELL 20.00 800.00 110.00 1
CELL 20.00 800.00 120.00 1
CELL 20.00 800.00 130.00 1
CELL 20.00 800.00 140.00 1
CELL 20.00 800.00 150.00 1
CELL 20.00 800.00 160.00 1
CELL 20.00 800.00 170.00 1
CELL 20.00 800.00 180.00 1
CELL 20.00 800.00 190.00 1
CELL 20.00 800.00 200.00 1
CELL 20.00 800.00 210.00 1
CELL 20.00 800.00 220.00 1
CELL 20.00 800.00 230.00 1
CELL 20.00 800.00 240.00 1
CELL 20.00 800.00 250.00 1
CELL 20.00 800.00 260.00 1
CELL 20.00 800.00 270.00 1
CELL 20.00 800.00 280.00 1
CELL 20.00 800.00 290.00 1
CELL 30.00 800.00 0.00 1
CELL 30.00 800.00 10.00 1
CELL 30.00 800.00 20.00 1
CELL 30.00 800.00 30.00 1
CELL 30.00 800.00 40.00 1
CELL 30.00 800.00 50.00 1
CELL 30.00 800.00 60.00 1
CELL 30.00 800.00 70.00 1
CELL 30.00 800.00 80.00 1
CELL 30.00 800.00 90.00 1
CELL 30.00 800.00 100.00 1
CELL 30.00 800.00 110.00 1
CELL 30.00 800.00 120.00 1
CELL 30.00 800.00 130.00 1
CELL 30.00 800.00 140.00 1
CELL 30.00 800.00 150.00 1
CELL 30.00 800.00 160.00 1
CELL 30.00 800.00 170.00 1
CELL 30.00 800.00 180.00 1
CELL 30.00 800.00 190.00 1
CELL 30.00 800.00 200.00 1
CELL 30.00 800.00 210.00 1
CELL 30.00 800.00 220.00 1
CELL 30.00 800.00 230.00 1
CELL 30.00 800.00 240.00 1
CELL 30.00 800.00 250.00 1
CELL 30.00 800.00 260.00 1
CELL 30.00 800.00 270.00 1
CELL 30.00 800.00 280.00 1
CELL 30.00 800.00 290.00 1
CELL 40.00 800.00 0.00 1
CELL 40.00 800.00 10.00 1
CELL 40.00 800.00 20.00 1
CELL 40.00 800.00 30.00 1
CELL 40.00 800.00 40.00 1
CELL 40.00 800.00 50.00 1
CELL 40.00 800.00 60.00 1
CELL 40.00 800.00 70.00 1
CELL 40.00 800.00 80.00 1
CELL 40.00 800.00 90.00 1
CELL 40.00 800.00 100.00 1
CELL 40.00 800.00 110.00 1
CELL 40.00 800.00 120.00 1
CELL 40.00 800.00 130.00 1
CELL 40.00 800.00 140.00 1
CELL 40.00 800.00 150.00 1
CELL 40.00 800.00 160.00 1
CELL 40.00 800.00 170.00 1
CELL 40.00 800.00 180.00 1
CELL 40.00 800.00 190.00 1
CELL 40.00 800.00 200.00 1
CELL 40.00 800.00 210.00 1
CELL 40.00 800.00 220.00 1
CELL 40.00 800.00 230.00 1
CELL 40.00 800.00 240.00 1
CELL 40.00 800.00 250.00 1
CELL 40.00 800.00 260.00 1
CELL 40.00 800.00 270.00 1
CELL 40.00 800.00 280.00 1
CELL 40.00 800.00 290.00 1
CELL 50.00 800.00 0.00 1
CELL 50.00 800.00 10.00 1
CELL 50.00 800.00 20.00 1
CELL 50.00 800.00 30.00 1
CELL 50.00 800.00 40.00 1
CELL 50.00 800.00 50.00 1
CELL 50.00 800.00 60.00 1
CELL 50.00 800.00 70.00 1
CELL 50.00 800.00 80.00 1
CELL 50.00 800.00 90.00 1
CELL 50.00 800.00 100.00 1
CELL 50.00 800.00 110.00 1
CELL 50.00 800.00 120.00 1
CELL 50.00 800.00 130.00 1
CELL 50.00 800.00 140.00 1
CELL 50.00 800.00 150.00 1
CELL 50.00 800.00 160.00 1
CELL 50.00 800.00 170.00 1
CELL 50.00 800.00 180.00 1
CELL 50.00 800.00 190.00 1
CELL 50.00 800.00 200.00 1
CELL 50.00 800.00 210.00 1
CELL 50.00 800.00 220.00 1
CELL 50.00 800.00 230.00 1
CELL 50.00 800.00 240.00 1
CELL 50.00 800.00 250.00 1
CELL 50.00 800.00 260.00 1
CELL 50.00 800.00 270.00 1
CELL 50.00 800.00 280.00 1
CELL 50.00 800.00 290.00 1
CELL 60.00 800.00 0.00 1
CELL 60.00 800.00 10.00 1
CELL 60.00 800.00 20.00 1
CELL 60.00 800.00 30.00 1
CELL 60.00 800.00 40.00 1
CELL 60.00 800.00 50.00 1
CELL 60.00 800.00 60.00 1
CELL 60.00 800.00 70.00 1
CELL 60.00 800.00 80.00 1
CELL 60.00 800.00 90.00 1
CELL 60.00 800.00 100.00 1
CELL 60.00 800.00 110.00 1
CELL 60.00 800.00 120.00 1
CELL 60.00 800.00 130.00 1
CELL 60.00 800.00 140.00 1
CELL 60.00 800.00 150.00 1
CELL 60.00 800.00 160.00 1
CELL 60.00 800.00 170.00 1
CELL 60.00 800.00 180.00 1
CELL 60.00 800.00 190.00 1
CELL 60.00 800.00 200.00 1
CELL 60.00 800.00 210.00 1
CELL 60.00 800.00 220.00 1
CELL 60.00 800.00 230.00 1
CELL 60.00 800.00 240.00 1
CELL 60.00 800.00 250.00 1
CELL 60.00 800.00 260.00 1
CELL 60.00 800.00 270.00 1
CELL 60.00 800.00 280.00 1
CELL 60.00 800.00 290.00 1
CELL 70.00 800.00 0.00 1
CELL 70.00 800.00 10.00 1
CELL 70.00 800.00 20.00 1
CELL 70.00 800.00 30.00 1
CELL 70.00 800.00 40.00 1
CELL 70.00 800.00 50.00 1
CELL 70.00 800.00 60.00 1
CELL 70.00 800.00 70.00 1
CELL 70.00 800.00 80.00 1
CELL 70.00 800.00 90.00 1
CELL 70.00 800.00 100.00 1
CELL 70.00 800.00 110.00 1
CELL 70.00 800.00 120.00 1
CELL 70.00 800.00 130.00 1
CELL 70.00 800.00 140.00 1
CELL 70.00 800.00 150.00 1
CELL 70.00 800.00 160.00 1
CELL 70.00 800.00 170.00 1
CELL 70.00 800.00 180.00 1
CELL 70.00 800.00 190.00 1
CELL 70.00 800.00 200.00 1
CELL 70.00 800.00 210.00 1
CELL 70.00 800.00 220.00 1
CELL 70.00 800.00 230.00 1
CELL 70.00 800.00 240.00 1
CELL 70.00 800.00 250.00 1
CELL 70.00 800.00 260.00 1
CELL 70.00 800.00 270.00 1
CELL 70.00 800.00 280.00 1
CELL 70.00 800.00 290.00 1
CELL 80.00 800.00 0.00 1
CELL 80.00 800.00 10.00 1
CELL 80.00 800.00 20.00 1
CELL 80.00 800.00 30.00 1
CELL 80.00 800.00 40.00 1
CELL 80.00 800.00 50.00 1
CELL 80.00 800.00 60.00 1
CELL 80.00 800.00 70.00 1
CELL 80.00 800.00 80.00 1
CELL 80.00 800.00 90.00 1
CELL 80.00 800.00 100.00 1
CELL 80.00 800.00 110.00 1
CELL 80.00 800.00 120.00 1
CELL 80.00 800.00 130.00 1
CELL 80.00 800.00 140.00 1
CELL 80.00 800.00 150.00 1
CELL 80.00 800.00 160.00 1
CELL 80.00 800.00 170.00 1
CELL 80.00 800.00 180.00 1
CELL 80.00 800.00 190.00 1
CELL 80.00 800.00 200.00 1
CELL 80.00 800.00 210.00 1
CELL 80.00 800.00 220.00 1
CELL 80.00 800.00 230.00 1
CELL 80.00 800.00 240.00 1
CELL 80.00 800.00 250.00 1
CELL 80.00 800.00 260.00 1
CELL 80.00 800.00 270.00 1
CELL 80.00 800.00 280.00 1
CELL 80.00 800.00 290.00 1
CELL 90.00 800.00 0.00 1
CELL 90.00 800.00 10.00 1
CELL 90.00 800.00 20.00 1
CELL 90.00 800.00 30.00 1
CELL 90.00 800.00 40.00 1
CELL 90.00 800.00 50.00 1
CELL 90.00 800.00 60.00 1
CELL 90.00 800.00 70.00 1
CELL 90.00 800.00 80.00 1
CELL 90.00 800.00 90.00 1
CELL 90.00 800.00 100.00 1
CELL 90.00 800.00 110.00 1
CELL 90.00 800.00 120.00 1
CELL 90.00 800.00 130.00 1
CELL 90.00 800.00 140.00 1
CELL 90.00 800.00 150.00 1
CELL 90.00 800.00 160.00 1
CELL 90.00 800.00 170.00 1
CELL 90.00 800.00 180.00 1
CELL 90.00 800.00 190.00 1
CELL 90.00 800.00 200.00 1
CELL 90.00 800.00 210.00 1
CELL 90.00 800.00 220.00 1
CELL 90.00 800.00 230.00 1
CELL 90.00 800.00 240.00 1
CELL 90.00 800.00 250.00 1
CELL 90.00 800.00 260.00 1
CELL 90.00 800.00 270.00 1
CELL 90.00 800.00 280.00 1
CELL 90.00 800.00 290.00 1
CELL 100.00 800.00 0.00 1
CELL 100.00 800.00 10.00 1
CELL 100.00 800.00 20.00 1
CELL 100.00 800.00 30.00 1
CELL 100.00 800.00 40.00 1
CELL 100.00 800.00 50.00 1
CELL 100.00 800.00 60.00 1
CELL 100.00 800.00 70.00 1
CELL 100.00 800.00 80.00 1
CELL 100.00 800.00 90.00 1
CELL 100.00 800.00 100.00 1
CELL 100.00 800.00 110.00 1
CELL 100.00 800.00 120.00 1
CELL 100.00 800.00 130.00 1
CELL 100.00 800.00 140.00 1
CELL 100.00 800.00 150.00 1
CELL 100.00 800.00 160.00 1
CELL 100.00 800.00 170.00 1
CELL 100.00 800.00 180.00 1
CELL 100.00 800.00 190.00 1
CELL 100.00 800.00 200.00 1
CELL 100.00 800.00 210.00 1
CELL 100.00 800.00 220.00 1
CELL 100.00 800.00 230.00 1
CELL 100.00 800.00 240.00 1
CELL 100.00 800.00 250.00 1
CELL 100.00 800.00 260.00 1
CELL 100.00 800.00 270.00 1
CELL 100.00 800.00 280.00 1
CELL 100.00 800.00 290.00 1
CELL 110.00 800.00 0.00 1
CELL 110.00 800.00 10.00 1
CELL 110.00 800.00 20.00 1
CELL 110.00 800.00 30.00 1
CELL 110.00 800.00 40.00 1
CELL 110.00 800.00 50.00 1
CELL 110.00 800.00 60.00 1
CELL 110.00 800.00 70.00 1
CELL 110.00 800.00 80.00 1
CELL 110.00 800.00 90.00 1
CELL 110.00 800.00 100.00 1
CELL 110.00 800.00 110.00 1
CELL 110.00 800.00 120.00 1
CELL 110.00 800.00 130.00 1
CELL 110.00 800.00 140.00 1
CELL 110.00 800.00 150.00 1
CELL 110.00 800.00 160.00 1
CELL 110.00 800.00 170.00 1
CELL 110.00 800.00 180.00 1
CELL 110.00 800.00 190.00 1
CELL 110.00 800.00 200.00 1
CELL 110.00 800.00 210.00 1
CELL 110.00 800.00 220.00 1
CELL 110.00 800.00 230.00 1
CELL 110.00 800.00 240.00 1
CELL 110.00 800.00 250.00 1
CELL 110.00 800.00 260.00 1
CELL 110.00 800.00 270.00 1
CELL 110.00 800.00 280.00 1
CELL 110.00 800.00 290.00 1
CELL 120.00 800.00 0.00 1
CELL 120.00 800.00 10.00 1
CELL 120.00 800.00 20.00 1
CELL 120.00 800.00 30.00 1
CELL 120.00 800.00 40.00 1
CELL 120.00 800.00 50.00 1
CELL 120.00 800.00 60.00 1
CELL 120.00 800.00 70.00 1
CELL 120.00 800.00 80.00 1
CELL 120.00 800.00 90.00 1
CELL 120.00 800.00 100.00 1
CELL 120.00 800.00 110.00 1
CELL 120.00 800.00 120.00 1
CELL 120.00 800.00 130.00 1
CELL 120.00 800.00 140.00 1
CELL 120.00 800.00 150.00 1
CELL 120.00 800.00 160.00 1
CELL 120.00 800.00 170.00 1
CELL 120.00 800.00 180.00 1
CELL 120.00 800.00 190.00 1
CELL 120.00 800.00 200.00 1
CELL 120.00 800.00 210.00 1
CELL 120.00 800.00 220.00 1
CELL 120.00 800.00 230.00 1
CELL 120.00 800.00 240.00 1
CELL 120.00 800.00 250.00 1
CELL 120.00 800.00 260.00 1
CELL 120.00 800.00 270.00 1
CELL 120.00 800.00 280.00 1
CELL 120.00 800.00 290.00 1
CELL 130.00 800.00 0.00 1
CELL 130.00 800.00 10.00 1
CELL 130.00 800.00 20.00 1
CELL 130.00 800.00 30.00 1
CELL 130.00 800.00 40.00 1
CELL 130.00 800.00 50.00 1
CELL 130.00 800.00 60.00 1
CELL 130.00 800.00 70.00 1
CELL 130.00 800.00 80.00 1
CELL 130.00 800.00 90.00 1
CELL 130.00 800.00 100.00 1
CELL 130.00 800.00 110.00 1
CELL 130.00 800.00 120.00 1
CELL 130.00 800.00 130.00 1
CELL 130.00 800.00 140.00 1
CELL 130.00 800.00 150.00 1
CELL 130.00 800.00 160.00 1
CELL 130.00 800.00 170.00 1
CELL 130.00 800.00 180.00 1
CELL 130.00 800.00 190.00 1
CELL 130.00 800.00 200.00 1
CELL 130.00 800.00 210.00 1
CELL 130.00 800.00 220.00 1
CELL 130.00 800.00 230.00 1
CELL 130.00 800.00 240.00 1
CELL 130.00 800.00 250.00 1
CELL 130.00 800.00 260.00 1
CELL 130.00 800.00 270.00 1
CELL 130.00 800.00 280.00 1
CELL 130.00 800.00 290.00 1
CELL 140.00 800.00 0.00 1
CELL 140.00 800.00 10.00 1
CELL 140.00 800.00 20.00 1
CELL 140.00 800.00 30.00 1
CELL 140.00 800.00 40.00 1
CELL 140.00 800.00 50.00 1
CELL 140.00 800.00 60.00 1
CELL 140.00 800.00 70.00 1
CELL 140.00 800.00 80.00 1
CELL 140.00 800.00 90.00 1
CELL 140.00 800.00 100.00 1
CELL 140.00 800.00 110.00 1
CELL 140.00 800.00 120.00 1
CELL 140.00 800.00 130.00 1
CELL 140.00 800.00 140.00 1
CELL 140.00 800.00 150.00 1
CELL 140.00 800.00 160.00 1
CELL 140.00 800.00 170.00 1
CELL 140.00 800.00 180.00 1
CELL 140.00 800.00 190.00 1
CELL 140.00 800.00 200.00 1
CELL 140.00 800.00 210.00 1
CELL 140.00 800.00 220.00 1
CELL 140.00 800.00 230.00 1
CELL 140.00 800.00 240.00 1
CELL 140.00 800.00 250.00 1
CELL 140.00 800.00 260.00 1
CELL 140.00 800.00 270.00 1
CELL 140.00 800.00 280.00 1
CELL 140.00 800.00 290.00 1
CELL 150.00 800.00 0.00 1
CELL 150.00 800.00 10.00 1
CELL 150.00 800.00 20.00 1
CELL 150.00 800.00 30.00 1
CELL 150.00 800.00 40.00 1
CELL 150.00 800.00 50.00 1
CELL 150.00 800.00 60.00 1
CELL 150.00 800.00 70.00 1
CELL 150.00 800.00 80.00 1
CELL 150.00 800.00 90.00 1
CELL 150.00 800.00 100.00 1
CELL 150.00 800.00 110.00 1
CELL 150.00 800.00 120.00 1
CELL 150.00 800.00 130.00 1
CELL 150.00 800.00 140.00 1
CELL 150.00 800.00 150.00 1
CELL 150.00 800.00 160.00 1
CELL 150.00 800.00 170.00 1
CELL 150.00 800.00 180.00 1
CELL 150.00 800.00 190.00 1
CELL 150.00 800.00 200.00 1
CELL 150.00 800.00 210.00 1
CELL 150.00 800.00 220.00 1
CELL 150.00 800.00 230.00 1
CELL 150.00 800.00 240.00 1
CELL 150.00 800.00 250.00 1
CELL 150.00 800.00 260.00 1
CELL 150.00 800.00 270.00 1
CELL 150.00 800.00 280.00 1
CELL 150.00 800.00 290.00 1
CELL 160.00 800.00 0.00 1
CELL 160.00 800.00 10.00 1
CELL 160.00 800.00 20.00 1
CELL 160.00 800.00 30.00 1
CELL 160.00 800.00 40.00 1
CELL 160.00 800.00 50.00 1
CELL 160.00 800.00 60.00 1
CELL 160.00 800.00 70.00 1
CELL 160.00 800.00 80.00 1
CELL 160.00 800.00 90.00 1
CELL 160.00 800.00 100.00 1
CELL 160.00 800.00 110.00 1
CELL 160.00 800.00 120.00 1
CELL 160.00 800.00 130.00 1
CELL 160.00 800.00 140.00 1
CELL 160.00 800.00 150.00 1
CELL 160.00 800.00 160.00 1
CELL 160.00 800.00 170.00 1
CELL 160.00 800.00 180.00 1
CELL 160.00 800.00 190.00 1
CELL 160.00 800.00 200.00 1
CELL 160.00 800.00 210.00 1
CELL 160.00 800.00 220.00 1
CELL 160.00 800.00 230.00 1
CELL 160.00 800.00 240.00 1
CELL 160.00 800.00 250.00 1
CELL 160.00 800.00 260.00 1
CELL 160.00 800.00 270.00 1
CELL 160.00 800.00 280.00 1
CELL 160.00 800.00 290.00 1
CELL 170.00 800.00 0.00 1
CELL 170.00 800.00 10.00 1
CELL 170.00 800.00 20.00 1
CELL 170.00 800.00 30.00 1
CELL 170.00 800.00 40.00 1
CELL 170.00 800.00 50.00 1
CELL 170.00 800.00 60.00 1
CELL 170.00 800.00 70.00 1
CELL 170.00 800.00 80.00 1
CELL 170.00 800.00 90.00 1
CELL 170.00 800.00 100.00 1
CELL 170.00 800.00 110.00 1
CELL 170.00 800.00 120.00 1
CELL 170.00 800.00 130.00 1
CELL 170.00 800.00 140.00 1
CELL 170.00 800.00 150.00 1
CELL 170.00 800.00 160.00 1
CELL 170.00 800.00 170.00 1
CELL 170.00 800.00 180.00 1
CELL 170.00 800.00 190.00 1
CELL 170.00 800.00 200.00 1
CELL 170.00 800.00 210.00 1
CELL 170.00 800.00 220.00 1
CELL 170.00 800.00 230.00 1
CELL 170.00 800.00 240.00 1
CELL 170.00 800.00 250.00 1
CELL 170.00 800.00 260.00 1
CELL 170.00 800.00 270.00 1
CELL 170.00 800.00 280.00 1
CELL 170.00 800.00 290.00 1
CELL 180.00 800.00 0.00 1
CELL 180.00 800.00 10.00 1
CELL 180.00 800.00 20.00 1
CELL 180.00 800.00 30.00 1
CELL 180.00 800.00 40.00 1
CELL 180.00 800.00 50.00 1
CELL 180.00 800.00 60.00 1
CELL 180.00 800.00 70.00 1
CELL 180.00 800.00 80.00 1
CELL 180.00 800.00 90.00 1
CELL 180.00 800.00 100.00 1
CELL 180.00 800.00 110.00 1
CELL 180.00 800.00 120.00 1
CELL 180.00 800.00 130.00 1
CELL 180.00 800.00 140.00 1
CELL 180.00 800.00 150.00 1
CELL 180.00 800.00 160.00 1
CELL 180.00 800.00 170.00 1
CELL 180.00 800.00 180.00 1
CELL 180.00 800.00 190.00 1
CELL 180.00 800.00 200.00 1
CELL 180.00 800.00 210.00 1
CELL 180.00 800.00 220.00 1
CELL 180.00 800.00 230.00 1
CELL 180.00 800.00 240.00 1
CELL 180.00 800.00 250.00 1
CELL 180.00 800.00 260.00 1
CELL 180.00 800.00 270.00 1
CELL 180.00 800.00 280.00 1
CELL 180.00 800.00 290.00 1
CELL 190.00 800.00 0.00 1
CELL 190.00 800.00 10.00 1
CELL 190.00 800.00 20.00 1
CELL 190.00 800.00 30.00 1
CELL 190.00 800.00 40.00 1
CELL 190.00 800.00 50.00 1
CELL 190.00 800.00 60.00 1
CELL 190.00 800.00 70.00 1
CELL 190.00 800.00 80.00 1
CELL 190.00 800.00 90.00 1
CELL 190.00 800.00 100.00 1
CELL 190.00 800.00 110.00 1
CELL 190.00 800.00 120.00 1
CELL 190.00 800.00 130.00 1
CELL 190.00 800.00 140.00 1
CELL 190.00 800.00 150.00 1
CELL 190.00 800.00 160.00 1
CELL 190.00 800.00 170.00 1
CELL 190.00 800.00 180.00 1
CELL 190.00 800.00 190.00 1
CELL 190.00 800.00 200.00 1
CELL 190.00 800.00 210.00 1
CELL 190.00 800.00 220.00 1
CELL 190.00 800.00 230.00 1
CELL 190.00 800.00 240.00 1
CELL 190.00 800.00 250.00 1
CELL 190.00 800.00 260.00 1
CELL 190.00 800.00 270.00 1
CELL 190.00 800.00 280.00 1
CELL 190.00 800.00 290.00 1
CELL 200.00 800.00 0.00 1
CELL 200.00 800.00 10.00 1
CELL 200.00 800.00 20.00 1
CELL 200.00 800.00 30.00 1
CELL 200.00 800.00 40.00 1
CELL 200.00 800.00 50.00 1
CELL 200.00 800.00 60.00 1
CELL 200.00 800.00 70.00 1
CELL 200.00 800.00 80.00 1
CELL 200.00 800.00 90.00 1
CELL 200.00 800.00 100.00 1
CELL 200.00 800.00 110.00 1
CELL 200.00 800.00 120.00 1
CELL 200.00 800.00 130.00 1
CELL 200.00 800.00 140.00 1
CELL 200.00 800.00 150.00 1
CELL 200.00 800.00 160.00 1
CELL 200.00 800.00 170.00 1
CELL 200.00 800.00 180.00 1
CELL 200.00 800.00 190.00 1
CELL 200.00 800.00 200.00 1
CELL 200.00 800.00 210.00 1
CELL 200.00 800.00 220.00 1
CELL 200.00 800.00 230.00 1
CELL 200.00 800.00 240.00 1
CELL 200.00 800.00 250.00 1
CELL 200.00 800.00 260.00 1
CELL 200.00 800.00 270.00 1
CELL 200.00 800.00 280.00 1
CELL 200.00 800.00 290.00 1
CELL 210.00 800.00 0.00 1
CELL 210.00 800.00 10.00 1
CELL 210.00 800.00 20.00 1
CELL 210.00 800.00 30.00 1
CELL 210.00 800.00 40.00 1
CELL 210.00 800.00 50.00 1
CELL 210.00 800.00 60.00 1
CELL 210.00 800.00 70.00 1
CELL 210.00 800.00 80.00 1
CELL 210.00 800.00 90.00 1
CELL 210.00 800.00 100.00 1
CELL 210.00 800.00 110.00 1
CELL 210.00 800.00 120.00 1
CELL 210.00 800.00 130.00 1
CELL 210.00 800.00 140.00 1
CELL 210.00 800.00 150.00 1
CELL 210.00 800.00 160.00 1
CELL 210.00 800.00 170.00 1
CELL 210.00 800.00 180.00 1
CELL 210.00 800.00 190.00 1
CELL 210.00 800.00 200.00 1
CELL 210.00 800.00 210.00 1
CELL 210.00 800.00 220.00 1
CELL 210.00 800.00 230.00 1
CELL 210.00 800.00 240.00 1
CELL 210.00 800.00 250.00 1
CELL 210.00 800.00 260.00 1
CELL 210.00 800.00 270.00 1
CELL 210.00 800.00 280.00 1
CELL 210.00 800.00 290.00 1
CELL 220.00 800.00 0.00 1
CELL 220.00 800.00 10.00 1
CELL 220.00 800.00 20.00 1
CELL 220.00 800.00 30.00 1
CELL 220.00 800.00 40.00 1
CELL 220.00 800.00 50.00 1
CELL 220.00 800.00 60.00 1
CELL 220.00 800.00 70.00 1
CELL 220.00 800.00 80.00 1
CELL 220.00 800.00 90.00 1
CELL 220.00 800.00 100.00 1
CELL 220.00 800.00 110.00 1
CELL 220.00 800.00 120.00 1
CELL 220.00 800.00 130.00 1
CELL 220.00 800.00 140.00 1
CELL 220.00 800.00 150.00 1
CELL 220.00 800.00 160.00 1
CELL 220.00 800.00 170.00 1
CELL 220.00 800.00 180.00 1
CELL 220.00 800.00 190.00 1
CELL 220.00 800.00 200.00 1
CELL 220.00 800.00 210.00 1
CELL 220.00 800.00 220.00 1
CELL 220.00 800.00 230.00 1
CELL 220.00 800.00 240.00 1
CELL 220.00 800.00 250.00 1
CELL 220.00 800.00 260.00 1
CELL 220.00 800.00 270.00 1
CELL 220.00 800.00 280.00 1
CELL 220.00 800.00 290.00 1
CELL 230.00 800.00 0.00 1
CELL 230.00 800.00 10.00 1
CELL 230.00 800.00 20.00 1
CELL 230.00 800.00 30.00 1
CELL 230.00 800.00 40.00 1
CELL 230.00 800.00 50.00 1
CELL 230.00 800.00 60.00 1
CELL 230.00 800.00 70.00 1
CELL 230.00 800.00 80.00 1
CELL 230.00 800.00 90.00 1
CELL 230.00 800.00 100.00 1
CELL 230.00 800.00 110.00 1
CELL 230.00 800.00 120.00 1
CELL 230.00 800.00 130.00 1
CELL 230.00 800.00 140.00 1
CELL 230.00 800.00 150.00 1
CELL 230.00 800.00 160.00 1
CELL 230.00 800.00 170.00 1
CELL 230.00 800.00 180.00 1
CELL 230.00 800.00 190.00 1
CELL 230.00 800.00 200.00 1
CELL 230.00 800.00 210.00 1
CELL 230.00 800.00 220.00 1
CELL 230.00 800.00 230.00 1
CELL 230.00 800.00 240.00 1
CELL 230.00 800.00 250.00 1
CELL 230.00 800.00 260.00 1
CELL 230.00 800.00 270.00 1
CELL 230.00 800.00 280.00 1
CELL 230.00 800.00 290.00 1
CELL 240.00 800.00 0.00 1
CELL 240.00 800.00 10.00 1
CELL 240.00 800.00 20.00 1
CELL 240.00 800.00 30.00 1
CELL 240.00 800.00 40.00 1
CELL 240.00 800.00 50.00 1
CELL 240.00 800.00 60.00 1
CELL 240.00 800.00 70.00 1
CELL 240.00 800.00 80.00 1
CELL 240.00 800.00 90.00 1
CELL 240.00 800.00 100.00 1
CELL 240.00 800.00 110.00 1
CELL 240.00 800.00 120.00 1
CELL 240.00 800.00 130.00 1
CELL 240.00 800.00 140.00 1
CELL 240.00 800.00 150.00 1
CELL 240.00 800.00 160.00 1
CELL 240.00 800.00 170.00 1
CELL 240.00 800.00 180.00 1
CELL 240.00 800.00 190.00 1
CELL 240.00 800.00 200.00 1
CELL 240.00 800.00 210.00 1
CELL 240.00 800.00 220.00 1
CELL 240.00 800.00 230.00 1
CELL 240.00 800.00 240.00 1
CELL 240.00 800.00 250.00 1
CELL 240.00 800.00 260.00 1
CELL 240.00 800.00 270.00 1
CELL 240.00 800.00 280.00 1
CELL 240.00 800.00 290.00 1
CELL 250.00 800.00 0.00 1
CELL 250.00 800.00 10.00 1
CELL 250.00 800.00 20.00 1
CELL 250.00 800.00 30.00 1
CELL 250.00 800.00 40.00 1
CELL 250.00 800.00 50.00 1
CELL 250.00 800.00 60.00 1
CELL 250.00 800.00 70.00 1
CELL 250.00 800.00 80.00 1
CELL 250.00 800.00 90.00 1
CELL 250.00 800.00 100.00 1
CELL 250.00 800.00 110.00 1
CELL 250.00 800.00 120.00 1
CELL 250.00 800.00 130.00 1
CELL 250.00 800.00 140.00 1
CELL 250.00 800.00 150.00 1
CELL 250.00 800.00 160.00 1
CELL 250.00 800.00 170.00 1
CELL 250.00 800.00 180.00 1
CELL 250.00 800.00 190.00 1
CELL 250.00 800.00 200.00 1
CELL 250.00 800.00 210.00 1
CELL 250.00 800.00 220.00 1
CELL 250.00 800.00 230.00 1
CELL 250.00 800.00 240.00 1
CELL 250.00 800.00 250.00 1
CELL 250.00 800.00 260.00 1
CELL 250.00 800.00 270.00 1
CELL 250.00 800.00 280.00 1
CELL 250.00 800.00 290.00 1
CELL 260.00 800.00 0.00 1
CELL 260.00 800.00 10.00 1
CELL 260.00 800.00 20.00 1
CELL 260.00 800.00 30.00 1
CELL 260.00 800.00 40.00 1
CELL 260.00 800.00 50.00 1
CELL 260.00 800.00 60.00 1
CELL 260.00 800.00 70.00 1
CELL 260.00 800.00 80.00 1
CELL 260.00 800.00 90.00 1
CELL 260.00 800.00 100.00 1
CELL 260.00 800.00 110.00 1
CELL 260.00 800.00 120.00 1
CELL 260.00 800.00 130.00 1
CELL 260.00 800.00 140.00 1
CELL 260.00 800.00 150.00 1
CELL 260.00 800.00 160.00 1
CELL 260.00 800.00 170.00 1
CELL 260.00 800.00 180.00 1
CELL 260.00 800.00 190.00 1
CELL 260.00 800.00 200.00 1
CELL 260.00 800.00 210.00 1
CELL 260.00 800.00 220.00 1
CELL 260.00 800.00 230.00 1
CELL 260.00 800.00 240.00 1
CELL 260.00 800.00 250.00 1
CELL 260.00 800.00 260.00 1
CELL 260.00 800.00 270.00 1
CELL 260.00 800.00 280.00 1
CELL 260.00 800.00 290.00 1
CELL 270.00 800.00 0.00 1
CELL 270.00 800.00 10.00 1
CELL 270.00 800.00 20.00 1
CELL 270.00 800.00 30.00 1
CELL 270.00 800.00 40.00 1
CELL 270.00 800.00 50.00 1
CELL 270.00 800.00 60.00 1
CELL 270.00 800.00 70.00 1
CELL 270.00 800.00 80.00 1
CELL 270.00 800.00 90.00 1
CELL 270.00 800.00 100.00 1
CELL 270.00 800.00 110.00 1
CELL 270.00 800.00 120.00 1
CELL 270.00 800.00 130.00 1
CELL 270.00 800.00 140.00 1
CELL 270.00 800.00 150.00 1
CELL 270.00 800.00 160.00 1
CELL 270.00 800.00 170.00 1
CELL 270.00 800.00 180.00 1
CELL 270.00 800.00 190.00 1
CELL 270.00 800.00 200.00 1
CELL 270.00 800.00 210.00 1
CELL 270.00 800.00 220.00 1
CELL 270.00 800.00 230.00 1
CELL 270.00 800.00 240.00 1
CELL 270.00 800.00 250.00 1
CELL 270.00 800.00 260.00 1
CELL 270.00 800.00 270.00 1
CELL 270.00 800.00 280.00 1
CELL 270.00 800.00 290.00 1
CELL 280.00 800.00 0.00 1
CELL 280.00 800.00 10.00 1
CELL 280.00 800.00 20.00 1
CELL 280.00 800.00 30.00 1
CELL 280.00 800.00 40.00 1
CELL 280.00 800.00 50.00 1
CELL 280.00 800.00 60.00 1
CELL 280.00 800.00 70.00 1
CELL 280.00 800.00 80.00 1
CELL 280.00 800.00 90.00 1
CELL 280.00 800.00 100.00 1
CELL 280.00 800.00 110.00 1
CELL 280.00 800.00 120.00 1
CELL 280.00 800.00 130.00 1
CELL 280.00 800.00 140.00 1
CELL 280.00 800.00 150.00 1
CELL 280.00 800.00 160.00 1
CELL 280.00 800.00 170.00 1
CELL 280.00 800.00 180.00 1
CELL 280.00 800.00 190.00 1
CELL 280.00 800.00 200.00 1
CELL 280.00 800.00 210.00 1
CELL 280.00 800.00 220.00 1
CELL 280.00 800.00 230.00 1
CELL 280.00 800.00 240.00 1
CELL 280.00 800.00 250.00 1
CELL 280.00 800.00 260.00 1
CELL 280.00 800.00 270.00 1
CELL 280.00 800.00 280.00 1
CELL 280.00 800.00 290.00 1
CELL 290.00 800.00 0.00 1
CELL 290.00 800.00 10.00 1
CELL 290.00 800.00 20.00 1
CELL 290.00 800.00 30.00 1
CELL 290.00 800.00 40.00 1
CELL 290.00 800.00 50.00 1
CELL 290.00 800.00 60.00 1
CELL 290.00 800.00 70.00 1
CELL 290.00 800.00 80.00 1
CELL 290.00 800.00 90.00 1
CELL 290.00 800.00 100.00 1
CELL 290.00 800.00 110.00 1
CELL 290.00 800.00 120.00 1
CELL 290.00 800.00 130.00 1
CELL 290.00 800.00 140.00 1
CELL 290.00 800.00 150.00 1
CELL 290.00 800.00 160.00 1
CELL 290.00 800.00 170.00 1
CELL 290.00 800.00 180.00 1
CELL 290.00 800.00 190.00 1
CELL 290.00 800.00 200.00 1
CELL 290.00 800.00 210.00 1
CELL 290.00 800.00 220.00 1
CELL 290.00 800.00 230.00 1
CELL 290.00 800.00 240.00 1
CELL 290.00 800.00 250.00 1
CELL 290.00 800.00 260.00 1
CELL 290.00 800.00 270.00 1
CELL 290.00 800.00 280.00 1
CELL 290.00 800.00 290.00 1
CELL 300.00 800.00 0.00 1
CELL 300.00 800.00 10.00 1
CELL 300.00 800.00 20.00 1
CELL 300.00 800.00 30.00 1
CELL 300.00 800.00 40.00 1
CELL 300.00 800.00 50.00 1
CELL 300.00 800.00 60.00 1
CELL 300.00 800.00 70.00 1
CELL 300.00 800.00 80.00 1
CELL 300.00 800.00 90.00 1
CELL 300.00 800.00 100.00 1
CELL 300.00 800.00 110.00 1
CELL 300.00 800.00 120.00 1
CELL 300.00 800.00 130.00 1
CELL 300.00 800.00 140.00 1
CELL 300.00 800.00 150.00 1
CELL 300.00 800.00 160.00 1
CELL 300.00 800.00 170.00 1
CELL 300.00 800.00 180.00 1
CELL 300.00 800.00 190.00 1
CELL 300.00 800.00 200.00 1
CELL 300.00 800.00 210.00 1
CELL 300.00 800.00 220.00 1
CELL 300.00 800.00 230.00 1
CELL 300.00 800.00 240.00 1
CELL 300.00 800.00 250.00 1
CELL 300.00 800.00 260.00 1
CELL 300.00 800.00 270.00 1
CELL 300.00 800.00 280.00 1
CELL 300.00 800.00 290.00 1
CELL 310.00 800.00 0.00 1
CELL 310.00 800.00 10.00 1
CELL 310.00 800.00 20.00 1
CELL 310.00 800.00 30.00 1
CELL 310.00 800.00 40.00 1
CELL 310.00 800.00 50.00 1
CELL 310.00 800.00 60.00 1
CELL 310.00 800.00 70.00 1
CELL 310.00 800.00 80.00 1
CELL 310.00 800.00 90.00 1
CELL 310.00 800.00 100.00 1
CELL 310.00 800.00 110.00 1
CELL 310.00 800.00 120.00 1
CELL 310.00 800.00 130.00 1
CELL 310.00 800.00 140.00 1
CELL 310.00 800.00 150.00 1
CELL 310.00 800.00 160.00 1
CELL 310.00 800.00 170.00 1
CELL 310.00 800.00 180.00 1
CELL 310.00 800.00 190.00 1
CELL 310.00 800.00 200.00 1
CELL 310.00 800.00 210.00 1
CELL 310.00 800.00 220.00 1
CELL 310.00 800.00 230.00 1
CELL 310.00 800.00 240.00 1
CELL 310.00 800.00 250.00 1
CELL 310.00 800.00 260.00 1
CELL 310.00 800.00 270.00 1
CELL 310.00 800.00 280.00 1
CELL 310.00 800.00 290.00 1
CELL 320.00 800.00 0.00 1
CELL 320.00 800.00 10.00 1
CELL 320.00 800.00 20.00 1
CELL 320.00 800.00 30.00 1
CELL 320.00 800.00 40.00 1
CELL 320.00 800.00 50.00 1
CELL 320.00 800.00 60.00 1
CELL 320.00 800.00 70.00 1
CELL 320.00 800.00 80.00 1
CELL 320.00 800.00 90.00 1
CELL 320.00 800.00 100.00 1
CELL 320.00 800.00 110.00 1
CELL 320.00 800.00 120.00 1
CELL 320.00 800.00 130.00 1
CELL 320.00 800.00 140.00 1
CELL 320.00 800.00 150.00 1
CELL 320.00 800.00 160.00 1
CELL 320.00 800.00 170.00 1
CELL 320.00 800.00 180.00 1
CELL 320.00 800.00 190.00 1
CELL 320.00 800.00 200.00 1
CELL 320.00 800.00 210.00 1
CELL 320.00 800.00 220.00 1
CELL 320.00 800.00 230.00 1
CELL 320.00 800.00 240.00 1
CELL 320.00 800.00 250.00 1
CELL 320.00 800.00 260.00 1
CELL 320.00 800.00 270.00 1
CELL 320.00 800.00 280.00 1
CELL 320.00 800.00 290.00 1
CELL 330.00 800.00 0.00 1
CELL 330.00 800.00 10.00 1
CELL 330.00 800.00 20.00 1
CELL 330.00 800.00 30.00 1
CELL 330.00 800.00 40.00 1
CELL 330.00 800.00 50.00 1
CELL 330.00 800.00 60.00 1
CELL 330.00 800.00 70.00 1
CELL 330.00 800.00 80.00 1
CELL 330.00 800.00 90.00 1
CELL 330.00 800.00 100.00 1
CELL 330.00 800.00 110.00 1
CELL 330.00 800.00 120.00 1
CELL 330.00 800.00 130.00 1
CELL 330.00 800.00 140.00 1
CELL 330.00 800.00 150.00 1
CELL 330.00 800.00 160.00 1
CELL 330.00 800.00 170.00 1
CELL 330.00 800.00 180.00 1
CELL 330.00 800.00 190.00 1
CELL 330.00 800.00 200.00 1
CELL 330.00 800.00 210.00 1
CELL 330.00 800.00 220.00 1
CELL 330.00 800.00 230.00 1
CELL 330.00 800.00 240.00 1
CELL 330.00 800.00 250.00 1
CELL 330.00 800.00 260.00 1
CELL 330.00 800.00 270.00 1
CELL 330.00 800.00 280.00 1
CELL 330.00 800.00 290.00 1
CELL 340.00 800.00 0.00 1
CELL 340.00 800.00 10.00 1
CELL 340.00 800.00 20.00 1
CELL 340.00 800.00 30.00 1
CELL 340.00 800.00 40.00 1
CELL 340.00 800.00 50.00 1
CELL 340.00 800.00 60.00 1
CELL 340.00 800.00 70.00 1
CELL 340.00 800.00 80.00 1
CELL 340.00 800.00 90.00 1
CELL 340.00 800.00 100.00 1
CELL 340.00 800.00 110.00 1
CELL 340.00 800.00 120.00 1
CELL 340.00 800.00 130.00 1
CELL 340.00 800.00 140.00 1
CELL 340.00 800.00 150.00 1
CELL 340.00 800.00 160.00 1
CELL 340.00 800.00 170.00 1
CELL 340.00 800.00 180.00 1
CELL 340.00 800.00 190.00 1
CELL 340.00 800.00 200.00 1
CELL 340.00 800.00 210.00 1
CELL 340.00 800.00 220.00 1
CELL 340.00 800.00 230.00 1
CELL 340.00 800.00 240.00 1
CELL 340.00 800.00 250.00 1
CELL 340.00 800.00 260.00 1
CELL 340.00 800.00 270.00 1
CELL 340.00 800.00 280.00 1
CELL 340.00 800.00 290.00 1
CELL 350.00 800.00 0.00 1
CELL 350.00 800.00 10.00 1
CELL 350.00 800.00 20.00 1
CELL 350.00 800.00 30.00 1
CELL 350.00 800.00 40.00 1
CELL 350.00 800.00 50.00 1
CELL 350.00 800.00 60.00 1
CELL 350.00 800.00 70.00 1
CELL 350.00 800.00 80.00 1
CELL 350.00 800.00 90.00 1
CELL 350.00 800.00 100.00 1
CELL 350.00 800.00 110.00 1
CELL 350.00 800.00 120.00 1
CELL 350.00 800.00 130.00 1
CELL 350.00 800.00 140.00 1
CELL 350.00 800.00 150.00 1
CELL 350.00 800.00 160.00 1
CELL 350.00 800.00 170.00 1
CELL 350.00 800.00 180.00 1
CELL 350.00 800.00 190.00 1
CELL 350.00 800.00 200.00 1
CELL 350.00 800.00 210.00 1
CELL 350.00 800.00 220.00 1
CELL 350.00 800.00 230.00 1
CELL 350.00 800.00 240.00 1
CELL 350.00 800.00 250.00 1
CELL 350.00 800.00 260.00 1
CELL 350.00 800.00 270.00 1
CELL 350.00 800.00 280.00 1
CELL 350.00 800.00 290.00 1
CELL 360.00 800.00 0.00 1
CELL 360.00 800.00 10.00 1
CELL 360.00 800.00 20.00 1
CELL 360.00 800.00 30.00 1
CELL 360.00 800.00 40.00 1
CELL 360.00 800.00 50.00 1
CELL 360.00 800.00 60.00 1
CELL 360.00 800.00 70.00 1
CELL 360.00 800.00 80.00 1
CELL 360.00 800.00 90.00 1
CELL 360.00 800.00 100.00 1
CELL 360.00 800.00 110.00 1
CELL 360.00 800.00 120.00 1
CELL 360.00 800.00 130.00 1
CELL 360.00 800.00 140.00 1
CELL 360.00 800.00 150.00 1
CELL 360.00 800.00 160.00 1
CELL 360.00 800.00 170.00 1
CELL 360.00 800.00 180.00 1
CELL 360.00 800.00 190.00 1
CELL 360.00 800.00 200.00 1
CELL 360.00 800.00 210.00 1
CELL 360.00 800.00 220.00 1
CELL 360.00 800.00 230.00 1
CELL 360.00 800.00 240.00 1
CELL 360.00 800.00 250.00 1
CELL 360.00 800.00 260.00 1
CELL 360.00 800.00 270.00 1
CELL 360.00 800.00 280.00 1
CELL 360.00 800.00 290.00 1
CELL 370.00 800.00 0.00 1
CELL 370.00 800.00 10.00 1
CELL 370.00 800.00 20.00 1
CELL 370.00 800.00 30.00 1
CELL 370.00 800.00 40.00 1
CELL 370.00 800.00 50.00 1
CELL 370.00 800.00 60.00 1
CELL 370.00 800.00 70.00 1
CELL 370.00 800.00 80.00 1
CELL 370.00 800.00 90.00 1
CELL 370.00 800.00 100.00 1
CELL 370.00 800.00 110.00 1
CELL 370.00 800.00 120.00 1
CELL 370.00 800.00 130.00 1
CELL 370.00 800.00 140.00 1
CELL 370.00 800.00 150.00 1
CELL 370.00 800.00 160.00 1
CELL 370.00 800.00 170.00 1
CELL 370.00 800.00 180.00 1
CELL 370.00 800.00 190.00 1
CELL 370.00 800.00 200.00 1
CELL 370.00 800.00 210.00 1
CELL 370.00 800.00 220.00 1
CELL 370.00 800.00 230.00 1
CELL 370.00 800.00 240.00 1
CELL 370.00 800.00 250.00 1
CELL 370.00 800.00 260.00 1
CELL 370.00 800.00 270.00 1
CELL 370.00 800.00 280.00 1
CELL 370.00 800.00 290.00 1
CELL 380.00 800.00 0.00 1
CELL 380.00 800.00 10.00 1
CELL 380.00 800.00 20.00 1
CELL 380.00 800.00 30.00 1
CELL 380.00 800.00 40.00 1
CELL 380.00 800.00 50.00 1
CELL 380.00 800.00 60.00 1
CELL 380.00 800.00 70.00 1
CELL 380.00 800.00 80.00 1
CELL 380.00 800.00 90.00 1
CELL 380.00 800.00 100.00 1
CELL 380.00 800.00 110.00 1
CELL 380.00 800.00 120.00 1
CELL 380.00 800.00 130.00 1
CELL 380.00 800.00 140.00 1
CELL 380.00 800.00 150.00 1
CELL 380.00 800.00 160.00 1
CELL 380.00 800.00 170.00 1
CELL 380.00 800.00 180.00 1
CELL 380.00 800.00 190.00 1
CELL 380.00 800.00 200.00 1
CELL 380.00 800.00 210.00 1
CELL 380.00 800.00 220.00 1
CELL 380.00 800.00 230.00 1
CELL 380.00 800.00 240.00 1
CELL 380.00 800.00 250.00 1
CELL 380.00 800.00 260.00 1
CELL 380.00 800.00 270.00 1
CELL 380.00 800.00 280.00 1
CELL 380.00 800.00 290.00 1
CELL 390.00 800.00 0.00 1
CELL 390.00 800.00 10.00 1
CELL 390.00 800.00 20.00 1
CELL 390.00 800.00 30.00 1
CELL 390.00 800.00 40.00 1
CELL 390.00 800.00 50.00 1
CELL 390.00 800.00 60.00 1
CELL 390.00 800.00 70.00 1
CELL 390.00 800.00 80.00 1
CELL 390.00 800.00 90.00 1
CELL 390.00 800.00 100.00 1
CELL 390.00 800.00 110.00 1
CELL 390.00 800.00 120.00 1
CELL 390.00 800.00 130.00 1
CELL 390.00 800.00 140.00 1
CELL 390.00 800.00 150.00 1
CELL 390.00 800.00 160.00 1
CELL 390.00 800.00 170.00 1
CELL 390.00 800.00 180.00 1
CELL 390.00 800.00 190.00 1
CELL 390.00 800.00 200.00 1
CELL 390.00 800.00 210.00 1
CELL 390.00 800.00 220.00 1
CELL 390.00 800.00 230.00 1
CELL 390.00 800.00 240.00 1
CELL 390.00 800.00 250.00 1
CELL 390.00 800.00 260.00 1
CELL 390.00 800.00 270.00 1
CELL 390.00 800.00 280.00 1
CELL 390.00 800.00 290.00 1
CELL 400.00 800.00 0.00 1
CELL 400.00 800.00 10.00 1
CELL 400.00 800.00 20.00 1
CELL 400.00 800.00 30.00 1
CELL 400.00 800.00 40.00 1
CELL 400.00 800.00 50.00 1
CELL 400.00 800.00 60.00 1
CELL 400.00 800.00 70.00 1
CELL 400.00 800.00 80.00 1
CELL 400.00 800.00 90.00 1
CELL 400.00 800.00 100.00 1
CELL 400.00 800.00 110.00 1
CELL 400.00 800.00 120.00 1
CELL 400.00 800.00 130.00 1
CELL 400.00 800.00 140.00 1
CELL 400.00 800.00 150.00 1
CELL 400.00 800.00 160.00 1
CELL 400.00 800.00 170.00 1
CELL 400.00 800.00 180.00 1
CELL 400.00 800.00 190.00 1
CELL 400.00 800.00 200.00 1
CELL 400.00 800.00 210.00 1
CELL 400.00 800.00 220.00 1
CELL 400.00 800.00 230.00 1
CELL 400.00 800.00 240.00 1
CELL 400.00 800.00 250.00 1
CELL 400.00 800.00 260.00 1
CELL 400.00 800.00 270.00 1
CELL 400.00 800.00 280.00 1
CELL 400.00 800.00 290.00 1
CELL 410.00 800.00 0.00 1
CELL 410.00 800.00 10.00 1
CELL 410.00 800.00 20.00 1
CELL 410.00 800.00 30.00 1
CELL 410.00 800.00 40.00 1
CELL 410.00 800.00 50.00 1
CELL 410.00 800.00 60.00 1
CELL 410.00 800.00 70.00 1
CELL 410.00 800.00 80.00 1
CELL 410.00 800.00 90.00 1
CELL 410.00 800.00 100.00 1
CELL 410.00 800.00 110.00 1
CELL 410.00 800.00 120.00 1
CELL 410.00 800.00 130.00 1
CELL 410.00 800.00 140.00 1
CELL 410.00 800.00 150.00 1
CELL 410.00 800.00 160.00 1
CELL 410.00 800.00 170.00 1
CELL 410.00 800.00 180.00 1
CELL 410.00 800.00 190.00 1
CELL 410.00 800.00 200.00 1
CELL 410.00 800.00 210.00 1
CELL 410.00 800.00 220.00 1
CELL 410.00 800.00 230.00 1
CELL 410.00 800.00 240.00 1
CELL 410.00 800.00 250.00 1
CELL 410.00 800.00 260.00 1
CELL 410.00 800.00 270.00 1
CELL 410.00 800.00 280.00 1
CELL 410.00 800.00 290.00 1
CELL 420.00 800.00 0.00 1
CELL 420.00 800.00 10.00 1
CELL 420.00 800.00 20.00 1
CELL 420.00 800.00 30.00 1
CELL 420.00 800.00 40.00 1
CELL 420.00 800.00 50.00 1
CELL 420.00 800.00 60.00 1
CELL 420.00 800.00 70.00 1
CELL 420.00 800.00 80.00 1
CELL 420.00 800.00 90.00 1
CELL 420.00 800.00 100.00 1
CELL 420.00 800.00 110.00 1
CELL 420.00 800.00 120.00 1
CELL 420.00 800.00 130.00 1
CELL 420.00 800.00 140.00 1
CELL 420.00 800.00 150.00 1
CELL 420.00 800.00 160.00 1
CELL 420.00 800.00 170.00 1
CELL 420.00 800.00 180.00 1
CELL 420.00 800.00 190.00 1
CELL 420.00 800.00 200.00 1
CELL 420.00 800.00 210.00 1
CELL 420.00 800.00 220.00 1
CELL 420.00 800.00 230.00 1
CELL 420.00 800.00 240.00 1
CELL 420.00 800.00 250.00 1
CELL 420.00 800.00 260.00 1
CELL 420.00 800.00 270.00 1
CELL 420.00 800.00 280.00 1
CELL 420.00 800.00 290.00 1
CELL 430.00 800.00 0.00 1
CELL 430.00 800.00 10.00 1
CELL 430.00 800.00 20.00 1
CELL 430.00 800.00 30.00 1
CELL 430.00 800.00 40.00 1
CELL 430.00 800.00 50.00 1
CELL 430.00 800.00 60.00 1
CELL 430.00 800.00 70.00 1
CELL 430.00 800.00 80.00 1
CELL 430.00 800.00 90.00 1
CELL 430.00 800.00 100.00 1
CELL 430.00 800.00 110.00 1
CELL 430.00 800.00 120.00 1
CELL 430.00 800.00 130.00 1
CELL 430.00 800.00 140.00 1
CELL 430.00 800.00 150.00 1
CELL 430.00 800.00 160.00 1
CELL 430.00 800.00 170.00 1
CELL 430.00 800.00 180.00 1
CELL 430.00 800.00 190.00 1
CELL 430.00 800.00 200.00 1
CELL 430.00 800.00 210.00 1
CELL 430.00 800.00 220.00 1
CELL 430.00 800.00 230.00 1
CELL 430.00 800.00 240.00 1
CELL 430.00 800.00 250.00 1
CELL 430.00 800.00 260.00 1
CELL 430.00 800.00 270.00 1
CELL 430.00 800.00 280.00 1
CELL 430.00 800.00 290.00 1
CELL 440.00 800.00 0.00 1
CELL 440.00 800.00 10.00 1
CELL 440.00 800.00 20.00 1
CELL 440.00 800.00 30.00 1
CELL 440.00 800.00 40.00 1
CELL 440.00 800.00 50.00 1
CELL 440.00 800.00 60.00 1
CELL 440.00 800.00 70.00 1
CELL 440.00 800.00 80.00 1
CELL 440.00 800.00 90.00 1
CELL 440.00 800.00 100.00 1
CELL 440.00 800.00 110.00 1
CELL 440.00 800.00 120.00 1
CELL 440.00 800.00 130.00 1
CELL 440.00 800.00 140.00 1
CELL 440.00 800.00 150.00 1
CELL 440.00 800.00 160.00 1
CELL 440.00 800.00 170.00 1
CELL 440.00 800.00 180.00 1
CELL 440.00 800.00 190.00 1
CELL 440.00 800.00 200.00 1
CELL 440.00 800.00 210.00 1
CELL 440.00 800.00 220.00 1
CELL 440.00 800.00 230.00 1
CELL 440.00 800.00 240.00 1
CELL 440.00 800.00 250.00 1
CELL 440.00 800.00 260.00 1
CELL 440.00 800.00 270.00 1
CELL 440.00 800.00 280.00 1
CELL 440.00 800.00 290.00 1
CELL 450.00 800.00 0.00 1
CELL 450.00 800.00 10.00 1
CELL 450.00 800.00 20.00 1
CELL 450.00 800.00 30.00 1
CELL 450.00 800.00 40.00 1
CELL 450.00 800.00 50.00 1
CELL 450.00 800.00 60.00 1
CELL 450.00 800.00 70.00 1
CELL 450.00 800.00 80.00 1
CELL 450.00 800.00 90.00 1
CELL 450.00 800.00 100.00 1
CELL 450.00 800.00 110.00 1
CELL 450.00 800.00 120.00 1
CELL 450.00 800.00 130.00 1
CELL 450.00 800.00 140.00 1
CELL 450.00 800.00 150.00 1
CELL 450.00 800.00 160.00 1
CELL 450.00 800.00 170.00 1
CELL 450.00 800.00 180.00 1
CELL 450.00 800.00 190.00 1
CELL 450.00 800.00 200.00 1
CELL 450.00 800.00 210.00 1
CELL 450.00 800.00 220.00 1
CELL 450.00 800.00 230.00 1
CELL 450.00 800.00 240.00 1
CELL 450.00 800.00 250.00 1
CELL 450.00 800.00 260.00 1
CELL 450.00 800.00 270.00 1
CELL 450.00 800.00 280.00 1
CELL 450.00 800.00 290.00 1
CELL 460.00 800.00 0.00 1
CELL 460.00 800.00 10.00 1
CELL 460.00 800.00 20.00 1
CELL 460.00 800.00 30.00 1
CELL 460.00 800.00 40.00 1
CELL 460.00 800.00 50.00 1
CELL 460.00 800.00 60.00 1
CELL 460.00 800.00 70.00 1
CELL 460.00 800.00 80.00 1
CELL 460.00 800.00 90.00 1
CELL 460.00 800.00 100.00 1
CELL 460.00 800.00 110.00 1
CELL 460.00 800.00 120.00 1
CELL 460.00 800.00 130.00 1
CELL 460.00 800.00 140.00 1
CELL 460.00 800.00 150.00 1
CELL 460.00 800.00 160.00 1
CELL 460.00 800.00 170.00 1
CELL 460.00 800.00 180.00 1
CELL 460.00 800.00 190.00 1
CELL 460.00 800.00 200.00 1
CELL 460.00 800.00 210.00 1
CELL 460.00 800.00 220.00 1
CELL 460.00 800.00 230.00 1
CELL 460.00 800.00 240.00 1
CELL 460.00 800.00 250.00 1
CELL 460.00 800.00 260.00 1
CELL 460.00 800.00 270.00 1
CELL 460.00 800.00 280.00 1
CELL 460.00 800.00 290.00 1
CELL 470.00 800.00 0.00 1
CELL 470.00 800.00 10.00 1
CELL 470.00 800.00 20.00 1
CELL 470.00 800.00 30.00 1
CELL 470.00 800.00 40.00 1
CELL 470.00 800.00 50.00 1
CELL 470.00 800.00 60.00 1
CELL 470.00 800.00 70.00 1
CELL 470.00 800.00 80.00 1
CELL 470.00 800.00 90.00 1
CELL 470.00 800.00 100.00 1
CELL 470.00 800.00 110.00 1
CELL 470.00 800.00 120.00 1
CELL 470.00 800.00 130.00 1
CELL 470.00 800.00 140.00 1
CELL 470.00 800.00 150.00 1
CELL 470.00 800.00 160.00 1
CELL 470.00 800.00 170.00 1
CELL 470.00 800.00 180.00 1
CELL 470.00 800.00 190.00 1
CELL 470.00 800.00 200.00 1
CELL 470.00 800.00 210.00 1
CELL 470.00 800.00 220.00 1
CELL 470.00 800.00 230.00 1
CELL 470.00 800.00 240.00 1
CELL 470.00 800.00 250.00 1
CELL 470.00 800.00 260.00 1
CELL 470.00 800.00 270.00 1
CELL 470.00 800.00 280.00 1
CELL 470.00 800.00 290.00 1
CELL 480.00 800.00 0.00 1
CELL 480.00 800.00 10.00 1
CELL 480.00 800.00 20.00 1
CELL 480.00 800.00 30.00 1
CELL 480.00 800.00 40.00 1
CELL 480.00 800.00 50.00 1
CELL 480.00 800.00 60.00 1
CELL 480.00 800.00 70.00 1
CELL 480.00 800.00 80.00 1
CELL 480.00 800.00 90.00 1
CELL 480.00 800.00 100.00 1
CELL 480.00 800.00 110.00 1
CELL 480.00 800.00 120.00 1
CELL 480.00 800.00 130.00 1
CELL 480.00 800.00 140.00 1
CELL 480.00 800.00 150.00 1
CELL 480.00 800.00 160.00 1
CELL 480.00 800.00 170.00 1
CELL 480.00 800.00 180.00 1
CELL 480.00 800.00 190.00 1
CELL 480.00 800.00 200.00 1
CELL 480.00 800.00 210.00 1
CELL 480.00 800.00 220.00 1
CELL 480.00 800.00 230.00 1
CELL 480.00 800.00 240.00 1
CELL 480.00 800.00 250.00 1
CELL 480.00 800.00 260.00 1
CELL 480.00 800.00 270.00 1
CELL 480.00 800.00 280.00 1
CELL 480.00 800.00 290.00 1
CELL 490.00 800.00 0.00 1
CELL 490.00 800.00 10.00 1
CELL 490.00 800.00 20.00 1
CELL 490.00 800.00 30.00 1
CELL 490.00 800.00 40.00 1
CELL 490.00 800.00 50.00 1
CELL 490.00 800.00 60.00 1
CELL 490.00 800.00 70.00 1
CELL 490.00 800.00 80.00 1
CELL 490.00 800.00 90.00 1
CELL 490.00 800.00 100.00 1
CELL 490.00 800.00 110.00 1
CELL 490.00 800.00 120.00 1
CELL 490.00 800.00 130.00 1
CELL 490.00 800.00 140.00 1
CELL 490.00 800.00 150.00 1
CELL 490.00 800.00 160.00 1
CELL 490.00 800.00 170.00 1
CELL 490.00 800.00 180.00 1
CELL 490.00 800.00 190.00 1
CELL 490.00 800.00 200.00 1
CELL 490.00 800.00 210.00 1
CELL 490.00 800.00 220.00 1
CELL 490.00 800.00 230.00 1
CELL 490.00 800.00 240.00 1
CELL 490.00 800.00 250.00 1
CELL 490.00 800.00 260.00 1
CELL 490.00 800.00 270.00 1
CELL 490.00 800.00 280.00 1
CELL 490.00 800.00 290.00 1
CELL 500.00 800.00 0.00 1
CELL 500.00 800.00 10.00 1
CELL 500.00 800.00 20.00 1
CELL 500.00 800.00 30.00 1
CELL 500.00 800.00 40.00 1
CELL 500.00 800.00 50.00 1
CELL 500.00 800.00 60.00 1
CELL 500.00 800.00 70.00 1
CELL 500.00 800.00 80.00 1
CELL 500.00 800.00 90.00 1
CELL 500.00 800.00 100.00 1
CELL 500.00 800.00 110.00 1
CELL 500.00 800.00 120.00 1
CELL 500.00 800.00 130.00 1
CELL 500.00 800.00 140.00 1
CELL 500.00 800.00 150.00 1
CELL 500.00 800.00 160.00 1
CELL 500.00 800.00 170.00 1
CELL 500.00 800.00 180.00 1
CELL 500.00 800.00 190.00 1
CELL 500.00 800.00 200.00 1
CELL 500.00 800.00 210.00 1
CELL 500.00 800.00 220.00 1
CELL 500.00 800.00 230.00 1
CELL 500.00 800.00 240.00 1
CELL 500.00 800.00 250.00 1
CELL 500.00 800.00 260.00 1
CELL 500.00 800.00 270.00 1
CELL 500.00 800.00 280.00 1
CELL 500.00 800.00 290.00 1
CELL 510.00 800.00 0.00 1
CELL 510.00 800.00 10.00 1
CELL 510.00 800.00 20.00 1
CELL 510.00 800.00 30.00 1
CELL 510.00 800.00 40.00 1
CELL 510.00 800.00 50.00 1
CELL 510.00 800.00 60.00 1
CELL 510.00 800.00 70.00 1
CELL 510.00 800.00 80.00 1
CELL 510.00 800.00 90.00 1
CELL 510.00 800.00 100.00 1
CELL 510.00 800.00 110.00 1
CELL 510.00 800.00 120.00 1
CELL 510.00 800.00 130.00 1
CELL 510.00 800.00 140.00 1
CELL 510.00 800.00 150.00 1
CELL 510.00 800.00 160.00 1
CELL 510.00 800.00 170.00 1
CELL 510.00 800.00 180.00 1
CELL 510.00 800.00 190.00 1
CELL 510.00 800.00 200.00 1
CELL 510.00 800.00 210.00 1
CELL 510.00 800.00 220.00 1
CELL 510.00 800.00 230.00 1
CELL 510.00 800.00 240.00 1
CELL 510.00 800.00 250.00 1
CELL 510.00 800.00 260.00 1
CELL 510.00 800.00 270.00 1
CELL 510.00 800.00 280.00 1
CELL 510.00 800.00 290.00 1
CELL 520.00 800.00 0.00 1
CELL 520.00 800.00 10.00 1
CELL 520.00 800.00 20.00 1
CELL 520.00 800.00 30.00 1
CELL 520.00 800.00 40.00 1
CELL 520.00 800.00 50.00 1
CELL 520.00 800.00 60.00 1
CELL 520.00 800.00 70.00 1
CELL 520.00 800.00 80.00 1
CELL 520.00 800.00 90.00 1
CELL 520.00 800.00 100.00 1
CELL 520.00 800.00 110.00 1
CELL 520.00 800.00 120.00 1
CELL 520.00 800.00 130.00 1
CELL 520.00 800.00 140.00 1
CELL 520.00 800.00 150.00 1
CELL 520.00 800.00 160.00 1
CELL 520.00 800.00 170.00 1
CELL 520.00 800.00 180.00 1
CELL 520.00 800.00 190.00 1
CELL 520.00 800.00 200.00 1
CELL 520.00 800.00 210.00 1
CELL 520.00 800.00 220.00 1
CELL 520.00 800.00 230.00 1
CELL 520.00 800.00 240.00 1
CELL 520.00 800.00 250.00 1
CELL 520.00 800.00 260.00 1
CELL 520.00 800.00 270.00 1
CELL 520.00 800.00 280.00 1
CELL 520.00 800.00 290.00 1
CELL 530.00 800.00 0.00 1
CELL 530.00 800.00 10.00 1
CELL 530.00 800.00 20.00 1
CELL 530.00 800.00 30.00 1
CELL 530.00 800.00 40.00 1
CELL 530.00 800.00 50.00 1
CELL 530.00 800.00 60.00 1
CELL 530.00 800.00 70.00 1
CELL 530.00 800.00 80.00 1
CELL 530.00 800.00 90.00 1
CELL 530.00 800.00 100.00 1
CELL 530.00 800.00 110.00 1
CELL 530.00 800.00 120.00 1
CELL 530.00 800.00 130.00 1
CELL 530.00 800.00 140.00 1
CELL 530.00 800.00 150.00 1
CELL 530.00 800.00 160.00 1
CELL 530.00 800.00 170.00 1
CELL 530.00 800.00 180.00 1
CELL 530.00 800.00 190.00 1
CELL 530.00 800.00 200.00 1
CELL 530.00 800.00 210.00 1
CELL 530.00 800.00 220.00 1
CELL 530.00 800.00 230.00 1
CELL 530.00 800.00 240.00 1
CELL 530.00 800.00 250.00 1
CELL 530.00 800.00 260.00 1
CELL 530.00 800.00 270.00 1
CELL 530.00 800.00 280.00 1
CELL 530.00 800.00 290.00 1
CELL 540.00 800.00 0.00 1
CELL 540.00 800.00 10.00 1
CELL 540.00 800.00 20.00 1
CELL 540.00 800.00 30.00 1
CELL 540.00 800.00 40.00 1
CELL 540.00 800.00 50.00 1
CELL 540.00 800.00 60.00 1
CELL 540.00 800.00 70.00 1
CELL 540.00 800.00 80.00 1
CELL 540.00 800.00 90.00 1
CELL 540.00 800.00 100.00 1
CELL 540.00 800.00 110.00 1
CELL 540.00 800.00 120.00 1
CELL 540.00 800.00 130.00 1
CELL 540.00 800.00 140.00 1
CELL 540.00 800.00 150.00 1
CELL 540.00 800.00 160.00 1
CELL 540.00 800.00 170.00 1
CELL 540.00 800.00 180.00 1
CELL 540.00 800.00 190.00 1
CELL 540.00 800.00 200.00 1
CELL 540.00 800.00 210.00 1
CELL 540.00 800.00 220.00 1
CELL 540.00 800.00 230.00 1
CELL 540.00 800.00 240.00 1
CELL 540.00 800.00 250.00 1
CELL 540.00 800.00 260.00 1
CELL 540.00 800.00 270.00 1
CELL 540.00 800.00 280.00 1
CELL 540.00 800.00 290.00 1
CELL 550.00 800.00 0.00 1
CELL 550.00 800.00 10.00 1
CELL 550.00 800.00 20.00 1
CELL 550.00 800.00 30.00 1
CELL 550.00 800.00 40.00 1
CELL 550.00 800.00 50.00 1
CELL 550.00 800.00 60.00 1
CELL 550.00 800.00 70.00 1
CELL 550.00 800.00 80.00 1
CELL 550.00 800.00 90.00 1
CELL 550.00 800.00 100.00 1
CELL 550.00 800.00 110.00 1
CELL 550.00 800.00 120.00 1
CELL 550.00 800.00 130.00 1
CELL 550.00 800.00 140.00 1
CELL 550.00 800.00 150.00 1
CELL 550.00 800.00 160.00 1
CELL 550.00 800.00 170.00 1
CELL 550.00 800.00 180.00 1
CELL 550.00 800.00 190.00 1
CELL 550.00 800.00 200.00 1
CELL 550.00 800.00 210.00 1
CELL 550.00 800.00 220.00 1
CELL 550.00 800.00 230.00 1
CELL 550.00 800.00 240.00 1
CELL 550.00 800.00 250.00 1
CELL 550.00 800.00 260.00 1
CELL 550.00 800.00 270.00 1
CELL 550.00 800.00 280.00 1
CELL 550.00 800.00 290.00 1
CELL 560.00 800.00 0.00 1
CELL 560.00 800.00 10.00 1
CELL 560.00 800.00 20.00 1
CELL 560.00 800.00 30.00 1
CELL 560.00 800.00 40.00 1
CELL 560.00 800.00 50.00 1
CELL 560.00 800.00 60.00 1
CELL 560.00 800.00 70.00 1
CELL 560.00 800.00 80.00 1
CELL 560.00 800.00 90.00 1
CELL 560.00 800.00 100.00 1
CELL 560.00 800.00 110.00 1
CELL 560.00 800.00 120.00 1
CELL 560.00 800.00 130.00 1
CELL 560.00 800.00 140.00 1
CELL 560.00 800.00 150.00 1
CELL 560.00 800.00 160.00 1
CELL 560.00 800.00 170.00 1
CELL 560.00 800.00 180.00 1
CELL 560.00 800.00 190.00 1
CELL 560.00 800.00 200.00 1
CELL 560.00 800.00 210.00 1
CELL 560.00 800.00 220.00 1
CELL 560.00 800.00 230.00 1
CELL 560.00 800.00 240.00 1
CELL 560.00 800.00 250.00 1
CELL 560.00 800.00 260.00 1
CELL 560.00 800.00 270.00 1
CELL 560.00 800.00 280.00 1
CELL 560.00 800.00 290.00 1
CELL 570.00 800.00 0.00 1
CELL 570.00 800.00 10.00 1
CELL 570.00 800.00 20.00 1
CELL 570.00 800.00 30.00 1
CELL 570.00 800.00 40.00 1
CELL 570.00 800.00 50.00 1
CELL 570.00 800.00 60.00 1
CELL 570.00 800.00 70.00 1
CELL 570.00 800.00 80.00 1
CELL 570.00 800.00 90.00 1
CELL 570.00 800.00 100.00 1
CELL 570.00 800.00 110.00 1
CELL 570.00 800.00 120.00 1
CELL 570.00 800.00 130.00 1
CELL 570.00 800.00 140.00 1
CELL 570.00 800.00 150.00 1
CELL 570.00 800.00 160.00 1
CELL 570.00 800.00 170.00 1
CELL 570.00 800.00 180.00 1
CELL 570.00 800.00 190.00 1
CELL 570.00 800.00 200.00 1
CELL 570.00 800.00 210.00 1
CELL 570.00 800.00 220.00 1
CELL 570.00 800.00 230.00 1
CELL 570.00 800.00 240.00 1
CELL 570.00 800.00 250.00 1
CELL 570.00 800.00 260.00 1
CELL 570.00 800.00 270.00 1
CELL 570.00 800.00 280.00 1
CELL 570.00 800.00 290.00 1
CELL 580.00 800.00 0.00 1
CELL 580.00 800.00 10.00 1
CELL 580.00 800.00 20.00 1
CELL 580.00 800.00 30.00 1
CELL 580.00 800.00 40.00 1
CELL 580.00 800.00 50.00 1
CELL 580.00 800.00 60.00 1
CELL 580.00 800.00 70.00 1
CELL 580.00 800.00 80.00 1
CELL 580.00 800.00 90.00 1
CELL 580.00 800.00 100.00 1
CELL 580.00 800.00 110.00 1
CELL 580.00 800.00 120.00 1
CELL 580.00 800.00 130.00 1
CELL 580.00 800.00 140.00 1
CELL 580.00 800.00 150.00 1
CELL 580.00 800.00 160.00 1
CELL 580.00 800.00 170.00 1
CELL 580.00 800.00 180.00 1
CELL 580.00 800.00 190.00 1
CELL 580.00 800.00 200.00 1
CELL 580.00 800.00 210.00 1
CELL 580.00 800.00 220.00 1
CELL 580.00 800.00 230.00 1
CELL 580.00 800.00 240.00 1
CELL 580.00 800.00 250.00 1
CELL 580.00 800.00 260.00 1
CELL 580.00 800.00 270.00 1
CELL 580.00 800.00 280.00 1
CELL 580.00 800.00 290.00 1
CELL 590.00 800.00 0.00 1
CELL 590.00 800.00 10.00 1
CELL 590.00 800.00 20.00 1
CELL 590.00 800.00 30.00 1
CELL 590.00 800.00 40.00 1
CELL 590.00 800.00 50.00 1
CELL 590.00 800.00 60.00 1
CELL 590.00 800.00 70.00 1
CELL 590.00 800.00 80.00 1
CELL 590.00 800.00 90.00 1
CELL 590.00 800.00 100.00 1
CELL 590.00 800.00 110.00 1
CELL 590.00 800.00 120.00 1
CELL 590.00 800.00 130.00 1
CELL 590.00 800.00 140.00 1
CELL 590.00 800.00 150.00 1
CELL 590.00 800.00 160.00 1
CELL 590.00 800.00 170.00 1
CELL 590.00 800.00 180.00 1
CELL 590.00 800.00 190.00 1
CELL 590.00 800.00 200.00 1
CELL 590.00 800.00 210.00 1
CELL 590.00 800.00 220.00 1
CELL 590.00 800.00 230.00 1
CELL 590.00 800.00 240.00 1
CELL 590.00 800.00 250.00 1
CELL 590.00 800.00 260.00 1
CELL 590.00 800.00 270.00 1
CELL 590.00 800.00 280.00 1
CELL 590.00 800.00 290.00 1
CELL 0.00 10.00 0.00 1
CELL 0.00 10.00 10.00 1
CELL 0.00 10.00 20.00 1
CELL 0.00 10.00 30.00 1
CELL 0.00 10.00 40.00 1
CELL 0.00 10.00 50.00 1
CELL 0.00 10.00 60.00 1
CELL 0.00 10.00 70.00 1
CELL 0.00 10.00 80.00 1
CELL 0.00 10.00 90.00 1
CELL 0.00 10.00 100.00 1
CELL 0.00 10.00 110.00 1
CELL 0.00 10.00 120.00 1
CELL 0.00 10.00 130.00 1
CELL 0.00 10.00 140.00 1
CELL 0.00 10.00 150.00 1
CELL 0.00 10.00 160.00 1
CELL 0.00 10.00 170.00 1
CELL 0.00 10.00 180.00 1
CELL 0.00 10.00 190.00 1
CELL 0.00 10.00 200.00 1
CELL 0.00 10.00 210.00 1
CELL 0.00 10.00 220.00 1
CELL 0.00 10.00 230.00 1
CELL 0.00 10.00 240.00 1
CELL 0.00 10.00 250.00 1
CELL 0.00 10.00 260.00 1
CELL 0.00 10.00 270.00 1
CELL 0.00 10.00 280.00 1
CELL 0.00 10.00 290.00 1
CELL 0.00 20.00 0.00 1
CELL 0.00 20.00 10.00 1
CELL 0.00 20.00 20.00 1
CELL 0.00 20.00 30.00 1
CELL 0.00 20.00 40.00 1
CELL 0.00 20.00 50.00 1
CELL 0.00 20.00 60.00 1
CELL 0.00 20.00 70.00 1
CELL 0.00 20.00 80.00 1
CELL 0.00 20.00 90.00 1
CELL 0.00 20.00 100.00 1
CELL 0.00 20.00 110.00 1
CELL 0.00 20.00 120.00 1
CELL 0.00 20.00 130.00 1
CELL 0.00 20.00 140.00 1
CELL 0.00 20.00 150.00 1
CELL 0.00 20.00 160.00 1
CELL 0.00 20.00 170.00 1
CELL 0.00 20.00 180.00 1
CELL 0.00 20.00 190.00 1
CELL 0.00 20.00 200.00 1
CELL 0.00 20.00 210.00 1
CELL 0.00 20.00 220.00 1
CELL 0.00 20.00 230.00 1
CELL 0.00 20.00 240.00 1
CELL 0.00 20.00 250.00 1
CELL 0.00 20.00 260.00 1
CELL 0.00 20.00 270.00 1
CELL 0.00 20.00 280.00 1
CELL 0.00 20.00 290.00 1
CELL 0.00 30.00 0.00 1
CELL 0.00 30.00 10.00 1
CELL 0.00 30.00 20.00 1
CELL 0.00 30.00 30.00 1
CELL 0.00 30.00 40.00 1
CELL 0.00 30.00 50.00 1
CELL 0.00 30.00 60.00 1
CELL 0.00 30.00 70.00 1
CELL 0.00 30.00 80.00 1
CELL 0.00 30.00 90.00 1
CELL 0.00 30.00 100.00 1
CELL 0.00 30.00 110.00 1
CELL 0.00 30.00 120.00 1
CELL 0.00 30.00 130.00 1
CELL 0.00 30.00 140.00 1
CELL 0.00 30.00 150.00 1
CELL 0.00 30.00 160.00 1
CELL 0.00 30.00 170.00 1
CELL 0.00 30.00 180.00 1
CELL 0.00 30.00 190.00 1
CELL 0.00 30.00 200.00 1
CELL 0.00 30.00 210.00 1
CELL 0.00 30.00 220.00 1
CELL 0.00 30.00 230.00 1
CELL 0.00 30.00 240.00 1
CELL 0.00 30.00 250.00 1
CELL 0.00 30.00 260.00 1
CELL 0.00 30.00 270.00 1
CELL 0.00 30.00 280.00 1
CELL 0.00 30.00 290.00 1
CELL 0.00 40.00 0.00 1
CELL 0.00 40.00 10.00 1
CELL 0.00 40.00 20.00 1
CELL 0.00 40.00 30.00 1
CELL 0.00 40.00 40.00 1
CELL 0.00 40.00 50.00 1
CELL 0.00 40.00 60.00 1
CELL 0.00 40.00 70.00 1
CELL 0.00 40.00 80.00 1
CELL 0.00 40.00 90.00 1
CELL 0.00 40.00 100.00 1
CELL 0.00 40.00 110.00 1
CELL 0.00 40.00 120.00 1
CELL 0.00 40.00 130.00 1
CELL 0.00 40.00 140.00 1
CELL 0.00 40.00 150.00 1
CELL 0.00 40.00 160.00 1
CELL 0.00 40.00 170.00 1
CELL 0.00 40.00 180.00 1
CELL 0.00 40.00 190.00 1
CELL 0.00 40.00 200.00 1
CELL 0.00 40.00 210.00 1
CELL 0.00 40.00 220.00 1
CELL 0.00 40.00 230.00 1
CELL 0.00 40.00 240.00 1
CELL 0.00 40.00 250.00 1
CELL 0.00 40.00 260.00 1
CELL 0.00 40.00 270.00 1
CELL 0.00 40.00 280.00 1
CELL 0.00 40.00 290.00 1
CELL 0.00 50.00 0.00 1
CELL 0.00 50.00 10.00 1
CELL 0.00 50.00 20.00 1
CELL 0.00 50.00 30.00 1
CELL 0.00 50.00 40.00 1
CELL 0.00 50.00 50.00 1
CELL 0.00 50.00 60.00 1
CELL 0.00 50.00 70.00 1
CELL 0.00 50.00 80.00 1
CELL 0.00 50.00 90.00 1
CELL 0.00 50.00 100.00 1
CELL 0.00 50.00 110.00 1
CELL 0.00 50.00 120.00 1
CELL 0.00 50.00 130.00 1
CELL 0.00 50.00 140.00 1
CELL 0.00 50.00 150.00 1
CELL 0.00 50.00 160.00 1
CELL 0.00 50.00 170.00 1
CELL 0.00 50.00 180.00 1
CELL 0.00 50.00 190.00 1
CELL 0.00 50.00 200.00 1
CELL 0.00 50.00 210.00 1
CELL 0.00 50.00 220.00 1
CELL 0.00 50.00 230.00 1
CELL 0.00 50.00 240.00 1
CELL 0.00 50.00 250.00 1
CELL 0.00 50.00 260.00 1
CELL 0.00 50.00 270.00 1
CELL 0.00 50.00 280.00 1
CELL 0.00 50.00 290.00 1
CELL 0.00 60.00 0.00 1
CELL 0.00 60.00 10.00 1
CELL 0.00 60.00 20.00 1
CELL 0.00 60.00 30.00 1
CELL 0.00 60.00 40.00 1
CELL 0.00 60.00 50.00 1
CELL 0.00 60.00 60.00 1
CELL 0.00 60.00 70.00 1
CELL 0.00 60.00 80.00 1
CELL 0.00 60.00 90.00 1
CELL 0.00 60.00 100.00 1
CELL 0.00 60.00 110.00 1
CELL 0.00 60.00 120.00 1
CELL 0.00 60.00 130.00 1
CELL 0.00 60.00 140.00 1
CELL 0.00 60.00 150.00 1
CELL 0.00 60.00 160.00 1
CELL 0.00 60.00 170.00 1
CELL 0.00 60.00 180.00 1
CELL 0.00 60.00 190.00 1
CELL 0.00 60.00 200.00 1
CELL 0.00 60.00 210.00 1
CELL 0.00 60.00 220.00 1
CELL 0.00 60.00 230.00 1
CELL 0.00 60.00 240.00 1
CELL 0.00 60.00 250.00 1
CELL 0.00 60.00 260.00 1
CELL 0.00 60.00 270.00 1
CELL 0.00 60.00 280.00 1
CELL 0.00 60.00 290.00 1
CELL 0.00 70.00 0.00 1
CELL 0.00 70.00 10.00 1
CELL 0.00 70.00 20.00 1
CELL 0.00 70.00 30.00 1
CELL 0.00 70.00 40.00 1
CELL 0.00 70.00 50.00 1
CELL 0.00 70.00 60.00 1
CELL 0.00 70.00 70.00 1
CELL 0.00 70.00 80.00 1
CELL 0.00 70.00 90.00 1
CELL 0.00 70.00 100.00 1
CELL 0.00 70.00 110.00 1
CELL 0.00 70.00 120.00 1
CELL 0.00 70.00 130.00 1
CELL 0.00 70.00 140.00 1
CELL 0.00 70.00 150.00 1
CELL 0.00 70.00 160.00 1
CELL 0.00 70.00 170.00 1
CELL 0.00 70.00 180.00 1
CELL 0.00 70.00 190.00 1
CELL 0.00 70.00 200.00 1
CELL 0.00 70.00 210.00 1
CELL 0.00 70.00 220.00 1
CELL 0.00 70.00 230.00 1
CELL 0.00 70.00 240.00 1
CELL 0.00 70.00 250.00 1
CELL 0.00 70.00 260.00 1
CELL 0.00 70.00 270.00 1
CELL 0.00 70.00 280.00 1
CELL 0.00 70.00 290.00 1
CELL 0.00 80.00 0.00 1
CELL 0.00 80.00 10.00 1
CELL 0.00 80.00 20.00 1
CELL 0.00 80.00 30.00 1
CELL 0.00 80.00 40.00 1
CELL 0.00 80.00 50.00 1
CELL 0.00 80.00 60.00 1
CELL 0.00 80.00 70.00 1
CELL 0.00 80.00 80.00 1
CELL 0.00 80.00 90.00 1
CELL 0.00 80.00 100.00 1
CELL 0.00 80.00 110.00 1
CELL 0.00 80.00 120.00 1
CELL 0.00 80.00 130.00 1
CELL 0.00 80.00 140.00 1
CELL 0.00 80.00 150.00 1
CELL 0.00 80.00 160.00 1
CELL 0.00 80.00 170.00 1
CELL 0.00 80.00 180.00 1
CELL 0.00 80.00 190.00 1
CELL 0.00 80.00 200.00 1
CELL 0.00 80.00 210.00 1
CELL 0.00 80.00 220.00 1
CELL 0.00 80.00 230.00 1
CELL 0.00 80.00 240.00 1
CELL 0.00 80.00 250.00 1
CELL 0.00 80.00 260.00 1
CELL 0.00 80.00 270.00 1
CELL 0.00 80.00 280.00 1
CELL 0.00 80.00 290.00 1
CELL 0.00 90.00 0.00 1
CELL 0.00 90.00 10.00 1
CELL 0.00 90.00 20.00 1
CELL 0.00 90.00 30.00 1
CELL 0.00 90.00 40.00 1
CELL 0.00 90.00 50.00 1
CELL 0.00 90.00 60.00 1
CELL 0.00 90.00 70.00 1
CELL 0.00 90.00 80.00 1
CELL 0.00 90.00 90.00 1
CELL 0.00 90.00 100.00 1
CELL 0.00 90.00 110.00 1
CELL 0.00 90.00 120.00 1
CELL 0.00 90.00 130.00 1
CELL 0.00 90.00 140.00 1
CELL 0.00 90.00 150.00 1
CELL 0.00 90.00 160.00 1
CELL 0.00 90.00 170.00 1
CELL 0.00 90.00 180.00 1
CELL 0.00 90.00 190.00 1
CELL 0.00 90.00 200.00 1
CELL 0.00 90.00 210.00 1
CELL 0.00 90.00 220.00 1
CELL 0.00 90.00 230.00 1
CELL 0.00 90.00 240.00 1
CELL 0.00 90.00 250.00 1
CELL 0.00 90.00 260.00 1
CELL 0.00 90.00 270.00 1
CELL 0.00 90.00 280.00 1
CELL 0.00 90.00 290.00 1
CELL 0.00 100.00 0.00 1
CELL 0.00 100.00 10.00 1
CELL 0.00 100.00 20.00 1
CELL 0.00 100.00 30.00 1
CELL 0.00 100.00 40.00 1
CELL 0.00 100.00 50.00 1
CELL 0.00 100.00 60.00 1
CELL 0.00 100.00 70.00 1
CELL 0.00 100.00 80.00 1
CELL 0.00 100.00 90.00 1
CELL 0.00 100.00 100.00 1
CELL 0.00 100.00 110.00 1
CELL 0.00 100.00 120.00 1
CELL 0.00 100.00 130.00 1
CELL 0.00 100.00 140.00 1
CELL 0.00 100.00 150.00 1
CELL 0.00 100.00 160.00 1
CELL 0.00 100.00 170.00 1
CELL 0.00 100.00 180.00 1
CELL 0.00 100.00 190.00 1
CELL 0.00 100.00 200.00 1
CELL 0.00 100.00 210.00 1
CELL 0.00 100.00 220.00 1
CELL 0.00 100.00 230.00 1
CELL 0.00 100.00 240.00 1
CELL 0.00 100.00 250.00 1
CELL 0.00 100.00 260.00 1
CELL 0.00 100.00 270.00 1
CELL 0.00 100.00 280.00 1
CELL 0.00 100.00 290.00 1
CELL 0.00 110.00 0.00 1
CELL 0.00 110.00 10.00 1
CELL 0.00 110.00 20.00 1
CELL 0.00 110.00 30.00 1
CELL 0.00 110.00 40.00 1
CELL 0.00 110.00 50.00 1
CELL 0.00 110.00 60.00 1
CELL 0.00 110.00 70.00 1
CELL 0.00 110.00 80.00 1
CELL 0.00 110.00 90.00 1
CELL 0.00 110.00 100.00 1
CELL 0.00 110.00 110.00 1
CELL 0.00 110.00 120.00 1
CELL 0.00 110.00 130.00 1
CELL 0.00 110.00 140.00 1
CELL 0.00 110.00 150.00 1
CELL 0.00 110.00 160.00 1
CELL 0.00 110.00 170.00 1
CELL 0.00 110.00 180.00 1
CELL 0.00 110.00 190.00 1
CELL 0.00 110.00 200.00 1
CELL 0.00 110.00 210.00 1
CELL 0.00 110.00 220.00 1
CELL 0.00 110.00 230.00 1
CELL 0.00 110.00 240.00 1
CELL 0.00 110.00 250.00 1
CELL 0.00 110.00 260.00 1
CELL 0.00 110.00 270.00 1
CELL 0.00 110.00 280.00 1
CELL 0.00 110.00 290.00 1
CELL 0.00 120.00 0.00 1
CELL 0.00 120.00 10.00 1
CELL 0.00 120.00 20.00 1
CELL 0.00 120.00 30.00 1
CELL 0.00 120.00 40.00 1
CELL 0.00 120.00 50.00 1
CELL 0.00 120.00 60.00 1
CELL 0.00 120.00 70.00 1
CELL 0.00 120.00 80.00 1
CELL 0.00 120.00 90.00 1
CELL 0.00 120.00 100.00 1
CELL 0.00 120.00 110.00 1
CELL 0.00 120.00 120.00 1
CELL 0.00 120.00 130.00 1
CELL 0.00 120.00 140.00 1
CELL 0.00 120.00 150.00 1
CELL 0.00 120.00 160.00 1
CELL 0.00 120.00 170.00 1
CELL 0.00 120.00 180.00 1
CELL 0.00 120.00 190.00 1
CELL 0.00 120.00 200.00 1
CELL 0.00 120.00 210.00 1
CELL 0.00 120.00 220.00 1
CELL 0.00 120.00 230.00 1
CELL 0.00 120.00 240.00 1
CELL 0.00 120.00 250.00 1
CELL 0.00 120.00 260.00 1
CELL 0.00 120.00 270.00 1
CELL 0.00 120.00 280.00 1
CELL 0.00 120.00 290.00 1
CELL 0.00 130.00 0.00 1
CELL 0.00 130.00 10.00 1
CELL 0.00 130.00 20.00 1
CELL 0.00 130.00 30.00 1
CELL 0.00 130.00 40.00 1
CELL 0.00 130.00 50.00 1
CELL 0.00 130.00 60.00 1
CELL 0.00 130.00 70.00 1
CELL 0.00 130.00 80.00 1
CELL 0.00 130.00 90.00 1
CELL 0.00 130.00 100.00 1
CELL 0.00 130.00 110.00 1
CELL 0.00 130.00 120.00 1
CELL 0.00 130.00 130.00 1
CELL 0.00 130.00 140.00 1
CELL 0.00 130.00 150.00 1
CELL 0.00 130.00 160.00 1
CELL 0.00 130.00 170.00 1
CELL 0.00 130.00 180.00 1
CELL 0.00 130.00 190.00 1
CELL 0.00 130.00 200.00 1
CELL 0.00 130.00 210.00 1
CELL 0.00 130.00 220.00 1
CELL 0.00 130.00 230.00 1
CELL 0.00 130.00 240.00 1
CELL 0.00 130.00 250.00 1
CELL 0.00 130.00 260.00 1
CELL 0.00 130.00 270.00 1
CELL 0.00 130.00 280.00 1
CELL 0.00 130.00 290.00 1
CELL 0.00 140.00 0.00 1
CELL 0.00 140.00 10.00 1
CELL 0.00 140.00 20.00 1
CELL 0.00 140.00 30.00 1
CELL 0.00 140.00 40.00 1
CELL 0.00 140.00 50.00 1
CELL 0.00 140.00 60.00 1
CELL 0.00 140.00 70.00 1
CELL 0.00 140.00 80.00 1
CELL 0.00 140.00 90.00 1
CELL 0.00 140.00 100.00 1
CELL 0.00 140.00 110.00 1
CELL 0.00 140.00 120.00 1
CELL 0.00 140.00 130.00 1
CELL 0.00 140.00 140.00 1
CELL 0.00 140.00 150.00 1
CELL 0.00 140.00 160.00 1
CELL 0.00 140.00 170.00 1
CELL 0.00 140.00 180.00 1
CELL 0.00 140.00 190.00 1
CELL 0.00 140.00 200.00 1
CELL 0.00 140.00 210.00 1
CELL 0.00 140.00 220.00 1
CELL 0.00 140.00 230.00 1
CELL 0.00 140.00 240.00 1
CELL 0.00 140.00 250.00 1
CELL 0.00 140.00 260.00 1
CELL 0.00 140.00 270.00 1
CELL 0.00 140.00 280.00 1
CELL 0.00 140.00 290.00 1
CELL 0.00 150.00 0.00 1
CELL 0.00 150.00 10.00 1
CELL 0.00 150.00 20.00 1
CELL 0.00 150.00 30.00 1
CELL 0.00 150.00 40.00 1
CELL 0.00 150.00 50.00 1
CELL 0.00 150.00 60.00 1
CELL 0.00 150.00 70.00 1
CELL 0.00 150.00 80.00 1
CELL 0.00 150.00 90.00 1
CELL 0.00 150.00 100.00 1
CELL 0.00 150.00 110.00 1
CELL 0.00 150.00 120.00 1
CELL 0.00 150.00 130.00 1
CELL 0.00 150.00 140.00 1
CELL 0.00 150.00 150.00 1
CELL 0.00 150.00 160.00 1
CELL 0.00 150.00 170.00 1
CELL 0.00 150.00 180.00 1
CELL 0.00 150.00 190.00 1
CELL 0.00 150.00 200.00 1
CELL 0.00 150.00 210.00 1
CELL 0.00 150.00 220.00 1
CELL 0.00 150.00 230.00 1
CELL 0.00 150.00 240.00 1
CELL 0.00 150.00 250.00 1
CELL 0.00 150.00 260.00 1
CELL 0.00 150.00 270.00 1
CELL 0.00 150.00 280.00 1
CELL 0.00 150.00 290.00 1
CELL 0.00 160.00 0.00 1
CELL 0.00 160.00 10.00 1
CELL 0.00 160.00 20.00 1
CELL 0.00 160.00 30.00 1
CELL 0.00 160.00 40.00 1
CELL 0.00 160.00 50.00 1
CELL 0.00 160.00 60.00 1
CELL 0.00 160.00 70.00 1
CELL 0.00 160.00 80.00 1
CELL 0.00 160.00 90.00 1
CELL 0.00 160.00 100.00 1
CELL 0.00 160.00 110.00 1
CELL 0.00 160.00 120.00 1
CELL 0.00 160.00 130.00 1
CELL 0.00 160.00 140.00 1
CELL 0.00 160.00 150.00 1
CELL 0.00 160.00 160.00 1
CELL 0.00 160.00 170.00 1
CELL 0.00 160.00 180.00 1
CELL 0.00 160.00 190.00 1
CELL 0.00 160.00 200.00 1
CELL 0.00 160.00 210.00 1
CELL 0.00 160.00 220.00 1
CELL 0.00 160.00 230.00 1
CELL 0.00 160.00 240.00 1
CELL 0.00 160.00 250.00 1
CELL 0.00 160.00 260.00 1
CELL 0.00 160.00 270.00 1
CELL 0.00 160.00 280.00 1
CELL 0.00 160.00 290.00 1
CELL 0.00 170.00 0.00 1
CELL 0.00 170.00 10.00 1
CELL 0.00 170.00 20.00 1
CELL 0.00 170.00 30.00 1
CELL 0.00 170.00 40.00 1
CELL 0.00 170.00 50.00 1
CELL 0.00 170.00 60.00 1
CELL 0.00 170.00 70.00 1
CELL 0.00 170.00 80.00 1
CELL 0.00 170.00 90.00 1
CELL 0.00 170.00 100.00 1
CELL 0.00 170.00 110.00 1
CELL 0.00 170.00 120.00 1
CELL 0.00 170.00 130.00 1
CELL 0.00 170.00 140.00 1
CELL 0.00 170.00 150.00 1
CELL 0.00 170.00 160.00 1
CELL 0.00 170.00 170.00 1
CELL 0.00 170.00 180.00 1
CELL 0.00 170.00 190.00 1
CELL 0.00 170.00 200.00 1
CELL 0.00 170.00 210.00 1
CELL 0.00 170.00 220.00 1
CELL 0.00 170.00 230.00 1
CELL 0.00 170.00 240.00 1
CELL 0.00 170.00 250.00 1
CELL 0.00 170.00 260.00 1
CELL 0.00 170.00 270.00 1
CELL 0.00 170.00 280.00 1
CELL 0.00 170.00 290.00 1
CELL 0.00 180.00 0.00 1
CELL 0.00 180.00 10.00 1
CELL 0.00 180.00 20.00 1
CELL 0.00 180.00 30.00 1
CELL 0.00 180.00 40.00 1
CELL 0.00 180.00 50.00 1
CELL 0.00 180.00 60.00 1
CELL 0.00 180.00 70.00 1
CELL 0.00 180.00 80.00 1
CELL 0.00 180.00 90.00 1
CELL 0.00 180.00 100.00 1
CELL 0.00 180.00 110.00 1
CELL 0.00 180.00 120.00 1
CELL 0.00 180.00 130.00 1
CELL 0.00 180.00 140.00 1
CELL 0.00 180.00 150.00 1
CELL 0.00 180.00 160.00 1
CELL 0.00 180.00 170.00 1
CELL 0.00 180.00 180.00 1
CELL 0.00 180.00 190.00 1
CELL 0.00 180.00 200.00 1
CELL 0.00 180.00 210.00 1
CELL 0.00 180.00 220.00 1
CELL 0.00 180.00 230.00 1
CELL 0.00 180.00 240.00 1
CELL 0.00 180.00 250.00 1
CELL 0.00 180.00 260.00 1
CELL 0.00 180.00 270.00 1
CELL 0.00 180.00 280.00 1
CELL 0.00 180.00 290.00 1
CELL 0.00 190.00 0.00 1
CELL 0.00 190.00 10.00 1
CELL 0.00 190.00 20.00 1
CELL 0.00 190.00 30.00 1
CELL 0.00 190.00 40.00 1
CELL 0.00 190.00 50.00 1
CELL 0.00 190.00 60.00 1
CELL 0.00 190.00 70.00 1
CELL 0.00 190.00 80.00 1
CELL 0.00 190.00 90.00 1
CELL 0.00 190.00 100.00 1
CELL 0.00 190.00 110.00 1
CELL 0.00 190.00 120.00 1
CELL 0.00 190.00 130.00 1
CELL 0.00 190.00 140.00 1
CELL 0.00 190.00 150.00 1
CELL 0.00 190.00 160.00 1
CELL 0.00 190.00 170.00 1
CELL 0.00 190.00 180.00 1
CELL 0.00 190.00 190.00 1
CELL 0.00 190.00 200.00 1
CELL 0.00 190.00 210.00 1
CELL 0.00 190.00 220.00 1
CELL 0.00 190.00 230.00 1
CELL 0.00 190.00 240.00 1
CELL 0.00 190.00 250.00 1
CELL 0.00 190.00 260.00 1
CELL 0.00 190.00 270.00 1
CELL 0.00 190.00 280.00 1
CELL 0.00 190.00 290.00 1
CELL 0.00 200.00 0.00 1
CELL 0.00 200.00 10.00 1
CELL 0.00 200.00 20.00 1
CELL 0.00 200.00 30.00 1
CELL 0.00 200.00 40.00 1
CELL 0.00 200.00 50.00 1
CELL 0.00 200.00 60.00 1
CELL 0.00 200.00 70.00 1
CELL 0.00 200.00 80.00 1
CELL 0.00 200.00 90.00 1
CELL 0.00 200.00 100.00 1
CELL 0.00 200.00 110.00 1
CELL 0.00 200.00 120.00 1
CELL 0.00 200.00 130.00 1
CELL 0.00 200.00 140.00 1
CELL 0.00 200.00 150.00 1
CELL 0.00 200.00 160.00 1
CELL 0.00 200.00 170.00 1
CELL 0.00 200.00 180.00 1
CELL 0.00 200.00 190.00 1
CELL 0.00 200.00 200.00 1
CELL 0.00 200.00 210.00 1
CELL 0.00 200.00 220.00 1
CELL 0.00 200.00 230.00 1
CELL 0.00 200.00 240.00 1
CELL 0.00 200.00 250.00 1
CELL 0.00 200.00 260.00 1
CELL 0.00 200.00 270.00 1
CELL 0.00 200.00 280.00 1
CELL 0.00 200.00 290.00 1
CELL 0.00 210.00 0.00 1
CELL 0.00 210.00 10.00 1
CELL 0.00 210.00 20.00 1
CELL 0.00 210.00 30.00 1
CELL 0.00 210.00 40.00 1
CELL 0.00 210.00 50.00 1
CELL 0.00 210.00 60.00 1
CELL 0.00 210.00 70.00 1
CELL 0.00 210.00 80.00 1
CELL 0.00 210.00 90.00 1
CELL 0.00 210.00 100.00 1
CELL 0.00 210.00 110.00 1
CELL 0.00 210.00 120.00 1
CELL 0.00 210.00 130.00 1
CELL 0.00 210.00 140.00 1
CELL 0.00 210.00 150.00 1
CELL 0.00 210.00 160.00 1
CELL 0.00 210.00 170.00 1
CELL 0.00 210.00 180.00 1
CELL 0.00 210.00 190.00 1
CELL 0.00 210.00 200.00 1
CELL 0.00 210.00 210.00 1
CELL 0.00 210.00 220.00 1
CELL 0.00 210.00 230.00 1
CELL 0.00 210.00 240.00 1
CELL 0.00 210.00 250.00 1
CELL 0.00 210.00 260.00 1
CELL 0.00 210.00 270.00 1
CELL 0.00 210.00 280.00 1
CELL 0.00 210.00 290.00 1
CELL 0.00 220.00 0.00 1
CELL 0.00 220.00 10.00 1
CELL 0.00 220.00 20.00 1
CELL 0.00 220.00 30.00 1
CELL 0.00 220.00 40.00 1
CELL 0.00 220.00 50.00 1
CELL 0.00 220.00 60.00 1
CELL 0.00 220.00 70.00 1
CELL 0.00 220.00 80.00 1
CELL 0.00 220.00 90.00 1
CELL 0.00 220.00 100.00 1
CELL 0.00 220.00 110.00 1
CELL 0.00 220.00 120.00 1
CELL 0.00 220.00 130.00 1
CELL 0.00 220.00 140.00 1
CELL 0.00 220.00 150.00 1
CELL 0.00 220.00 160.00 1
CELL 0.00 220.00 170.00 1
CELL 0.00 220.00 180.00 1
CELL 0.00 220.00 190.00 1
CELL 0.00 220.00 200.00 1
CELL 0.00 220.00 210.00 1
CELL 0.00 220.00 220.00 1
CELL 0.00 220.00 230.00 1
CELL 0.00 220.00 240.00 1
CELL 0.00 220.00 250.00 1
CELL 0.00 220.00 260.00 1
CELL 0.00 220.00 270.00 1
CELL 0.00 220.00 280.00 1
CELL 0.00 220.00 290.00 1
CELL 0.00 230.00 0.00 1
CELL 0.00 230.00 10.00 1
CELL 0.00 230.00 20.00 1
CELL 0.00 230.00 30.00 1
CELL 0.00 230.00 40.00 1
CELL 0.00 230.00 50.00 1
CELL 0.00 230.00 60.00 1
CELL 0.00 230.00 70.00 1
CELL 0.00 230.00 80.00 1
CELL 0.00 230.00 90.00 1
CELL 0.00 230.00 100.00 1
CELL 0.00 230.00 110.00 1
CELL 0.00 230.00 120.00 1
CELL 0.00 230.00 130.00 1
CELL 0.00 230.00 140.00 1
CELL 0.00 230.00 150.00 1
CELL 0.00 230.00 160.00 1
CELL 0.00 230.00 170.00 1
CELL 0.00 230.00 180.00 1
CELL 0.00 230.00 190.00 1
CELL 0.00 230.00 200.00 1
CELL 0.00 230.00 210.00 1
CELL 0.00 230.00 220.00 1
CELL 0.00 230.00 230.00 1
CELL 0.00 230.00 240.00 1
CELL 0.00 230.00 250.00 1
CELL 0.00 230.00 260.00 1
CELL 0.00 230.00 270.00 1
CELL 0.00 230.00 280.00 1
CELL 0.00 230.00 290.00 1
CELL 0.00 240.00 0.00 1
CELL 0.00 240.00 10.00 1
CELL 0.00 240.00 20.00 1
CELL 0.00 240.00 30.00 1
CELL 0.00 240.00 40.00 1
CELL 0.00 240.00 50.00 1
CELL 0.00 240.00 60.00 1
CELL 0.00 240.00 70.00 1
CELL 0.00 240.00 80.00 1
CELL 0.00 240.00 90.00 1
CELL 0.00 240.00 100.00 1
CELL 0.00 240.00 110.00 1
CELL 0.00 240.00 120.00 1
CELL 0.00 240.00 130.00 1
CELL 0.00 240.00 140.00 1
CELL 0.00 240.00 150.00 1
CELL 0.00 240.00 160.00 1
CELL 0.00 240.00 170.00 1
CELL 0.00 240.00 180.00 1
CELL 0.00 240.00 190.00 1
CELL 0.00 240.00 200.00 1
CELL 0.00 240.00 210.00 1
CELL 0.00 240.00 220.00 1
CELL 0.00 240.00 230.00 1
CELL 0.00 240.00 240.00 1
CELL 0.00 240.00 250.00 1
CELL 0.00 240.00 260.00 1
CELL 0.00 240.00 270.00 1
CELL 0.00 240.00 280.00 1
CELL 0.00 240.00 290.00 1
CELL 0.00 250.00 0.00 1
CELL 0.00 250.00 10.00 1
CELL 0.00 250.00 20.00 1
CELL 0.00 250.00 30.00 1
CELL 0.00 250.00 40.00 1
CELL 0.00 250.00 50.00 1
CELL 0.00 250.00 60.00 1
CELL 0.00 250.00 70.00 1
CELL 0.00 250.00 80.00 1
CELL 0.00 250.00 90.00 1
CELL 0.00 250.00 100.00 1
CELL 0.00 250.00 110.00 1
CELL 0.00 250.00 120.00 1
CELL 0.00 250.00 130.00 1
CELL 0.00 250.00 140.00 1
CELL 0.00 250.00 150.00 1
CELL 0.00 250.00 160.00 1
CELL 0.00 250.00 170.00 1
CELL 0.00 250.00 180.00 1
CELL 0.00 250.00 190.00 1
CELL 0.00 250.00 200.00 1
CELL 0.00 250.00 210.00 1
CELL 0.00 250.00 220.00 1
CELL 0.00 250.00 230.00 1
CELL 0.00 250.00 240.00 1
CELL 0.00 250.00 250.00 1
CELL 0.00 250.00 260.00 1
CELL 0.00 250.00 270.00 1
CELL 0.00 250.00 280.00 1
CELL 0.00 250.00 290.00 1
CELL 0.00 260.00 0.00 1
CELL 0.00 260.00 10.00 1
CELL 0.00 260.00 20.00 1
CELL 0.00 260.00 30.00 1
CELL 0.00 260.00 40.00 1
CELL 0.00 260.00 50.00 1
CELL 0.00 260.00 60.00 1
CELL 0.00 260.00 70.00 1
CELL 0.00 260.00 80.00 1
CELL 0.00 260.00 90.00 1
CELL 0.00 260.00 100.00 1
CELL 0.00 260.00 110.00 1
CELL 0.00 260.00 120.00 1
CELL 0.00 260.00 130.00 1
CELL 0.00 260.00 140.00 1
CELL 0.00 260.00 150.00 1
CELL 0.00 260.00 160.00 1
CELL 0.00 260.00 170.00 1
CELL 0.00 260.00 180.00 1
CELL 0.00 260.00 190.00 1
CELL 0.00 260.00 200.00 1
CELL 0.00 260.00 210.00 1
CELL 0.00 260.00 220.00 1
CELL 0.00 260.00 230.00 1
CELL 0.00 260.00 240.00 1
CELL 0.00 260.00 250.00 1
CELL 0.00 260.00 260.00 1
CELL 0.00 260.00 270.00 1
CELL 0.00 260.00 280.00 1
CELL 0.00 260.00 290.00 1
CELL 0.00 270.00 0.00 1
CELL 0.00 270.00 10.00 1
CELL 0.00 270.00 20.00 1
CELL 0.00 270.00 30.00 1
CELL 0.00 270.00 40.00 1
CELL 0.00 270.00 50.00 1
CELL 0.00 270.00 60.00 1
CELL 0.00 270.00 70.00 1
CELL 0.00 270.00 80.00 1
CELL 0.00 270.00 90.00 1
CELL 0.00 270.00 100.00 1
CELL 0.00 270.00 110.00 1
CELL 0.00 270.00 120.00 1
CELL 0.00 270.00 130.00 1
CELL 0.00 270.00 140.00 1
CELL 0.00 270.00 150.00 1
CELL 0.00 270.00 160.00 1
CELL 0.00 270.00 170.00 1
CELL 0.00 270.00 180.00 1
CELL 0.00 270.00 190.00 1
CELL 0.00 270.00 200.00 1
CELL 0.00 270.00 210.00 1
CELL 0.00 270.00 220.00 1
CELL 0.00 270.00 230.00 1
CELL 0.00 270.00 240.00 1
CELL 0.00 270.00 250.00 1
CELL 0.00 270.00 260.00 1
CELL 0.00 270.00 270.00 1
CELL 0.00 270.00 280.00 1
CELL 0.00 270.00 290.00 1
CELL 0.00 280.00 0.00 1
CELL 0.00 280.00 10.00 1
CELL 0.00 280.00 20.00 1
CELL 0.00 280.00 30.00 1
CELL 0.00 280.00 40.00 1
CELL 0.00 280.00 50.00 1
CELL 0.00 280.00 60.00 1
CELL 0.00 280.00 70.00 1
CELL 0.00 280.00 80.00 1
CELL 0.00 280.00 90.00 1
CELL 0.00 280.00 100.00 1
CELL 0.00 280.00 110.00 1
CELL 0.00 280.00 120.00 1
CELL 0.00 280.00 130.00 1
CELL 0.00 280.00 140.00 1
CELL 0.00 280.00 150.00 1
CELL 0.00 280.00 160.00 1
CELL 0.00 280.00 170.00 1
CELL 0.00 280.00 180.00 1
CELL 0.00 280.00 190.00 1
CELL 0.00 280.00 200.00 1
CELL 0.00 280.00 210.00 1
CELL 0.00 280.00 220.00 1
CELL 0.00 280.00 230.00 1
CELL 0.00 280.00 240.00 1
CELL 0.00 280.00 250.00 1
CELL 0.00 280.00 260.00 1
CELL 0.00 280.00 270.00 1
CELL 0.00 280.00 280.00 1
CELL 0.00 280.00 290.00 1
CELL 0.00 290.00 0.00 1
CELL 0.00 290.00 10.00 1
CELL 0.00 290.00 20.00 1
CELL 0.00 290.00 30.00 1
CELL 0.00 290.00 40.00 1
CELL 0.00 290.00 50.00 1
CELL 0.00 290.00 60.00 1
CELL 0.00 290.00 70.00 1
CELL 0.00 290.00 80.00 1
CELL 0.00 290.00 90.00 1
CELL 0.00 290.00 100.00 1
CELL 0.00 290.00 110.00 1
CELL 0.00 290.00 120.00 1
CELL 0.00 290.00 130.00 1
CELL 0.00 290.00 140.00 1
CELL 0.00 290.00 150.00 1
CELL 0.00 290.00 160.00 1
CELL 0.00 290.00 170.00 1
CELL 0.00 290.00 180.00 1
CELL 0.00 290.00 190.00 1
CELL 0.00 290.00 200.00 1
CELL 0.00 290.00 210.00 1
CELL 0.00 290.00 220.00 1
CELL 0.00 290.00 230.00 1
CELL 0.00 290.00 240.00 1
CELL 0.00 290.00 250.00 1
CELL 0.00 290.00 260.00 1
CELL 0.00 290.00 270.00 1
CELL 0.00 290.00 280.00 1
CELL 0.00 290.00 290.00 1
CELL 0.00 300.00 0.00 1
CELL 0.00 300.00 10.00 1
CELL 0.00 300.00 20.00 1
CELL 0.00 300.00 30.00 1
CELL 0.00 300.00 40.00 1
CELL 0.00 300.00 50.00 1
CELL 0.00 300.00 60.00 1
CELL 0.00 300.00 70.00 1
CELL 0.00 300.00 80.00 1
CELL 0.00 300.00 90.00 1
CELL 0.00 300.00 100.00 1
CELL 0.00 300.00 110.00 1
CELL 0.00 300.00 120.00 1
CELL 0.00 300.00 130.00 1
CELL 0.00 300.00 140.00 1
CELL 0.00 300.00 150.00 1
CELL 0.00 300.00 160.00 1
CELL 0.00 300.00 170.00 1
CELL 0.00 300.00 180.00 1
CELL 0.00 300.00 190.00 1
CELL 0.00 300.00 200.00 1
CELL 0.00 300.00 210.00 1
CELL 0.00 300.00 220.00 1
CELL 0.00 300.00 230.00 1
CELL 0.00 300.00 240.00 1
CELL 0.00 300.00 250.00 1
CELL 0.00 300.00 260.00 1
CELL 0.00 300.00 270.00 1
CELL 0.00 300.00 280.00 1
CELL 0.00 300.00 290.00 1
CELL 0.00 310.00 0.00 1
CELL 0.00 310.00 10.00 1
CELL 0.00 310.00 20.00 1
CELL 0.00 310.00 30.00 1
CELL 0.00 310.00 40.00 1
CELL 0.00 310.00 50.00 1
CELL 0.00 310.00 60.00 1
CELL 0.00 310.00 70.00 1
CELL 0.00 310.00 80.00 1
CELL 0.00 310.00 90.00 1
CELL 0.00 310.00 100.00 1
CELL 0.00 310.00 110.00 1
CELL 0.00 310.00 120.00 1
CELL 0.00 310.00 130.00 1
CELL 0.00 310.00 140.00 1
CELL 0.00 310.00 150.00 1
CELL 0.00 310.00 160.00 1
CELL 0.00 310.00 170.00 1
CELL 0.00 310.00 180.00 1
CELL 0.00 310.00 190.00 1
CELL 0.00 310.00 200.00 1
CELL 0.00 310.00 210.00 1
CELL 0.00 310.00 220.00 1
CELL 0.00 310.00 230.00 1
CELL 0.00 310.00 240.00 1
CELL 0.00 310.00 250.00 1
CELL 0.00 310.00 260.00 1
CELL 0.00 310.00 270.00 1
CELL 0.00 310.00 280.00 1
CELL 0.00 310.00 290.00 1
CELL 0.00 320.00 0.00 1
CELL 0.00 320.00 10.00 1
CELL 0.00 320.00 20.00 1
CELL 0.00 320.00 30.00 1
CELL 0.00 320.00 40.00 1
CELL 0.00 320.00 50.00 1
CELL 0.00 320.00 60.00 1
CELL 0.00 320.00 70.00 1
CELL 0.00 320.00 80.00 1
CELL 0.00 320.00 90.00 1
CELL 0.00 320.00 100.00 1
CELL 0.00 320.00 110.00 1
CELL 0.00 320.00 120.00 1
CELL 0.00 320.00 130.00 1
CELL 0.00 320.00 140.00 1
CELL 0.00 320.00 150.00 1
CELL 0.00 320.00 160.00 1
CELL 0.00 320.00 170.00 1
CELL 0.00 320.00 180.00 1
CELL 0.00 320.00 190.00 1
CELL 0.00 320.00 200.00 1
CELL 0.00 320.00 210.00 1
CELL 0.00 320.00 220.00 1
CELL 0.00 320.00 230.00 1
CELL 0.00 320.00 240.00 1
CELL 0.00 320.00 250.00 1
CELL 0.00 320.00 260.00 1
CELL 0.00 320.00 270.00 1
CELL 0.00 320.00 280.00 1
CELL 0.00 320.00 290.00 1
CELL 0.00 330.00 0.00 1
CELL 0.00 330.00 10.00 1
CELL 0.00 330.00 20.00 1
CELL 0.00 330.00 30.00 1
CELL 0.00 330.00 40.00 1
CELL 0.00 330.00 50.00 1
CELL 0.00 330.00 60.00 1
CELL 0.00 330.00 70.00 1
CELL 0.00 330.00 80.00 1
CELL 0.00 330.00 90.00 1
CELL 0.00 330.00 100.00 1
CELL 0.00 330.00 110.00 1
CELL 0.00 330.00 120.00 1
CELL 0.00 330.00 130.00 1
CELL 0.00 330.00 140.00 1
CELL 0.00 330.00 150.00 1
CELL 0.00 330.00 160.00 1
CELL 0.00 330.00 170.00 1
CELL 0.00 330.00 180.00 1
CELL 0.00 330.00 190.00 1
CELL 0.00 330.00 200.00 1
CELL 0.00 330.00 210.00 1
CELL 0.00 330.00 220.00 1
CELL 0.00 330.00 230.00 1
CELL 0.00 330.00 240.00 1
CELL 0.00 330.00 250.00 1
CELL 0.00 330.00 260.00 1
CELL 0.00 330.00 270.00 1
CELL 0.00 330.00 280.00 1
CELL 0.00 330.00 290.00 1
CELL 0.00 340.00 0.00 1
CELL 0.00 340.00 10.00 1
CELL 0.00 340.00 20.00 1
CELL 0.00 340.00 30.00 1
CELL 0.00 340.00 40.00 1
CELL 0.00 340.00 50.00 1
CELL 0.00 340.00 60.00 1
CELL 0.00 340.00 70.00 1
CELL 0.00 340.00 80.00 1
CELL 0.00 340.00 90.00 1
CELL 0.00 340.00 100.00 1
CELL 0.00 340.00 110.00 1
CELL 0.00 340.00 120.00 1
CELL 0.00 340.00 130.00 1
CELL 0.00 340.00 140.00 1
CELL 0.00 340.00 150.00 1
CELL 0.00 340.00 160.00 1
CELL 0.00 340.00 170.00 1
CELL 0.00 340.00 180.00 1
CELL 0.00 340.00 190.00 1
CELL 0.00 340.00 200.00 1
CELL 0.00 340.00 210.00 1
CELL 0.00 340.00 220.00 1
CELL 0.00 340.00 230.00 1
CELL 0.00 340.00 240.00 1
CELL 0.00 340.00 250.00 1
CELL 0.00 340.00 260.00 1
CELL 0.00 340.00 270.00 1
CELL 0.00 340.00 280.00 1
CELL 0.00 340.00 290.00 1
CELL 0.00 350.00 0.00 1
CELL 0.00 350.00 10.00 1
CELL 0.00 350.00 20.00 1
CELL 0.00 350.00 30.00 1
CELL 0.00 350.00 40.00 1
CELL 0.00 350.00 50.00 1
CELL 0.00 350.00 60.00 1
CELL 0.00 350.00 70.00 1
CELL 0.00 350.00 80.00 1
CELL 0.00 350.00 90.00 1
CELL 0.00 350.00 100.00 1
CELL 0.00 350.00 110.00 1
CELL 0.00 350.00 120.00 1
CELL 0.00 350.00 130.00 1
CELL 0.00 350.00 140.00 1
CELL 0.00 350.00 150.00 1
CELL 0.00 350.00 160.00 1
CELL 0.00 350.00 170.00 1
CELL 0.00 350.00 180.00 1
CELL 0.00 350.00 190.00 1
CELL 0.00 350.00 200.00 1
CELL 0.00 350.00 210.00 1
CELL 0.00 350.00 220.00 1
CELL 0.00 350.00 230.00 1
CELL 0.00 350.00 240.00 1
CELL 0.00 350.00 250.00 1
CELL 0.00 350.00 260.00 1
CELL 0.00 350.00 270.00 1
CELL 0.00 350.00 280.00 1
CELL 0.00 350.00 290.00 1
CELL 0.00 360.00 0.00 1
CELL 0.00 360.00 10.00 1
CELL 0.00 360.00 20.00 1
CELL 0.00 360.00 30.00 1
CELL 0.00 360.00 40.00 1
CELL 0.00 360.00 50.00 1
CELL 0.00 360.00 60.00 1
CELL 0.00 360.00 70.00 1
CELL 0.00 360.00 80.00 1
CELL 0.00 360.00 90.00 1
CELL 0.00 360.00 100.00 1
CELL 0.00 360.00 110.00 1
CELL 0.00 360.00 120.00 1
CELL 0.00 360.00 130.00 1
CELL 0.00 360.00 140.00 1
CELL 0.00 360.00 150.00 1
CELL 0.00 360.00 160.00 1
CELL 0.00 360.00 170.00 1
CELL 0.00 360.00 180.00 1
CELL 0.00 360.00 190.00 1
CELL 0.00 360.00 200.00 1
CELL 0.00 360.00 210.00 1
CELL 0.00 360.00 220.00 1
CELL 0.00 360.00 230.00 1
CELL 0.00 360.00 240.00 1
CELL 0.00 360.00 250.00 1
CELL 0.00 360.00 260.00 1
CELL 0.00 360.00 270.00 1
CELL 0.00 360.00 280.00 1
CELL 0.00 360.00 290.00 1
CELL 0.00 370.00 0.00 1
CELL 0.00 370.00 10.00 1
CELL 0.00 370.00 20.00 1
CELL 0.00 370.00 30.00 1
CELL 0.00 370.00 40.00 1
CELL 0.00 370.00 50.00 1
CELL 0.00 370.00 60.00 1
CELL 0.00 370.00 70.00 1
CELL 0.00 370.00 80.00 1
CELL 0.00 370.00 90.00 1
CELL 0.00 370.00 100.00 1
CELL 0.00 370.00 110.00 1
CELL 0.00 370.00 120.00 1
CELL 0.00 370.00 130.00 1
CELL 0.00 370.00 140.00 1
CELL 0.00 370.00 150.00 1
CELL 0.00 370.00 160.00 1
CELL 0.00 370.00 170.00 1
CELL 0.00 370.00 180.00 1
CELL 0.00 370.00 190.00 1
CELL 0.00 370.00 200.00 1
CELL 0.00 370.00 210.00 1
CELL 0.00 370.00 220.00 1
CELL 0.00 370.00 230.00 1
CELL 0.00 370.00 240.00 1
CELL 0.00 370.00 250.00 1
CELL 0.00 370.00 260.00 1
CELL 0.00 370.00 270.00 1
CELL 0.00 370.00 280.00 1
CELL 0.00 370.00 290.00 1
CELL 0.00 380.00 0.00 1
CELL 0.00 380.00 10.00 1
CELL 0.00 380.00 20.00 1
CELL 0.00 380.00 30.00 1
CELL 0.00 380.00 40.00 1
CELL 0.00 380.00 50.00 1
CELL 0.00 380.00 60.00 1
CELL 0.00 380.00 70.00 1
CELL 0.00 380.00 80.00 1
CELL 0.00 380.00 90.00 1
CELL 0.00 380.00 100.00 1
CELL 0.00 380.00 110.00 1
CELL 0.00 380.00 120.00 1
CELL 0.00 380.00 130.00 1
CELL 0.00 380.00 140.00 1
CELL 0.00 380.00 150.00 1
CELL 0.00 380.00 160.00 1
CELL 0.00 380.00 170.00 1
CELL 0.00 380.00 180.00 1
CELL 0.00 380.00 190.00 1
CELL 0.00 380.00 200.00 1
CELL 0.00 380.00 210.00 1
CELL 0.00 380.00 220.00 1
CELL 0.00 380.00 230.00 1
CELL 0.00 380.00 240.00 1
CELL 0.00 380.00 250.00 1
CELL 0.00 380.00 260.00 1
CELL 0.00 380.00 270.00 1
CELL 0.00 380.00 280.00 1
CELL 0.00 380.00 290.00 1
CELL 0.00 390.00 0.00 1
CELL 0.00 390.00 10.00 1
CELL 0.00 390.00 20.00 1
CELL 0.00 390.00 30.00 1
CELL 0.00 390.00 40.00 1
CELL 0.00 390.00 50.00 1
CELL 0.00 390.00 60.00 1
CELL 0.00 390.00 70.00 1
CELL 0.00 390.00 80.00 1
CELL 0.00 390.00 90.00 1
CELL 0.00 390.00 100.00 1
CELL 0.00 390.00 110.00 1
CELL 0.00 390.00 120.00 1
CELL 0.00 390.00 130.00 1
CELL 0.00 390.00 140.00 1
CELL 0.00 390.00 150.00 1
CELL 0.00 390.00 160.00 1
CELL 0.00 390.00 170.00 1
CELL 0.00 390.00 180.00 1
CELL 0.00 390.00 190.00 1
CELL 0.00 390.00 200.00 1
CELL 0.00 390.00 210.00 1
CELL 0.00 390.00 220.00 1
CELL 0.00 390.00 230.00 1
CELL 0.00 390.00 240.00 1
CELL 0.00 390.00 250.00 1
CELL 0.00 390.00 260.00 1
CELL 0.00 390.00 270.00 1
CELL 0.00 390.00 280.00 1
CELL 0.00 390.00 290.00 1
CELL 0.00 400.00 0.00 1
CELL 0.00 400.00 10.00 1
CELL 0.00 400.00 20.00 1
CELL 0.00 400.00 30.00 1
CELL 0.00 400.00 40.00 1
CELL 0.00 400.00 50.00 1
CELL 0.00 400.00 60.00 1
CELL 0.00 400.00 70.00 1
CELL 0.00 400.00 80.00 1
CELL 0.00 400.00 90.00 1
CELL 0.00 400.00 100.00 1
CELL 0.00 400.00 110.00 1
CELL 0.00 400.00 120.00 1
CELL 0.00 400.00 130.00 1
CELL 0.00 400.00 140.00 1
CELL 0.00 400.00 150.00 1
CELL 0.00 400.00 160.00 1
CELL 0.00 400.00 170.00 1
CELL 0.00 400.00 180.00 1
CELL 0.00 400.00 190.00 1
CELL 0.00 400.00 200.00 1
CELL 0.00 400.00 210.00 1
CELL 0.00 400.00 220.00 1
CELL 0.00 400.00 230.00 1
CELL 0.00 400.00 240.00 1
CELL 0.00 400.00 250.00 1
CELL 0.00 400.00 260.00 1
CELL 0.00 400.00 270.00 1
CELL 0.00 400.00 280.00 1
CELL 0.00 400.00 290.00 1
CELL 0.00 410.00 0.00 1
CELL 0.00 410.00 10.00 1
CELL 0.00 410.00 20.00 1
CELL 0.00 410.00 30.00 1
CELL 0.00 410.00 40.00 1
CELL 0.00 410.00 50.00 1
CELL 0.00 410.00 60.00 1
CELL 0.00 410.00 70.00 1
CELL 0.00 410.00 80.00 1
CELL 0.00 410.00 90.00 1
CELL 0.00 410.00 100.00 1
CELL 0.00 410.00 110.00 1
CELL 0.00 410.00 120.00 1
CELL 0.00 410.00 130.00 1
CELL 0.00 410.00 140.00 1
CELL 0.00 410.00 150.00 1
CELL 0.00 410.00 160.00 1
CELL 0.00 410.00 170.00 1
CELL 0.00 410.00 180.00 1
CELL 0.00 410.00 190.00 1
CELL 0.00 410.00 200.00 1
CELL 0.00 410.00 210.00 1
CELL 0.00 410.00 220.00 1
CELL 0.00 410.00 230.00 1
CELL 0.00 410.00 240.00 1
CELL 0.00 410.00 250.00 1
CELL 0.00 410.00 260.00 1
CELL 0.00 410.00 270.00 1
CELL 0.00 410.00 280.00 1
CELL 0.00 410.00 290.00 1
CELL 0.00 420.00 0.00 1
CELL 0.00 420.00 10.00 1
CELL 0.00 420.00 20.00 1
CELL 0.00 420.00 30.00 1
CELL 0.00 420.00 40.00 1
CELL 0.00 420.00 50.00 1
CELL 0.00 420.00 60.00 1
CELL 0.00 420.00 70.00 1
CELL 0.00 420.00 80.00 1
CELL 0.00 420.00 90.00 1
CELL 0.00 420.00 100.00 1
CELL 0.00 420.00 110.00 1
CELL 0.00 420.00 120.00 1
CELL 0.00 420.00 130.00 1
CELL 0.00 420.00 140.00 1
CELL 0.00 420.00 150.00 1
CELL 0.00 420.00 160.00 1
CELL 0.00 420.00 170.00 1
CELL 0.00 420.00 180.00 1
CELL 0.00 420.00 190.00 1
CELL 0.00 420.00 200.00 1
CELL 0.00 420.00 210.00 1
CELL 0.00 420.00 220.00 1
CELL 0.00 420.00 230.00 1
CELL 0.00 420.00 240.00 1
CELL 0.00 420.00 250.00 1
CELL 0.00 420.00 260.00 1
CELL 0.00 420.00 270.00 1
CELL 0.00 420.00 280.00 1
CELL 0.00 420.00 290.00 1
CELL 0.00 430.00 0.00 1
CELL 0.00 430.00 10.00 1
CELL 0.00 430.00 20.00 1
CELL 0.00 430.00 30.00 1
CELL 0.00 430.00 40.00 1
CELL 0.00 430.00 50.00 1
CELL 0.00 430.00 60.00 1
CELL 0.00 430.00 70.00 1
CELL 0.00 430.00 80.00 1
CELL 0.00 430.00 90.00 1
CELL 0.00 430.00 100.00 1
CELL 0.00 430.00 110.00 1
CELL 0.00 430.00 120.00 1
CELL 0.00 430.00 130.00 1
CELL 0.00 430.00 140.00 1
CELL 0.00 430.00 150.00 1
CELL 0.00 430.00 160.00 1
CELL 0.00 430.00 170.00 1
CELL 0.00 430.00 180.00 1
CELL 0.00 430.00 190.00 1
CELL 0.00 430.00 200.00 1
CELL 0.00 430.00 210.00 1
CELL 0.00 430.00 220.00 1
CELL 0.00 430.00 230.00 1
CELL 0.00 430.00 240.00 1
CELL 0.00 430.00 250.00 1
CELL 0.00 430.00 260.00 1
CELL 0.00 430.00 270.00 1
CELL 0.00 430.00 280.00 1
CELL 0.00 430.00 290.00 1
CELL 0.00 440.00 0.00 1
CELL 0.00 440.00 10.00 1
CELL 0.00 440.00 20.00 1
CELL 0.00 440.00 30.00 1
CELL 0.00 440.00 40.00 1
CELL 0.00 440.00 50.00 1
CELL 0.00 440.00 60.00 1
CELL 0.00 440.00 70.00 1
CELL 0.00 440.00 80.00 1
CELL 0.00 440.00 90.00 1
CELL 0.00 440.00 100.00 1
CELL 0.00 440.00 110.00 1
CELL 0.00 440.00 120.00 1
CELL 0.00 440.00 130.00 1
CELL 0.00 440.00 140.00 1
CELL 0.00 440.00 150.00 1
CELL 0.00 440.00 160.00 1
CELL 0.00 440.00 170.00 1
CELL 0.00 440.00 180.00 1
CELL 0.00 440.00 190.00 1
CELL 0.00 440.00 200.00 1
CELL 0.00 440.00 210.00 1
CELL 0.00 440.00 220.00 1
CELL 0.00 440.00 230.00 1
CELL 0.00 440.00 240.00 1
CELL 0.00 440.00 250.00 1
CELL 0.00 440.00 260.00 1
CELL 0.00 440.00 270.00 1
CELL 0.00 440.00 280.00 1
CELL 0.00 440.00 290.00 1
CELL 0.00 450.00 0.00 1
CELL 0.00 450.00 10.00 1
CELL 0.00 450.00 20.00 1
CELL 0.00 450.00 30.00 1
CELL 0.00 450.00 40.00 1
CELL 0.00 450.00 50.00 1
CELL 0.00 450.00 60.00 1
CELL 0.00 450.00 70.00 1
CELL 0.00 450.00 80.00 1
CELL 0.00 450.00 90.00 1
CELL 0.00 450.00 100.00 1
CELL 0.00 450.00 110.00 1
CELL 0.00 450.00 120.00 1
CELL 0.00 450.00 130.00 1
CELL 0.00 450.00 140.00 1
CELL 0.00 450.00 150.00 1
CELL 0.00 450.00 160.00 1
CELL 0.00 450.00 170.00 1
CELL 0.00 450.00 180.00 1
CELL 0.00 450.00 190.00 1
CELL 0.00 450.00 200.00 1
CELL 0.00 450.00 210.00 1
CELL 0.00 450.00 220.00 1
CELL 0.00 450.00 230.00 1
CELL 0.00 450.00 240.00 1
CELL 0.00 450.00 250.00 1
CELL 0.00 450.00 260.00 1
CELL 0.00 450.00 270.00 1
CELL 0.00 450.00 280.00 1
CELL 0.00 450.00 290.00 1
CELL 0.00 460.00 0.00 1
CELL 0.00 460.00 10.00 1
CELL 0.00 460.00 20.00 1
CELL 0.00 460.00 30.00 1
CELL 0.00 460.00 40.00 1
CELL 0.00 460.00 50.00 1
CELL 0.00 460.00 60.00 1
CELL 0.00 460.00 70.00 1
CELL 0.00 460.00 80.00 1
CELL 0.00 460.00 90.00 1
CELL 0.00 460.00 100.00 1
CELL 0.00 460.00 110.00 1
CELL 0.00 460.00 120.00 1
CELL 0.00 460.00 130.00 1
CELL 0.00 460.00 140.00 1
CELL 0.00 460.00 150.00 1
CELL 0.00 460.00 160.00 1
CELL 0.00 460.00 170.00 1
CELL 0.00 460.00 180.00 1
CELL 0.00 460.00 190.00 1
CELL 0.00 460.00 200.00 1
CELL 0.00 460.00 210.00 1
CELL 0.00 460.00 220.00 1
CELL 0.00 460.00 230.00 1
CELL 0.00 460.00 240.00 1
CELL 0.00 460.00 250.00 1
CELL 0.00 460.00 260.00 1
CELL 0.00 460.00 270.00 1
CELL 0.00 460.00 280.00 1
CELL 0.00 460.00 290.00 1
CELL 0.00 470.00 0.00 1
CELL 0.00 470.00 10.00 1
CELL 0.00 470.00 20.00 1
CELL 0.00 470.00 30.00 1
CELL 0.00 470.00 40.00 1
CELL 0.00 470.00 50.00 1
CELL 0.00 470.00 60.00 1
CELL 0.00 470.00 70.00 1
CELL 0.00 470.00 80.00 1
CELL 0.00 470.00 90.00 1
CELL 0.00 470.00 100.00 1
CELL 0.00 470.00 110.00 1
CELL 0.00 470.00 120.00 1
CELL 0.00 470.00 130.00 1
CELL 0.00 470.00 140.00 1
CELL 0.00 470.00 150.00 1
CELL 0.00 470.00 160.00 1
CELL 0.00 470.00 170.00 1
CELL 0.00 470.00 180.00 1
CELL 0.00 470.00 190.00 1
CELL 0.00 470.00 200.00 1
CELL 0.00 470.00 210.00 1
CELL 0.00 470.00 220.00 1
CELL 0.00 470.00 230.00 1
CELL 0.00 470.00 240.00 1
CELL 0.00 470.00 250.00 1
CELL 0.00 470.00 260.00 1
CELL 0.00 470.00 270.00 1
CELL 0.00 470.00 280.00 1
CELL 0.00 470.00 290.00 1
CELL 0.00 480.00 0.00 1
CELL 0.00 480.00 10.00 1
CELL 0.00 480.00 20.00 1
CELL 0.00 480.00 30.00 1
CELL 0.00 480.00 40.00 1
CELL 0.00 480.00 50.00 1
CELL 0.00 480.00 60.00 1
CELL 0.00 480.00 70.00 1
CELL 0.00 480.00 80.00 1
CELL 0.00 480.00 90.00 1
CELL 0.00 480.00 100.00 1
CELL 0.00 480.00 110.00 1
CELL 0.00 480.00 120.00 1
CELL 0.00 480.00 130.00 1
CELL 0.00 480.00 140.00 1
CELL 0.00 480.00 150.00 1
CELL 0.00 480.00 160.00 1
CELL 0.00 480.00 170.00 1
CELL 0.00 480.00 180.00 1
CELL 0.00 480.00 190.00 1
CELL 0.00 480.00 200.00 1
CELL 0.00 480.00 210.00 1
CELL 0.00 480.00 220.00 1
CELL 0.00 480.00 230.00 1
CELL 0.00 480.00 240.00 1
CELL 0.00 480.00 250.00 1
CELL 0.00 480.00 260.00 1
CELL 0.00 480.00 270.00 1
CELL 0.00 480.00 280.00 1
CELL 0.00 480.00 290.00 1
CELL 0.00 490.00 0.00 1
CELL 0.00 490.00 10.00 1
CELL 0.00 490.00 20.00 1
CELL 0.00 490.00 30.00 1
CELL 0.00 490.00 40.00 1
CELL 0.00 490.00 50.00 1
CELL 0.00 490.00 60.00 1
CELL 0.00 490.00 70.00 1
CELL 0.00 490.00 80.00 1
CELL 0.00 490.00 90.00 1
CELL 0.00 490.00 100.00 1
CELL 0.00 490.00 110.00 1
CELL 0.00 490.00 120.00 1
CELL 0.00 490.00 130.00 1
CELL 0.00 490.00 140.00 1
CELL 0.00 490.00 150.00 1
CELL 0.00 490.00 160.00 1
CELL 0.00 490.00 170.00 1
CELL 0.00 490.00 180.00 1
CELL 0.00 490.00 190.00 1
CELL 0.00 490.00 200.00 1
CELL 0.00 490.00 210.00 1
CELL 0.00 490.00 220.00 1
CELL 0.00 490.00 230.00 1
CELL 0.00 490.00 240.00 1
CELL 0.00 490.00 250.00 1
CELL 0.00 490.00 260.00 1
CELL 0.00 490.00 270.00 1
CELL 0.00 490.00 280.00 1
CELL 0.00 490.00 290.00 1
CELL 0.00 500.00 0.00 1
CELL 0.00 500.00 10.00 1
CELL 0.00 500.00 20.00 1
CELL 0.00 500.00 30.00 1
CELL 0.00 500.00 40.00 1
CELL 0.00 500.00 50.00 1
CELL 0.00 500.00 60.00 1
CELL 0.00 500.00 70.00 1
CELL 0.00 500.00 80.00 1
CELL 0.00 500.00 90.00 1
CELL 0.00 500.00 100.00 1
CELL 0.00 500.00 110.00 1
CELL 0.00 500.00 120.00 1
CELL 0.00 500.00 130.00 1
CELL 0.00 500.00 140.00 1
CELL 0.00 500.00 150.00 1
CELL 0.00 500.00 160.00 1
CELL 0.00 500.00 170.00 1
CELL 0.00 500.00 180.00 1
CELL 0.00 500.00 190.00 1
CELL 0.00 500.00 200.00 1
CELL 0.00 500.00 210.00 1
CELL 0.00 500.00 220.00 1
CELL 0.00 500.00 230.00 1
CELL 0.00 500.00 240.00 1
CELL 0.00 500.00 250.00 1
CELL 0.00 500.00 260.00 1
CELL 0.00 500.00 270.00 1
CELL 0.00 500.00 280.00 1
CELL 0.00 500.00 290.00 1
CELL 0.00 510.00 0.00 1
CELL 0.00 510.00 10.00 1
CELL 0.00 510.00 20.00 1
CELL 0.00 510.00 30.00 1
CELL 0.00 510.00 40.00 1
CELL 0.00 510.00 50.00 1
CELL 0.00 510.00 60.00 1
CELL 0.00 510.00 70.00 1
CELL 0.00 510.00 80.00 1
CELL 0.00 510.00 90.00 1
CELL 0.00 510.00 100.00 1
CELL 0.00 510.00 110.00 1
CELL 0.00 510.00 120.00 1
CELL 0.00 510.00 130.00 1
CELL 0.00 510.00 140.00 1
CELL 0.00 510.00 150.00 1
CELL 0.00 510.00 160.00 1
CELL 0.00 510.00 170.00 1
CELL 0.00 510.00 180.00 1
CELL 0.00 510.00 190.00 1
CELL 0.00 510.00 200.00 1
CELL 0.00 510.00 210.00 1
CELL 0.00 510.00 220.00 1
CELL 0.00 510.00 230.00 1
CELL 0.00 510.00 240.00 1
CELL 0.00 510.00 250.00 1
CELL 0.00 510.00 260.00 1
CELL 0.00 510.00 270.00 1
CELL 0.00 510.00 280.00 1
CELL 0.00 510.00 290.00 1
CELL 0.00 520.00 0.00 1
CELL 0.00 520.00 10.00 1
CELL 0.00 520.00 20.00 1
CELL 0.00 520.00 30.00 1
CELL 0.00 520.00 40.00 1
CELL 0.00 520.00 50.00 1
CELL 0.00 520.00 60.00 1
CELL 0.00 520.00 70.00 1
CELL 0.00 520.00 80.00 1
CELL 0.00 520.00 90.00 1
CELL 0.00 520.00 100.00 1
CELL 0.00 520.00 110.00 1
CELL 0.00 520.00 120.00 1
CELL 0.00 520.00 130.00 1
CELL 0.00 520.00 140.00 1
CELL 0.00 520.00 150.00 1
CELL 0.00 520.00 160.00 1
CELL 0.00 520.00 170.00 1
CELL 0.00 520.00 180.00 1
CELL 0.00 520.00 190.00 1
CELL 0.00 520.00 200.00 1
CELL 0.00 520.00 210.00 1
CELL 0.00 520.00 220.00 1
CELL 0.00 520.00 230.00 1
CELL 0.00 520.00 240.00 1
CELL 0.00 520.00 250.00 1
CELL 0.00 520.00 260.00 1
CELL 0.00 520.00 270.00 1
CELL 0.00 520.00 280.00 1
CELL 0.00 520.00 290.00 1
CELL 0.00 530.00 0.00 1
CELL 0.00 530.00 10.00 1
CELL 0.00 530.00 20.00 1
CELL 0.00 530.00 30.00 1
CELL 0.00 530.00 40.00 1
CELL 0.00 530.00 50.00 1
CELL 0.00 530.00 60.00 1
CELL 0.00 530.00 70.00 1
CELL 0.00 530.00 80.00 1
CELL 0.00 530.00 90.00 1
CELL 0.00 530.00 100.00 1
CELL 0.00 530.00 110.00 1
CELL 0.00 530.00 120.00 1
CELL 0.00 530.00 130.00 1
CELL 0.00 530.00 140.00 1
CELL 0.00 530.00 150.00 1
CELL 0.00 530.00 160.00 1
CELL 0.00 530.00 170.00 1
CELL 0.00 530.00 180.00 1
CELL 0.00 530.00 190.00 1
CELL 0.00 530.00 200.00 1
CELL 0.00 530.00 210.00 1
CELL 0.00 530.00 220.00 1
CELL 0.00 530.00 230.00 1
CELL 0.00 530.00 240.00 1
CELL 0.00 530.00 250.00 1
CELL 0.00 530.00 260.00 1
CELL 0.00 530.00 270.00 1
CELL 0.00 530.00 280.00 1
CELL 0.00 530.00 290.00 1
CELL 0.00 540.00 0.00 1
CELL 0.00 540.00 10.00 1
CELL 0.00 540.00 20.00 1
CELL 0.00 540.00 30.00 1
CELL 0.00 540.00 40.00 1
CELL 0.00 540.00 50.00 1
CELL 0.00 540.00 60.00 1
CELL 0.00 540.00 70.00 1
CELL 0.00 540.00 80.00 1
CELL 0.00 540.00 90.00 1
CELL 0.00 540.00 100.00 1
CELL 0.00 540.00 110.00 1
CELL 0.00 540.00 120.00 1
CELL 0.00 540.00 130.00 1
CELL 0.00 540.00 140.00 1
CELL 0.00 540.00 150.00 1
CELL 0.00 540.00 160.00 1
CELL 0.00 540.00 170.00 1
CELL 0.00 540.00 180.00 1
CELL 0.00 540.00 190.00 1
CELL 0.00 540.00 200.00 1
CELL 0.00 540.00 210.00 1
CELL 0.00 540.00 220.00 1
CELL 0.00 540.00 230.00 1
CELL 0.00 540.00 240.00 1
CELL 0.00 540.00 250.00 1
CELL 0.00 540.00 260.00 1
CELL 0.00 540.00 270.00 1
CELL 0.00 540.00 280.00 1
CELL 0.00 540.00 290.00 1
CELL 0.00 550.00 0.00 1
CELL 0.00 550.00 10.00 1
CELL 0.00 550.00 20.00 1
CELL 0.00 550.00 30.00 1
CELL 0.00 550.00 40.00 1
CELL 0.00 550.00 50.00 1
CELL 0.00 550.00 60.00 1
CELL 0.00 550.00 70.00 1
CELL 0.00 550.00 80.00 1
CELL 0.00 550.00 90.00 1
CELL 0.00 550.00 100.00 1
CELL 0.00 550.00 110.00 1
CELL 0.00 550.00 120.00 1
CELL 0.00 550.00 130.00 1
CELL 0.00 550.00 140.00 1
CELL 0.00 550.00 150.00 1
CELL 0.00 550.00 160.00 1
CELL 0.00 550.00 170.00 1
CELL 0.00 550.00 180.00 1
CELL 0.00 550.00 190.00 1
CELL 0.00 550.00 200.00 1
CELL 0.00 550.00 210.00 1
CELL 0.00 550.00 220.00 1
CELL 0.00 550.00 230.00 1
CELL 0.00 550.00 240.00 1
CELL 0.00 550.00 250.00 1
CELL 0.00 550.00 260.00 1
CELL 0.00 550.00 270.00 1
CELL 0.00 550.00 280.00 1
CELL 0.00 550.00 290.00 1
CELL 0.00 560.00 0.00 1
CELL 0.00 560.00 10.00 1
CELL 0.00 560.00 20.00 1
CELL 0.00 560.00 30.00 1
CELL 0.00 560.00 40.00 1
CELL 0.00 560.00 50.00 1
CELL 0.00 560.00 60.00 1
CELL 0.00 560.00 70.00 1
CELL 0.00 560.00 80.00 1
CELL 0.00 560.00 90.00 1
CELL 0.00 560.00 100.00 1
CELL 0.00 560.00 110.00 1
CELL 0.00 560.00 120.00 1
CELL 0.00 560.00 130.00 1
CELL 0.00 560.00 140.00 1
CELL 0.00 560.00 150.00 1
CELL 0.00 560.00 160.00 1
CELL 0.00 560.00 170.00 1
CELL 0.00 560.00 180.00 1
CELL 0.00 560.00 190.00 1
CELL 0.00 560.00 200.00 1
CELL 0.00 560.00 210.00 1
CELL 0.00 560.00 220.00 1
CELL 0.00 560.00 230.00 1
CELL 0.00 560.00 240.00 1
CELL 0.00 560.00 250.00 1
CELL 0.00 560.00 260.00 1
CELL 0.00 560.00 270.00 1
CELL 0.00 560.00 280.00 1
CELL 0.00 560.00 290.00 1
CELL 0.00 570.00 0.00 1
CELL 0.00 570.00 10.00 1
CELL 0.00 570.00 20.00 1
CELL 0.00 570.00 30.00 1
CELL 0.00 570.00 40.00 1
CELL 0.00 570.00 50.00 1
CELL 0.00 570.00 60.00 1
CELL 0.00 570.00 70.00 1
CELL 0.00 570.00 80.00 1
CELL 0.00 570.00 90.00 1
CELL 0.00 570.00 100.00 1
CELL 0.00 570.00 110.00 1
CELL 0.00 570.00 120.00 1
CELL 0.00 570.00 130.00 1
CELL 0.00 570.00 140.00 1
CELL 0.00 570.00 150.00 1
CELL 0.00 570.00 160.00 1
CELL 0.00 570.00 170.00 1
CELL 0.00 570.00 180.00 1
CELL 0.00 570.00 190.00 1
CELL 0.00 570.00 200.00 1
CELL 0.00 570.00 210.00 1
CELL 0.00 570.00 220.00 1
CELL 0.00 570.00 230.00 1
CELL 0.00 570.00 240.00 1
CELL 0.00 570.00 250.00 1
CELL 0.00 570.00 260.00 1
CELL 0.00 570.00 270.00 1
CELL 0.00 570.00 280.00 1
CELL 0.00 570.00 290.00 1
CELL 0.00 580.00 0.00 1
CELL 0.00 580.00 10.00 1
CELL 0.00 580.00 20.00 1
CELL 0.00 580.00 30.00 1
CELL 0.00 580.00 40.00 1
CELL 0.00 580.00 50.00 1
CELL 0.00 580.00 60.00 1
CELL 0.00 580.00 70.00 1
CELL 0.00 580.00 80.00 1
CELL 0.00 580.00 90.00 1
CELL 0.00 580.00 100.00 1
CELL 0.00 580.00 110.00 1
CELL 0.00 580.00 120.00 1
CELL 0.00 580.00 130.00 1
CELL 0.00 580.00 140.00 1
CELL 0.00 580.00 150.00 1
CELL 0.00 580.00 160.00 1
CELL 0.00 580.00 170.00 1
CELL 0.00 580.00 180.00 1
CELL 0.00 580.00 190.00 1
CELL 0.00 580.00 200.00 1
CELL 0.00 580.00 210.00 1
CELL 0.00 580.00 220.00 1
CELL 0.00 580.00 230.00 1
CELL 0.00 580.00 240.00 1
CELL 0.00 580.00 250.00 1
CELL 0.00 580.00 260.00 1
CELL 0.00 580.00 270.00 1
CELL 0.00 580.00 280.00 1
CELL 0.00 580.00 290.00 1
CELL 0.00 590.00 0.00 1
CELL 0.00 590.00 10.00 1
CELL 0.00 590.00 20.00 1
CELL 0.00 590.00 30.00 1
CELL 0.00 590.00 40.00 1
CELL 0.00 590.00 50.00 1
CELL 0.00 590.00 60.00 1
CELL 0.00 590.00 70.00 1
CELL 0.00 590.00 80.00 1
CELL 0.00 590.00 90.00 1
CELL 0.00 590.00 100.00 1
CELL 0.00 590.00 110.00 1
CELL 0.00 590.00 120.00 1
CELL 0.00 590.00 130.00 1
CELL 0.00 590.00 140.00 1
CELL 0.00 590.00 150.00 1
CELL 0.00 590.00 160.00 1
CELL 0.00 590.00 170.00 1
CELL 0.00 590.00 180.00 1
CELL 0.00 590.00 190.00 1
CELL 0.00 590.00 200.00 1
CELL 0.00 590.00 210.00 1
CELL 0.00 590.00 220.00 1
CELL 0.00 590.00 230.00 1
CELL 0.00 590.00 240.00 1
CELL 0.00 590.00 250.00 1
CELL 0.00 590.00 260.00 1
CELL 0.00 590.00 270.00 1
CELL 0.00 590.00 280.00 1
CELL 0.00 590.00 290.00 1
CELL 0.00 600.00 0.00 1
CELL 0.00 600.00 10.00 1
CELL 0.00 600.00 20.00 1
CELL 0.00 600.00 30.00 1
CELL 0.00 600.00 40.00 1
CELL 0.00 600.00 50.00 1
CELL 0.00 600.00 60.00 1
CELL 0.00 600.00 70.00 1
CELL 0.00 600.00 80.00 1
CELL 0.00 600.00 90.00 1
CELL 0.00 600.00 100.00 1
CELL 0.00 600.00 110.00 1
CELL 0.00 600.00 120.00 1
CELL 0.00 600.00 130.00 1
CELL 0.00 600.00 140.00 1
CELL 0.00 600.00 150.00 1
CELL 0.00 600.00 160.00 1
CELL 0.00 600.00 170.00 1
CELL 0.00 600.00 180.00 1
CELL 0.00 600.00 190.00 1
CELL 0.00 600.00 200.00 1
CELL 0.00 600.00 210.00 1
CELL 0.00 600.00 220.00 1
CELL 0.00 600.00 230.00 1
CELL 0.00 600.00 240.00 1
CELL 0.00 600.00 250.00 1
CELL 0.00 600.00 260.00 1
CELL 0.00 600.00 270.00 1
CELL 0.00 600.00 280.00 1
CELL 0.00 600.00 290.00 1
CELL 0.00 610.00 0.00 1
CELL 0.00 610.00 10.00 1
CELL 0.00 610.00 20.00 1
CELL 0.00 610.00 30.00 1
CELL 0.00 610.00 40.00 1
CELL 0.00 610.00 50.00 1
CELL 0.00 610.00 60.00 1
CELL 0.00 610.00 70.00 1
CELL 0.00 610.00 80.00 1
CELL 0.00 610.00 90.00 1
CELL 0.00 610.00 100.00 1
CELL 0.00 610.00 110.00 1
CELL 0.00 610.00 120.00 1
CELL 0.00 610.00 130.00 1
CELL 0.00 610.00 140.00 1
CELL 0.00 610.00 150.00 1
CELL 0.00 610.00 160.00 1
CELL 0.00 610.00 170.00 1
CELL 0.00 610.00 180.00 1
CELL 0.00 610.00 190.00 1
CELL 0.00 610.00 200.00 1
CELL 0.00 610.00 210.00 1
CELL 0.00 610.00 220.00 1
CELL 0.00 610.00 230.00 1
CELL 0.00 610.00 240.00 1
CELL 0.00 610.00 250.00 1
CELL 0.00 610.00 260.00 1
CELL 0.00 610.00 270.00 1
CELL 0.00 610.00 280.00 1
CELL 0.00 610.00 290.00 1
CELL 0.00 620.00 0.00 1
CELL 0.00 620.00 10.00 1
CELL 0.00 620.00 20.00 1
CELL 0.00 620.00 30.00 1
CELL 0.00 620.00 40.00 1
CELL 0.00 620.00 50.00 1
CELL 0.00 620.00 60.00 1
CELL 0.00 620.00 70.00 1
CELL 0.00 620.00 80.00 1
CELL 0.00 620.00 90.00 1
CELL 0.00 620.00 100.00 1
CELL 0.00 620.00 110.00 1
CELL 0.00 620.00 120.00 1
CELL 0.00 620.00 130.00 1
CELL 0.00 620.00 140.00 1
CELL 0.00 620.00 150.00 1
CELL 0.00 620.00 160.00 1
CELL 0.00 620.00 170.00 1
CELL 0.00 620.00 180.00 1
CELL 0.00 620.00 190.00 1
CELL 0.00 620.00 200.00 1
CELL 0.00 620.00 210.00 1
CELL 0.00 620.00 220.00 1
CELL 0.00 620.00 230.00 1
CELL 0.00 620.00 240.00 1
CELL 0.00 620.00 250.00 1
CELL 0.00 620.00 260.00 1
CELL 0.00 620.00 270.00 1
CELL 0.00 620.00 280.00 1
CELL 0.00 620.00 290.00 1
CELL 0.00 630.00 0.00 1
CELL 0.00 630.00 10.00 1
CELL 0.00 630.00 20.00 1
CELL 0.00 630.00 30.00 1
CELL 0.00 630.00 40.00 1
CELL 0.00 630.00 50.00 1
CELL 0.00 630.00 60.00 1
CELL 0.00 630.00 70.00 1
CELL 0.00 630.00 80.00 1
CELL 0.00 630.00 90.00 1
CELL 0.00 630.00 100.00 1
CELL 0.00 630.00 110.00 1
CELL 0.00 630.00 120.00 1
CELL 0.00 630.00 130.00 1
CELL 0.00 630.00 140.00 1
CELL 0.00 630.00 150.00 1
CELL 0.00 630.00 160.00 1
CELL 0.00 630.00 170.00 1
CELL 0.00 630.00 180.00 1
CELL 0.00 630.00 190.00 1
CELL 0.00 630.00 200.00 1
CELL 0.00 630.00 210.00 1
CELL 0.00 630.00 220.00 1
CELL 0.00 630.00 230.00 1
CELL 0.00 630.00 240.00 1
CELL 0.00 630.00 250.00 1
CELL 0.00 630.00 260.00 1
CELL 0.00 630.00 270.00 1
CELL 0.00 630.00 280.00 1
CELL 0.00 630.00 290.00 1
CELL 0.00 640.00 0.00 1
CELL 0.00 640.00 10.00 1
CELL 0.00 640.00 20.00 1
CELL 0.00 640.00 30.00 1
CELL 0.00 640.00 40.00 1
CELL 0.00 640.00 50.00 1
CELL 0.00 640.00 60.00 1
CELL 0.00 640.00 70.00 1
CELL 0.00 640.00 80.00 1
CELL 0.00 640.00 90.00 1
CELL 0.00 640.00 100.00 1
CELL 0.00 640.00 110.00 1
CELL 0.00 640.00 120.00 1
CELL 0.00 640.00 130.00 1
CELL 0.00 640.00 140.00 1
CELL 0.00 640.00 150.00 1
CELL 0.00 640.00 160.00 1
CELL 0.00 640.00 170.00 1
CELL 0.00 640.00 180.00 1
CELL 0.00 640.00 190.00 1
CELL 0.00 640.00 200.00 1
CELL 0.00 640.00 210.00 1
CELL 0.00 640.00 220.00 1
CELL 0.00 640.00 230.00 1
CELL 0.00 640.00 240.00 1
CELL 0.00 640.00 250.00 1
CELL 0.00 640.00 260.00 1
CELL 0.00 640.00 270.00 1
CELL 0.00 640.00 280.00 1
CELL 0.00 640.00 290.00 1
CELL 0.00 650.00 0.00 1
CELL 0.00 650.00 10.00 1
CELL 0.00 650.00 20.00 1
CELL 0.00 650.00 30.00 1
CELL 0.00 650.00 40.00 1
CELL 0.00 650.00 50.00 1
CELL 0.00 650.00 60.00 1
CELL 0.00 650.00 70.00 1
CELL 0.00 650.00 80.00 1
CELL 0.00 650.00 90.00 1
CELL 0.00 650.00 100.00 1
CELL 0.00 650.00 110.00 1
CELL 0.00 650.00 120.00 1
CELL 0.00 650.00 130.00 1
CELL 0.00 650.00 140.00 1
CELL 0.00 650.00 150.00 1
CELL 0.00 650.00 160.00 1
CELL 0.00 650.00 170.00 1
CELL 0.00 650.00 180.00 1
CELL 0.00 650.00 190.00 1
CELL 0.00 650.00 200.00 1
CELL 0.00 650.00 210.00 1
CELL 0.00 650.00 220.00 1
CELL 0.00 650.00 230.00 1
CELL 0.00 650.00 240.00 1
CELL 0.00 650.00 250.00 1
CELL 0.00 650.00 260.00 1
CELL 0.00 650.00 270.00 1
CELL 0.00 650.00 280.00 1
CELL 0.00 650.00 290.00 1
CELL 0.00 660.00 0.00 1
CELL 0.00 660.00 10.00 1
CELL 0.00 660.00 20.00 1
CELL 0.00 660.00 30.00 1
CELL 0.00 660.00 40.00 1
CELL 0.00 660.00 50.00 1
CELL 0.00 660.00 60.00 1
CELL 0.00 660.00 70.00 1
CELL 0.00 660.00 80.00 1
CELL 0.00 660.00 90.00 1
CELL 0.00 660.00 100.00 1
CELL 0.00 660.00 110.00 1
CELL 0.00 660.00 120.00 1
CELL 0.00 660.00 130.00 1
CELL 0.00 660.00 140.00 1
CELL 0.00 660.00 150.00 1
CELL 0.00 660.00 160.00 1
CELL 0.00 660.00 170.00 1
CELL 0.00 660.00 180.00 1
CELL 0.00 660.00 190.00 1
CELL 0.00 660.00 200.00 1
CELL 0.00 660.00 210.00 1
CELL 0.00 660.00 220.00 1
CELL 0.00 660.00 230.00 1
CELL 0.00 660.00 240.00 1
CELL 0.00 660.00 250.00 1
CELL 0.00 660.00 260.00 1
CELL 0.00 660.00 270.00 1
CELL 0.00 660.00 280.00 1
CELL 0.00 660.00 290.00 1
CELL 0.00 670.00 0.00 1
CELL 0.00 670.00 10.00 1
CELL 0.00 670.00 20.00 1
CELL 0.00 670.00 30.00 1
CELL 0.00 670.00 40.00 1
CELL 0.00 670.00 50.00 1
CELL 0.00 670.00 60.00 1
CELL 0.00 670.00 70.00 1
CELL 0.00 670.00 80.00 1
CELL 0.00 670.00 90.00 1
CELL 0.00 670.00 100.00 1
CELL 0.00 670.00 110.00 1
CELL 0.00 670.00 120.00 1
CELL 0.00 670.00 130.00 1
CELL 0.00 670.00 140.00 1
CELL 0.00 670.00 150.00 1
CELL 0.00 670.00 160.00 1
CELL 0.00 670.00 170.00 1
CELL 0.00 670.00 180.00 1
CELL 0.00 670.00 190.00 1
CELL 0.00 670.00 200.00 1
CELL 0.00 670.00 210.00 1
CELL 0.00 670.00 220.00 1
CELL 0.00 670.00 230.00 1
CELL 0.00 670.00 240.00 1
CELL 0.00 670.00 250.00 1
CELL 0.00 670.00 260.00 1
CELL 0.00 670.00 270.00 1
CELL 0.00 670.00 280.00 1
CELL 0.00 670.00 290.00 1
CELL 0.00 680.00 0.00 1
CELL 0.00 680.00 10.00 1
CELL 0.00 680.00 20.00 1
CELL 0.00 680.00 30.00 1
CELL 0.00 680.00 40.00 1
CELL 0.00 680.00 50.00 1
CELL 0.00 680.00 60.00 1
CELL 0.00 680.00 70.00 1
CELL 0.00 680.00 80.00 1
CELL 0.00 680.00 90.00 1
CELL 0.00 680.00 100.00 1
CELL 0.00 680.00 110.00 1
CELL 0.00 680.00 120.00 1
CELL 0.00 680.00 130.00 1
CELL 0.00 680.00 140.00 1
CELL 0.00 680.00 150.00 1
CELL 0.00 680.00 160.00 1
CELL 0.00 680.00 170.00 1
CELL 0.00 680.00 180.00 1
CELL 0.00 680.00 190.00 1
CELL 0.00 680.00 200.00 1
CELL 0.00 680.00 210.00 1
CELL 0.00 680.00 220.00 1
CELL 0.00 680.00 230.00 1
CELL 0.00 680.00 240.00 1
CELL 0.00 680.00 250.00 1
CELL 0.00 680.00 260.00 1
CELL 0.00 680.00 270.00 1
CELL 0.00 680.00 280.00 1
CELL 0.00 680.00 290.00 1
CELL 0.00 690.00 0.00 1
CELL 0.00 690.00 10.00 1
CELL 0.00 690.00 20.00 1
CELL 0.00 690.00 30.00 1
CELL 0.00 690.00 40.00 1
CELL 0.00 690.00 50.00 1
CELL 0.00 690.00 60.00 1
CELL 0.00 690.00 70.00 1
CELL 0.00 690.00 80.00 1
CELL 0.00 690.00 90.00 1
CELL 0.00 690.00 100.00 1
CELL 0.00 690.00 110.00 1
CELL 0.00 690.00 120.00 1
CELL 0.00 690.00 130.00 1
CELL 0.00 690.00 140.00 1
CELL 0.00 690.00 150.00 1
CELL 0.00 690.00 160.00 1
CELL 0.00 690.00 170.00 1
CELL 0.00 690.00 180.00 1
CELL 0.00 690.00 190.00 1
CELL 0.00 690.00 200.00 1
CELL 0.00 690.00 210.00 1
CELL 0.00 690.00 220.00 1
CELL 0.00 690.00 230.00 1
CELL 0.00 690.00 240.00 1
CELL 0.00 690.00 250.00 1
CELL 0.00 690.00 260.00 1
CELL 0.00 690.00 270.00 1
CELL 0.00 690.00 280.00 1
CELL 0.00 690.00 290.00 1
CELL 0.00 700.00 0.00 1
CELL 0.00 700.00 10.00 1
CELL 0.00 700.00 20.00 1
CELL 0.00 700.00 30.00 1
CELL 0.00 700.00 40.00 1
CELL 0.00 700.00 50.00 1
CELL 0.00 700.00 60.00 1
CELL 0.00 700.00 70.00 1
CELL 0.00 700.00 80.00 1
CELL 0.00 700.00 90.00 1
CELL 0.00 700.00 100.00 1
CELL 0.00 700.00 110.00 1
CELL 0.00 700.00 120.00 1
CELL 0.00 700.00 130.00 1
CELL 0.00 700.00 140.00 1
CELL 0.00 700.00 150.00 1
CELL 0.00 700.00 160.00 1
CELL 0.00 700.00 170.00 1
CELL 0.00 700.00 180.00 1
CELL 0.00 700.00 190.00 1
CELL 0.00 700.00 200.00 1
CELL 0.00 700.00 210.00 1
CELL 0.00 700.00 220.00 1
CELL 0.00 700.00 230.00 1
CELL 0.00 700.00 240.00 1
CELL 0.00 700.00 250.00 1
CELL 0.00 700.00 260.00 1
CELL 0.00 700.00 270.00 1
CELL 0.00 700.00 280.00 1
CELL 0.00 700.00 290.00 1
CELL 0.00 710.00 0.00 1
CELL 0.00 710.00 10.00 1
CELL 0.00 710.00 20.00 1
CELL 0.00 710.00 30.00 1
CELL 0.00 710.00 40.00 1
CELL 0.00 710.00 50.00 1
CELL 0.00 710.00 60.00 1
CELL 0.00 710.00 70.00 1
CELL 0.00 710.00 80.00 1
CELL 0.00 710.00 90.00 1
CELL 0.00 710.00 100.00 1
CELL 0.00 710.00 110.00 1
CELL 0.00 710.00 120.00 1
CELL 0.00 710.00 130.00 1
CELL 0.00 710.00 140.00 1
CELL 0.00 710.00 150.00 1
CELL 0.00 710.00 160.00 1
CELL 0.00 710.00 170.00 1
CELL 0.00 710.00 180.00 1
CELL 0.00 710.00 190.00 1
CELL 0.00 710.00 200.00 1
CELL 0.00 710.00 210.00 1
CELL 0.00 710.00 220.00 1
CELL 0.00 710.00 230.00 1
CELL 0.00 710.00 240.00 1
CELL 0.00 710.00 250.00 1
CELL 0.00 710.00 260.00 1
CELL 0.00 710.00 270.00 1
CELL 0.00 710.00 280.00 1
CELL 0.00 710.00 290.00 1
CELL 0.00 720.00 0.00 1
CELL 0.00 720.00 10.00 1
CELL 0.00 720.00 20.00 1
CELL 0.00 720.00 30.00 1
CELL 0.00 720.00 40.00 1
CELL 0.00 720.00 50.00 1
CELL 0.00 720.00 60.00 1
CELL 0.00 720.00 70.00 1
CELL 0.00 720.00 80.00 1
CELL 0.00 720.00 90.00 1
CELL 0.00 720.00 100.00 1
CELL 0.00 720.00 110.00 1
CELL 0.00 720.00 120.00 1
CELL 0.00 720.00 130.00 1
CELL 0.00 720.00 140.00 1
CELL 0.00 720.00 150.00 1
CELL 0.00 720.00 160.00 1
CELL 0.00 720.00 170.00 1
CELL 0.00 720.00 180.00 1
CELL 0.00 720.00 190.00 1
CELL 0.00 720.00 200.00 1
CELL 0.00 720.00 210.00 1
CELL 0.00 720.00 220.00 1
CELL 0.00 720.00 230.00 1
CELL 0.00 720.00 240.00 1
CELL 0.00 720.00 250.00 1
CELL 0.00 720.00 260.00 1
CELL 0.00 720.00 270.00 1
CELL 0.00 720.00 280.00 1
CELL 0.00 720.00 290.00 1
CELL 0.00 730.00 0.00 1
CELL 0.00 730.00 10.00 1
CELL 0.00 730.00 20.00 1
CELL 0.00 730.00 30.00 1
CELL 0.00 730.00 40.00 1
CELL 0.00 730.00 50.00 1
CELL 0.00 730.00 60.00 1
CELL 0.00 730.00 70.00 1
CELL 0.00 730.00 80.00 1
CELL 0.00 730.00 90.00 1
CELL 0.00 730.00 100.00 1
CELL 0.00 730.00 110.00 1
CELL 0.00 730.00 120.00 1
CELL 0.00 730.00 130.00 1
CELL 0.00 730.00 140.00 1
CELL 0.00 730.00 150.00 1
CELL 0.00 730.00 160.00 1
CELL 0.00 730.00 170.00 1
CELL 0.00 730.00 180.00 1
CELL 0.00 730.00 190.00 1
CELL 0.00 730.00 200.00 1
CELL 0.00 730.00 210.00 1
CELL 0.00 730.00 220.00 1
CELL 0.00 730.00 230.00 1
CELL 0.00 730.00 240.00 1
CELL 0.00 730.00 250.00 1
CELL 0.00 730.00 260.00 1
CELL 0.00 730.00 270.00 1
CELL 0.00 730.00 280.00 1
CELL 0.00 730.00 290.00 1
CELL 0.00 740.00 0.00 1
CELL 0.00 740.00 10.00 1
CELL 0.00 740.00 20.00 1
CELL 0.00 740.00 30.00 1
CELL 0.00 740.00 40.00 1
CELL 0.00 740.00 50.00 1
CELL 0.00 740.00 60.00 1
CELL 0.00 740.00 70.00 1
CELL 0.00 740.00 80.00 1
CELL 0.00 740.00 90.00 1
CELL 0.00 740.00 100.00 1
CELL 0.00 740.00 110.00 1
CELL 0.00 740.00 120.00 1
CELL 0.00 740.00 130.00 1
CELL 0.00 740.00 140.00 1
CELL 0.00 740.00 150.00 1
CELL 0.00 740.00 160.00 1
CELL 0.00 740.00 170.00 1
CELL 0.00 740.00 180.00 1
CELL 0.00 740.00 190.00 1
CELL 0.00 740.00 200.00 1
CELL 0.00 740.00 210.00 1
CELL 0.00 740.00 220.00 1
CELL 0.00 740.00 230.00 1
CELL 0.00 740.00 240.00 1
CELL 0.00 740.00 250.00 1
CELL 0.00 740.00 260.00 1
CELL 0.00 740.00 270.00 1
CELL 0.00 740.00 280.00 1
CELL 0.00 740.00 290.00 1
CELL 0.00 750.00 0.00 1
CELL 0.00 750.00 10.00 1
CELL 0.00 750.00 20.00 1
CELL 0.00 750.00 30.00 1
CELL 0.00 750.00 40.00 1
CELL 0.00 750.00 50.00 1
CELL 0.00 750.00 60.00 1
CELL 0.00 750.00 70.00 1
CELL 0.00 750.00 80.00 1
CELL 0.00 750.00 90.00 1
CELL 0.00 750.00 100.00 1
CELL 0.00 750.00 110.00 1
CELL 0.00 750.00 120.00 1
CELL 0.00 750.00 130.00 1
CELL 0.00 750.00 140.00 1
CELL 0.00 750.00 150.00 1
CELL 0.00 750.00 160.00 1
CELL 0.00 750.00 170.00 1
CELL 0.00 750.00 180.00 1
CELL 0.00 750.00 190.00 1
CELL 0.00 750.00 200.00 1
CELL 0.00 750.00 210.00 1
CELL 0.00 750.00 220.00 1
CELL 0.00 750.00 230.00 1
CELL 0.00 750.00 240.00 1
CELL 0.00 750.00 250.00 1
CELL 0.00 750.00 260.00 1
CELL 0.00 750.00 270.00 1
CELL 0.00 750.00 280.00 1
CELL 0.00 750.00 290.00 1
CELL 0.00 760.00 0.00 1
CELL 0.00 760.00 10.00 1
CELL 0.00 760.00 20.00 1
CELL 0.00 760.00 30.00 1
CELL 0.00 760.00 40.00 1
CELL 0.00 760.00 50.00 1
CELL 0.00 760.00 60.00 1
CELL 0.00 760.00 70.00 1
CELL 0.00 760.00 80.00 1
CELL 0.00 760.00 90.00 1
CELL 0.00 760.00 100.00 1
CELL 0.00 760.00 110.00 1
CELL 0.00 760.00 120.00 1
CELL 0.00 760.00 130.00 1
CELL 0.00 760.00 140.00 1
CELL 0.00 760.00 150.00 1
CELL 0.00 760.00 160.00 1
CELL 0.00 760.00 170.00 1
CELL 0.00 760.00 180.00 1
CELL 0.00 760.00 190.00 1
CELL 0.00 760.00 200.00 1
CELL 0.00 760.00 210.00 1
CELL 0.00 760.00 220.00 1
CELL 0.00 760.00 230.00 1
CELL 0.00 760.00 240.00 1
CELL 0.00 760.00 250.00 1
CELL 0.00 760.00 260.00 1
CELL 0.00 760.00 270.00 1
CELL 0.00 760.00 280.00 1
CELL 0.00 760.00 290.00 1
CELL 0.00 770.00 0.00 1
CELL 0.00 770.00 10.00 1
CELL 0.00 770.00 20.00 1
CELL 0.00 770.00 30.00 1
CELL 0.00 770.00 40.00 1
CELL 0.00 770.00 50.00 1
CELL 0.00 770.00 60.00 1
CELL 0.00 770.00 70.00 1
CELL 0.00 770.00 80.00 1
CELL 0.00 770.00 90.00 1
CELL 0.00 770.00 100.00 1
CELL 0.00 770.00 110.00 1
CELL 0.00 770.00 120.00 1
CELL 0.00 770.00 130.00 1
CELL 0.00 770.00 140.00 1
CELL 0.00 770.00 150.00 1
CELL 0.00 770.00 160.00 1
CELL 0.00 770.00 170.00 1
CELL 0.00 770.00 180.00 1
CELL 0.00 770.00 190.00 1
CELL 0.00 770.00 200.00 1
CELL 0.00 770.00 210.00 1
CELL 0.00 770.00 220.00 1
CELL 0.00 770.00 230.00 1
CELL 0.00 770.00 240.00 1
CELL 0.00 770.00 250.00 1
CELL 0.00 770.00 260.00 1
CELL 0.00 770.00 270.00 1
CELL 0.00 770.00 280.00 1
CELL 0.00 770.00 290.00 1
CELL 0.00 780.00 0.00 1
CELL 0.00 780.00 10.00 1
CELL 0.00 780.00 20.00 1
CELL 0.00 780.00 30.00 1
CELL 0.00 780.00 40.00 1
CELL 0.00 780.00 50.00 1
CELL 0.00 780.00 60.00 1
CELL 0.00 780.00 70.00 1
CELL 0.00 780.00 80.00 1
CELL 0.00 780.00 90.00 1
CELL 0.00 780.00 100.00 1
CELL 0.00 780.00 110.00 1
CELL 0.00 780.00 120.00 1
CELL 0.00 780.00 130.00 1
CELL 0.00 780.00 140.00 1
CELL 0.00 780.00 150.00 1
CELL 0.00 780.00 160.00 1
CELL 0.00 780.00 170.00 1
CELL 0.00 780.00 180.00 1
CELL 0.00 780.00 190.00 1
CELL 0.00 780.00 200.00 1
CELL 0.00 780.00 210.00 1
CELL 0.00 780.00 220.00 1
CELL 0.00 780.00 230.00 1
CELL 0.00 780.00 240.00 1
CELL 0.00 780.00 250.00 1
CELL 0.00 780.00 260.00 1
CELL 0.00 780.00 270.00 1
CELL 0.00 780.00 280.00 1
CELL 0.00 780.00 290.00 1
CELL 0.00 790.00 0.00 1
CELL 0.00 790.00 10.00 1
CELL 0.00 790.00 20.00 1
CELL 0.00 790.00 30.00 1
CELL 0.00 790.00 40.00 1
CELL 0.00 790.00 50.00 1
CELL 0.00 790.00 60.00 1
CELL 0.00 790.00 70.00 1
CELL 0.00 790.00 80.00 1
CELL 0.00 790.00 90.00 1
CELL 0.00 790.00 100.00 1
CELL 0.00 790.00 110.00 1
CELL 0.00 790.00 120.00 1
CELL 0.00 790.00 130.00 1
CELL 0.00 790.00 140.00 1
CELL 0.00 790.00 150.00 1
CELL 0.00 790.00 160.00 1
CELL 0.00 790.00 170.00 1
CELL 0.00 790.00 180.00 1
CELL 0.00 790.00 190.00 1
CELL 0.00 790.00 200.00 1
CELL 0.00 790.00 210.00 1
CELL 0.00 790.00 220.00 1
CELL 0.00 790.00 230.00 1
CELL 0.00 790.00 240.00 1
CELL 0.00 790.00 250.00 1
CELL 0.00 790.00 260.00 1
CELL 0.00 790.00 270.00 1
CELL 0.00 790.00 280.00 1
CELL 0.00 790.00 290.00 1
CELL 0.00 0.00 300.00 1
CELL 0.00 10.00 300.00 1
CELL 0.00 20.00 300.00 1
CELL 0.00 30.00 300.00 1
CELL 0.00 40.00 300.00 1
CELL 0.00 50.00 300.00 1
CELL 0.00 60.00 300.00 1
CELL 0.00 70.00 300.00 1
CELL 0.00 80.00 300.00 1
CELL 0.00 90.00 300.00 1
CELL 0.00 100.00 300.00 1
CELL 0.00 110.00 300.00 1
CELL 0.00 120.00 300.00 1
CELL 0.00 130.00 300.00 1
CELL 0.00 140.00 300.00 1
CELL 0.00 150.00 300.00 1
CELL 0.00 160.00 300.00 1
CELL 0.00 170.00 300.00 1
CELL 0.00 180.00 300.00 1
CELL 0.00 190.00 300.00 1
CELL 0.00 200.00 300.00 1
CELL 0.00 210.00 300.00 1
CELL 0.00 220.00 300.00 1
CELL 0.00 230.00 300.00 1
CELL 0.00 240.00 300.00 1
CELL 0.00 250.00 300.00 1
CELL 0.00 260.00 300.00 1
CELL 0.00 270.00 300.00 1
CELL 0.00 280.00 300.00 1
CELL 0.00 290.00 300.00 1
CELL 0.00 300.00 300.00 1
CELL 0.00 310.00 300.00 1
CELL 0.00 320.00 300.00 1
CELL 0.00 330.00 300.00 1
CELL 0.00 340.00 300.00 1
CELL 0.00 350.00 300.00 1
CELL 0.00 360.00 300.00 1
CELL 0.00 370.00 300.00 1
CELL 0.00 380.00 300.00 1
CELL 0.00 390.00 300.00 1
CELL 0.00 400.00 300.00 1
CELL 0.00 410.00 300.00 1
CELL 0.00 420.00 300.00 1
CELL 0.00 430.00 300.00 1
CELL 0.00 440.00 300.00 1
CELL 0.00 450.00 300.00 1
CELL 0.00 460.00 300.00 1
CELL 0.00 470.00 300.00 1
CELL 0.00 480.00 300.00 1
CELL 0.00 490.00 300.00 1
CELL 0.00 500.00 300.00 1
CELL 0.00 510.00 300.00 1
CELL 0.00 520.00 300.00 1
CELL 0.00 530.00 300.00 1
CELL 0.00 540.00 300.00 1
CELL 0.00 550.00 300.00 1
CELL 0.00 560.00 300.00 1
CELL 0.00 570.00 300.00 1
CELL 0.00 580.00 300.00 1
CELL 0.00 590.00 300.00 1
CELL 0.00 600.00 300.00 1
CELL 0.00 610.00 300.00 1
CELL 0.00 620.00 300.00 1
CELL 0.00 630.00 300.00 1
CELL 0.00 640.00 300.00 1
CELL 0.00 650.00 300.00 1
CELL 0.00 660.00 300.00 1
CELL 0.00 670.00 300.00 1
CELL 0.00 680.00 300.00 1
CELL 0.00 690.00 300.00 1
CELL 0.00 700.00 300.00 1
CELL 0.00 710.00 300.00 1
CELL 0.00 720.00 300.00 1
CELL 0.00 730.00 300.00 1
CELL 0.00 740.00 300.00 1
CELL 0.00 750.00 300.00 1
CELL 0.00 760.00 300.00 1
CELL 0.00 770.00 300.00 1
CELL 0.00 780.00 300.00 1
CELL 0.00 790.00 300.00 1
CELL 0.00 800.00 300.00 1
CELL 10.00 0.00 300.00 1
CELL 10.00 10.00 0.00 1
CELL 10.00 10.00 300.00 1
CELL 10.00 20.00 0.00 1
CELL 10.00 20.00 300.00 1
CELL 10.00 30.00 0.00 1
CELL 10.00 30.00 300.00 1
CELL 10.00 40.00 0.00 1
CELL 10.00 40.00 300.00 1
CELL 10.00 50.00 0.00 1
CELL 10.00 50.00 300.00 1
CELL 10.00 60.00 0.00 1
CELL 10.00 60.00 300.00 1
CELL 10.00 70.00 0.00 1
CELL 10.00 70.00 300.00 1
CELL 10.00 80.00 0.00 1
CELL 10.00 80.00 300.00 1
CELL 10.00 90.00 0.00 1
CELL 10.00 90.00 300.00 1
CELL 10.00 100.00 0.00 1
CELL 10.00 100.00 300.00 1
CELL 10.00 110.00 0.00 1
CELL 10.00 110.00 300.00 1
CELL 10.00 120.00 0.00 1
CELL 10.00 120.00 300.00 1
CELL 10.00 130.00 0.00 1
CELL 10.00 130.00 300.00 1
CELL 10.00 140.00 0.00 1
CELL 10.00 140.00 300.00 1
CELL 10.00 150.00 0.00 1
CELL 10.00 150.00 300.00 1
CELL 10.00 160.00 0.00 1
CELL 10.00 160.00 300.00 1
CELL 10.00 170.00 0.00 1
CELL 10.00 170.00 300.00 1
CELL 10.00 180.00 0.00 1
CELL 10.00 180.00 300.00 1
CELL 10.00 190.00 0.00 1
CELL 10.00 190.00 300.00 1
CELL 10.00 200.00 0.00 1
CELL 10.00 200.00 300.00 1
CELL 10.00 210.00 0.00 1
CELL 10.00 210.00 300.00 1
CELL 10.00 220.00 0.00 1
CELL 10.00 220.00 300.00 1
CELL 10.00 230.00 0.00 1
CELL 10.00 230.00 300.00 1
CELL 10.00 240.00 0.00 1
CELL 10.00 240.00 300.00 1
CELL 10.00 250.00 0.00 1
CELL 10.00 250.00 300.00 1
CELL 10.00 260.00 0.00 1
CELL 10.00 260.00 300.00 1
CELL 10.00 270.00 0.00 1
CELL 10.00 270.00 300.00 1
CELL 10.00 280.00 0.00 1
CELL 10.00 280.00 300.00 1
CELL 10.00 290.00 0.00 1
CELL 10.00 290.00 300.00 1
CELL 10.00 300.00 0.00 1
CELL 10.00 300.00 300.00 1
CELL 10.00 310.00 0.00 1
CELL 10.00 310.00 300.00 1
CELL 10.00 320.00 0.00 1
CELL 10.00 320.00 300.00 1
CELL 10.00 330.00 0.00 1
CELL 10.00 330.00 300.00 1
CELL 10.00 340.00 0.00 1
CELL 10.00 340.00 300.00 1
CELL 10.00 350.00 0.00 1
CELL 10.00 350.00 300.00 1
CELL 10.00 360.00 0.00 1
CELL 10.00 360.00 300.00 1
CELL 10.00 370.00 0.00 1
CELL 10.00 370.00 300.00 1
CELL 10.00 380.00 0.00 1
CELL 10.00 380.00 300.00 1
CELL 10.00 390.00 0.00 1
CELL 10.00 390.00 300.00 1
CELL 10.00 400.00 0.00 1
CELL 10.00 400.00 300.00 1
CELL 10.00 410.00 0.00 1
CELL 10.00 410.00 300.00 1
CELL 10.00 420.00 0.00 1
CELL 10.00 420.00 300.00 1
CELL 10.00 430.00 0.00 1
CELL 10.00 430.00 300.00 1
CELL 10.00 440.00 0.00 1
CELL 10.00 440.00 300.00 1
CELL 10.00 450.00 0.00 1
CELL 10.00 450.00 300.00 1
CELL 10.00 460.00 0.00 1
CELL 10.00 460.00 300.00 1
CELL 10.00 470.00 0.00 1
CELL 10.00 470.00 300.00 1
CELL 10.00 480.00 0.00 1
CELL 10.00 480.00 300.00 1
CELL 10.00 490.00 0.00 1
CELL 10.00 490.00 300.00 1
CELL 10.00 500.00 0.00 1
CELL 10.00 500.00 300.00 1
CELL 10.00 510.00 0.00 1
CELL 10.00 510.00 300.00 1
CELL 10.00 520.00 0.00 1
CELL 10.00 520.00 300.00 1
CELL 10.00 530.00 0.00 1
CELL 10.00 530.00 300.00 1
CELL 10.00 540.00 0.00 1
CELL 10.00 540.00 300.00 1
CELL 10.00 550.00 0.00 1
CELL 10.00 550.00 300.00 1
CELL 10.00 560.00 0.00 1
CELL 10.00 560.00 300.00 1
CELL 10.00 570.00 0.00 1
CELL 10.00 570.00 300.00 1
CELL 10.00 580.00 0.00 1
CELL 10.00 580.00 300.00 1
CELL 10.00 590.00 0.00 1
CELL 10.00 590.00 300.00 1
CELL 10.00 600.00 0.00 1
CELL 10.00 600.00 300.00 1
CELL 10.00 610.00 0.00 1
CELL 10.00 610.00 300.00 1
CELL 10.00 620.00 0.00 1
CELL 10.00 620.00 300.00 1
CELL 10.00 630.00 0.00 1
CELL 10.00 630.00 300.00 1
CELL 10.00 640.00 0.00 1
CELL 10.00 640.00 300.00 1
CELL 10.00 650.00 0.00 1
CELL 10.00 650.00 300.00 1
CELL 10.00 660.00 0.00 1
CELL 10.00 660.00 300.00 1
CELL 10.00 670.00 0.00 1
CELL 10.00 670.00 300.00 1
CELL 10.00 680.00 0.00 1
CELL 10.00 680.00 300.00 1
CELL 10.00 690.00 0.00 1
CELL 10.00 690.00 300.00 1
CELL 10.00 700.00 0.00 1
CELL 10.00 700.00 300.00 1
CELL 10.00 710.00 0.00 1
CELL 10.00 710.00 300.00 1
CELL 10.00 720.00 0.00 1
CELL 10.00 720.00 300.00 1
CELL 10.00 730.00 0.00 1
CELL 10.00 730.00 300.00 1
CELL 10.00 740.00 0.00 1
CELL 10.00 740.00 300.00 1
CELL 10.00 750.00 0.00 1
CELL 10.00 750.00 300.00 1
CELL 10.00 760.00 0.00 1
CELL 10.00 760.00 300.00 1
CELL 10.00 770.00 0.00 1
CELL 10.00 770.00 300.00 1
CELL 10.00 780.00 0.00 1
CELL 10.00 780.00 300.00 1
CELL 10.00 790.00 0.00 1
CELL 10.00 790.00 300.00 1
CELL 10.00 800.00 300.00 1
CELL 20.00 0.00 300.00 1
CELL 20.00 10.00 0.00 1
CELL 20.00 10.00 300.00 1
CELL 20.00 20.00 0.00 1
CELL 20.00 20.00 300.00 1
CELL 20.00 30.00 0.00 1
CELL 20.00 30.00 300.00 1
CELL 20.00 40.00 0.00 1
CELL 20.00 40.00 300.00 1
CELL 20.00 50.00 0.00 1
CELL 20.00 50.00 300.00 1
CELL 20.00 60.00 0.00 1
CELL 20.00 60.00 300.00 1
CELL 20.00 70.00 0.00 1
CELL 20.00 70.00 300.00 1
CELL 20.00 80.00 0.00 1
CELL 20.00 80.00 300.00 1
CELL 20.00 90.00 0.00 1
CELL 20.00 90.00 300.00 1
CELL 20.00 100.00 0.00 1
CELL 20.00 100.00 300.00 1
CELL 20.00 110.00 0.00 1
CELL 20.00 110.00 300.00 1
CELL 20.00 120.00 0.00 1
CELL 20.00 120.00 300.00 1
CELL 20.00 130.00 0.00 1
CELL 20.00 130.00 300.00 1
CELL 20.00 140.00 0.00 1
CELL 20.00 140.00 300.00 1
CELL 20.00 150.00 0.00 1
CELL 20.00 150.00 300.00 1
CELL 20.00 160.00 0.00 1
CELL 20.00 160.00 300.00 1
CELL 20.00 170.00 0.00 1
CELL 20.00 170.00 300.00 1
CELL 20.00 180.00 0.00 1
CELL 20.00 180.00 300.00 1
CELL 20.00 190.00 0.00 1
CELL 20.00 190.00 300.00 1
CELL 20.00 200.00 0.00 1
CELL 20.00 200.00 300.00 1
CELL 20.00 210.00 0.00 1
CELL 20.00 210.00 300.00 1
CELL 20.00 220.00 0.00 1
CELL 20.00 220.00 300.00 1
CELL 20.00 230.00 0.00 1
CELL 20.00 230.00 300.00 1
CELL 20.00 240.00 0.00 1
CELL 20.00 240.00 300.00 1
CELL 20.00 250.00 0.00 1
CELL 20.00 250.00 300.00 1
CELL 20.00 260.00 0.00 1
CELL 20.00 260.00 300.00 1
CELL 20.00 270.00 0.00 1
CELL 20.00 270.00 300.00 1
CELL 20.00 280.00 0.00 1
CELL 20.00 280.00 300.00 1
CELL 20.00 290.00 0.00 1
CELL 20.00 290.00 300.00 1
CELL 20.00 300.00 0.00 1
CELL 20.00 300.00 300.00 1
CELL 20.00 310.00 0.00 1
CELL 20.00 310.00 300.00 1
CELL 20.00 320.00 0.00 1
CELL 20.00 320.00 300.00 1
CELL 20.00 330.00 0.00 1
CELL 20.00 330.00 300.00 1
CELL 20.00 340.00 0.00 1
CELL 20.00 340.00 300.00 1
CELL 20.00 350.00 0.00 1
CELL 20.00 350.00 300.00 1
CELL 20.00 360.00 0.00 1
CELL 20.00 360.00 300.00 1
CELL 20.00 370.00 0.00 1
CELL 20.00 370.00 300.00 1
CELL 20.00 380.00 0.00 1
CELL 20.00 380.00 300.00 1
CELL 20.00 390.00 0.00 1
CELL 20.00 390.00 300.00 1
CELL 20.00 400.00 0.00 1
CELL 20.00 400.00 300.00 1
CELL 20.00 410.00 0.00 1
CELL 20.00 410.00 300.00 1
CELL 20.00 420.00 0.00 1
CELL 20.00 420.00 300.00 1
CELL 20.00 430.00 0.00 1
CELL 20.00 430.00 300.00 1
CELL 20.00 440.00 0.00 1
CELL 20.00 440.00 300.00 1
CELL 20.00 450.00 0.00 1
CELL 20.00 450.00 300.00 1
CELL 20.00 460.00 0.00 1
CELL 20.00 460.00 300.00 1
CELL 20.00 470.00 0.00 1
CELL 20.00 470.00 300.00 1
CELL 20.00 480.00 0.00 1
CELL 20.00 480.00 300.00 1
CELL 20.00 490.00 0.00 1
CELL 20.00 490.00 300.00 1
CELL 20.00 500.00 0.00 1
CELL 20.00 500.00 300.00 1
CELL 20.00 510.00 0.00 1
CELL 20.00 510.00 300.00 1
CELL 20.00 520.00 0.00 1
CELL 20.00 520.00 300.00 1
CELL 20.00 530.00 0.00 1
CELL 20.00 530.00 300.00 1
CELL 20.00 540.00 0.00 1
CELL 20.00 540.00 300.00 1
CELL 20.00 550.00 0.00 1
CELL 20.00 550.00 300.00 1
CELL 20.00 560.00 0.00 1
CELL 20.00 560.00 300.00 1
CELL 20.00 570.00 0.00 1
CELL 20.00 570.00 300.00 1
CELL 20.00 580.00 0.00 1
CELL 20.00 580.00 300.00 1
CELL 20.00 590.00 0.00 1
CELL 20.00 590.00 300.00 1
CELL 20.00 600.00 0.00 1
CELL 20.00 600.00 300.00 1
CELL 20.00 610.00 0.00 1
CELL 20.00 610.00 300.00 1
CELL 20.00 620.00 0.00 1
CELL 20.00 620.00 300.00 1
CELL 20.00 630.00 0.00 1
CELL 20.00 630.00 300.00 1
CELL 20.00 640.00 0.00 1
CELL 20.00 640.00 300.00 1
CELL 20.00 650.00 0.00 1
CELL 20.00 650.00 300.00 1
CELL 20.00 660.00 0.00 1
CELL 20.00 660.00 300.00 1
CELL 20.00 670.00 0.00 1
CELL 20.00 670.00 300.00 1
CELL 20.00 680.00 0.00 1
CELL 20.00 680.00 300.00 1
CELL 20.00 690.00 0.00 1
CELL 20.00 690.00 300.00 1
CELL 20.00 700.00 0.00 1
CELL 20.00 700.00 300.00 1
CELL 20.00 710.00 0.00 1
CELL 20.00 710.00 300.00 1
CELL 20.00 720.00 0.00 1
CELL 20.00 720.00 300.00 1
CELL 20.00 730.00 0.00 1
CELL 20.00 730.00 300.00 1
CELL 20.00 740.00 0.00 1
CELL 20.00 740.00 300.00 1
CELL 20.00 750.00 0.00 1
CELL 20.00 750.00 300.00 1
CELL 20.00 760.00 0.00 1
CELL 20.00 760.00 300.00 1
CELL 20.00 770.00 0.00 1
CELL 20.00 770.00 300.00 1
CELL 20.00 780.00 0.00 1
CELL 20.00 780.00 300.00 1
CELL 20.00 790.00 0.00 1
CELL 20.00 790.00 300.00 1
CELL 20.00 800.00 300.00 1
CELL 30.00 0.00 300.00 1
CELL 30.00 10.00 0.00 1
CELL 30.00 10.00 300.00 1
CELL 30.00 20.00 0.00 1
CELL 30.00 20.00 300.00 1
CELL 30.00 30.00 0.00 1
CELL 30.00 30.00 300.00 1
CELL 30.00 40.00 0.00 1
CELL 30.00 40.00 300.00 1
CELL 30.00 50.00 0.00 1
CELL 30.00 50.00 300.00 1
CELL 30.00 60.00 0.00 1
CELL 30.00 60.00 300.00 1
CELL 30.00 70.00 0.00 1
CELL 30.00 70.00 300.00 1
CELL 30.00 80.00 0.00 1
CELL 30.00 80.00 300.00 1
CELL 30.00 90.00 0.00 1
CELL 30.00 90.00 300.00 1
CELL 30.00 100.00 0.00 1
CELL 30.00 100.00 300.00 1
CELL 30.00 110.00 0.00 1
CELL 30.00 110.00 300.00 1
CELL 30.00 120.00 0.00 1
CELL 30.00 120.00 300.00 1
CELL 30.00 130.00 0.00 1
CELL 30.00 130.00 300.00 1
CELL 30.00 140.00 0.00 1
CELL 30.00 140.00 300.00 1
CELL 30.00 150.00 0.00 1
CELL 30.00 150.00 300.00 1
CELL 30.00 160.00 0.00 1
CELL 30.00 160.00 300.00 1
CELL 30.00 170.00 0.00 1
CELL 30.00 170.00 300.00 1
CELL 30.00 180.00 0.00 1
CELL 30.00 180.00 300.00 1
CELL 30.00 190.00 0.00 1
CELL 30.00 190.00 300.00 1
CELL 30.00 200.00 0.00 1
CELL 30.00 200.00 300.00 1
CELL 30.00 210.00 0.00 1
CELL 30.00 210.00 300.00 1
CELL 30.00 220.00 0.00 1
CELL 30.00 220.00 300.00 1
CELL 30.00 230.00 0.00 1
CELL 30.00 230.00 300.00 1
CELL 30.00 240.00 0.00 1
CELL 30.00 240.00 300.00 1
CELL 30.00 250.00 0.00 1
CELL 30.00 250.00 300.00 1
CELL 30.00 260.00 0.00 1
CELL 30.00 260.00 300.00 1
CELL 30.00 270.00 0.00 1
CELL 30.00 270.00 300.00 1
CELL 30.00 280.00 0.00 1
CELL 30.00 280.00 300.00 1
CELL 30.00 290.00 0.00 1
CELL 30.00 290.00 300.00 1
CELL 30.00 300.00 0.00 1
CELL 30.00 300.00 300.00 1
CELL 30.00 310.00 0.00 1
CELL 30.00 310.00 300.00 1
CELL 30.00 320.00 0.00 1
CELL 30.00 320.00 300.00 1
CELL 30.00 330.00 0.00 1
CELL 30.00 330.00 300.00 1
CELL 30.00 340.00 0.00 1
CELL 30.00 340.00 300.00 1
CELL 30.00 350.00 0.00 1
CELL 30.00 350.00 300.00 1
CELL 30.00 360.00 0.00 1
CELL 30.00 360.00 300.00 1
CELL 30.00 370.00 0.00 1
CELL 30.00 370.00 300.00 1
CELL 30.00 380.00 0.00 1
CELL 30.00 380.00 300.00 1
CELL 30.00 390.00 0.00 1
CELL 30.00 390.00 300.00 1
CELL 30.00 400.00 0.00 1
CELL 30.00 400.00 300.00 1
CELL 30.00 410.00 0.00 1
CELL 30.00 410.00 300.00 1
CELL 30.00 420.00 0.00 1
CELL 30.00 420.00 300.00 1
CELL 30.00 430.00 0.00 1
CELL 30.00 430.00 300.00 1
CELL 30.00 440.00 0.00 1
CELL 30.00 440.00 300.00 1
CELL 30.00 450.00 0.00 1
CELL 30.00 450.00 300.00 1
CELL 30.00 460.00 0.00 1
CELL 30.00 460.00 300.00 1
CELL 30.00 470.00 0.00 1
CELL 30.00 470.00 300.00 1
CELL 30.00 480.00 0.00 1
CELL 30.00 480.00 300.00 1
CELL 30.00 490.00 0.00 1
CELL 30.00 490.00 300.00 1
CELL 30.00 500.00 0.00 1
CELL 30.00 500.00 300.00 1
CELL 30.00 510.00 0.00 1
CELL 30.00 510.00 300.00 1
CELL 30.00 520.00 0.00 1
CELL 30.00 520.00 300.00 1
CELL 30.00 530.00 0.00 1
CELL 30.00 530.00 300.00 1
CELL 30.00 540.00 0.00 1
CELL 30.00 540.00 300.00 1
CELL 30.00 550.00 0.00 1
CELL 30.00 550.00 300.00 1
CELL 30.00 560.00 0.00 1
CELL 30.00 560.00 300.00 1
CELL 30.00 570.00 0.00 1
CELL 30.00 570.00 300.00 1
CELL 30.00 580.00 0.00 1
CELL 30.00 580.00 300.00 1
CELL 30.00 590.00 0.00 1
CELL 30.00 590.00 300.00 1
CELL 30.00 600.00 0.00 1
CELL 30.00 600.00 300.00 1
CELL 30.00 610.00 0.00 1
CELL 30.00 610.00 300.00 1
CELL 30.00 620.00 0.00 1
CELL 30.00 620.00 300.00 1
CELL 30.00 630.00 0.00 1
CELL 30.00 630.00 300.00 1
CELL 30.00 640.00 0.00 1
CELL 30.00 640.00 300.00 1
CELL 30.00 650.00 0.00 1
CELL 30.00 650.00 300.00 1
CELL 30.00 660.00 0.00 1
CELL 30.00 660.00 300.00 1
CELL 30.00 670.00 0.00 1
CELL 30.00 670.00 300.00 1
CELL 30.00 680.00 0.00 1
CELL 30.00 680.00 300.00 1
CELL 30.00 690.00 0.00 1
CELL 30.00 690.00 300.00 1
CELL 30.00 700.00 0.00 1
CELL 30.00 700.00 300.00 1
CELL 30.00 710.00 0.00 1
CELL 30.00 710.00 300.00 1
CELL 30.00 720.00 0.00 1
CELL 30.00 720.00 300.00 1
CELL 30.00 730.00 0.00 1
CELL 30.00 730.00 300.00 1
CELL 30.00 740.00 0.00 1
CELL 30.00 740.00 300.00 1
CELL 30.00 750.00 0.00 1
CELL 30.00 750.00 300.00 1
CELL 30.00 760.00 0.00 1
CELL 30.00 760.00 300.00 1
CELL 30.00 770.00 0.00 1
CELL 30.00 770.00 300.00 1
CELL 30.00 780.00 0.00 1
CELL 30.00 780.00 300.00 1
CELL 30.00 790.00 0.00 1
CELL 30.00 790.00 300.00 1
CELL 30.00 800.00 300.00 1
CELL 40.00 0.00 300.00 1
CELL 40.00 10.00 0.00 1
CELL 40.00 10.00 300.00 1
CELL 40.00 20.00 0.00 1
CELL 40.00 20.00 300.00 1
CELL 40.00 30.00 0.00 1
CELL 40.00 30.00 300.00 1
CELL 40.00 40.00 0.00 1
CELL 40.00 40.00 300.00 1
CELL 40.00 50.00 0.00 1
CELL 40.00 50.00 300.00 1
CELL 40.00 60.00 0.00 1
CELL 40.00 60.00 300.00 1
CELL 40.00 70.00 0.00 1
CELL 40.00 70.00 300.00 1
CELL 40.00 80.00 0.00 1
CELL 40.00 80.00 300.00 1
CELL 40.00 90.00 0.00 1
CELL 40.00 90.00 300.00 1
CELL 40.00 100.00 0.00 1
CELL 40.00 100.00 300.00 1
CELL 40.00 110.00 0.00 1
CELL 40.00 110.00 300.00 1
CELL 40.00 120.00 0.00 1
CELL 40.00 120.00 300.00 1
CELL 40.00 130.00 0.00 1
CELL 40.00 130.00 300.00 1
CELL 40.00 140.00 0.00 1
CELL 40.00 140.00 300.00 1
CELL 40.00 150.00 0.00 1
CELL 40.00 150.00 300.00 1
CELL 40.00 160.00 0.00 1
CELL 40.00 160.00 300.00 1
CELL 40.00 170.00 0.00 1
CELL 40.00 170.00 300.00 1
CELL 40.00 180.00 0.00 1
CELL 40.00 180.00 300.00 1
CELL 40.00 190.00 0.00 1
CELL 40.00 190.00 300.00 1
CELL 40.00 200.00 0.00 1
CELL 40.00 200.00 300.00 1
CELL 40.00 210.00 0.00 1
CELL 40.00 210.00 300.00 1
CELL 40.00 220.00 0.00 1
CELL 40.00 220.00 300.00 1
CELL 40.00 230.00 0.00 1
CELL 40.00 230.00 300.00 1
CELL 40.00 240.00 0.00 1
CELL 40.00 240.00 300.00 1
CELL 40.00 250.00 0.00 1
CELL 40.00 250.00 300.00 1
CELL 40.00 260.00 0.00 1
CELL 40.00 260.00 300.00 1
CELL 40.00 270.00 0.00 1
CELL 40.00 270.00 300.00 1
CELL 40.00 280.00 0.00 1
CELL 40.00 280.00 300.00 1
CELL 40.00 290.00 0.00 1
CELL 40.00 290.00 300.00 1
CELL 40.00 300.00 0.00 1
CELL 40.00 300.00 300.00 1
CELL 40.00 310.00 0.00 1
CELL 40.00 310.00 300.00 1
CELL 40.00 320.00 0.00 1
CELL 40.00 320.00 300.00 1
CELL 40.00 330.00 0.00 1
CELL 40.00 330.00 300.00 1
CELL 40.00 340.00 0.00 1
CELL 40.00 340.00 300.00 1
CELL 40.00 350.00 0.00 1
CELL 40.00 350.00 300.00 1
CELL 40.00 360.00 0.00 1
CELL 40.00 360.00 300.00 1
CELL 40.00 370.00 0.00 1
CELL 40.00 370.00 300.00 1
CELL 40.00 380.00 0.00 1
CELL 40.00 380.00 300.00 1
CELL 40.00 390.00 0.00 1
CELL 40.00 390.00 300.00 1
CELL 40.00 400.00 0.00 1
CELL 40.00 400.00 300.00 1
CELL 40.00 410.00 0.00 1
CELL 40.00 410.00 300.00 1
CELL 40.00 420.00 0.00 1
CELL 40.00 420.00 300.00 1
CELL 40.00 430.00 0.00 1
CELL 40.00 430.00 300.00 1
CELL 40.00 440.00 0.00 1
CELL 40.00 440.00 300.00 1
CELL 40.00 450.00 0.00 1
CELL 40.00 450.00 300.00 1
CELL 40.00 460.00 0.00 1
CELL 40.00 460.00 300.00 1
CELL 40.00 470.00 0.00 1
CELL 40.00 470.00 300.00 1
CELL 40.00 480.00 0.00 1
CELL 40.00 480.00 300.00 1
CELL 40.00 490.00 0.00 1
CELL 40.00 490.00 300.00 1
CELL 40.00 500.00 0.00 1
CELL 40.00 500.00 300.00 1
CELL 40.00 510.00 0.00 1
CELL 40.00 510.00 300.00 1
CELL 40.00 520.00 0.00 1
CELL 40.00 520.00 300.00 1
CELL 40.00 530.00 0.00 1
CELL 40.00 530.00 300.00 1
CELL 40.00 540.00 0.00 1
CELL 40.00 540.00 300.00 1
CELL 40.00 550.00 0.00 1
CELL 40.00 550.00 300.00 1
CELL 40.00 560.00 0.00 1
CELL 40.00 560.00 300.00 1
CELL 40.00 570.00 0.00 1
CELL 40.00 570.00 300.00 1
CELL 40.00 580.00 0.00 1
CELL 40.00 580.00 300.00 1
CELL 40.00 590.00 0.00 1
CELL 40.00 590.00 300.00 1
CELL 40.00 600.00 0.00 1
CELL 40.00 600.00 300.00 1
CELL 40.00 610.00 0.00 1
CELL 40.00 610.00 300.00 1
CELL 40.00 620.00 0.00 1
CELL 40.00 620.00 300.00 1
CELL 40.00 630.00 0.00 1
CELL 40.00 630.00 300.00 1
CELL 40.00 640.00 0.00 1
CELL 40.00 640.00 300.00 1
CELL 40.00 650.00 0.00 1
CELL 40.00 650.00 300.00 1
CELL 40.00 660.00 0.00 1
CELL 40.00 660.00 300.00 1
CELL 40.00 670.00 0.00 1
CELL 40.00 670.00 300.00 1
CELL 40.00 680.00 0.00 1
CELL 40.00 680.00 300.00 1
CELL 40.00 690.00 0.00 1
CELL 40.00 690.00 300.00 1
CELL 40.00 700.00 0.00 1
CELL 40.00 700.00 300.00 1
CELL 40.00 710.00 0.00 1
CELL 40.00 710.00 300.00 1
CELL 40.00 720.00 0.00 1
CELL 40.00 720.00 300.00 1
CELL 40.00 730.00 0.00 1
CELL 40.00 730.00 300.00 1
CELL 40.00 740.00 0.00 1
CELL 40.00 740.00 300.00 1
CELL 40.00 750.00 0.00 1
CELL 40.00 750.00 300.00 1
CELL 40.00 760.00 0.00 1
CELL 40.00 760.00 300.00 1
CELL 40.00 770.00 0.00 1
CELL 40.00 770.00 300.00 1
CELL 40.00 780.00 0.00 1
CELL 40.00 780.00 300.00 1
CELL 40.00 790.00 0.00 1
CELL 40.00 790.00 300.00 1
CELL 40.00 800.00 300.00 1
CELL 50.00 0.00 300.00 1
CELL 50.00 10.00 0.00 1
CELL 50.00 10.00 300.00 1
CELL 50.00 20.00 0.00 1
CELL 50.00 20.00 300.00 1
CELL 50.00 30.00 0.00 1
CELL 50.00 30.00 300.00 1
CELL 50.00 40.00 0.00 1
CELL 50.00 40.00 300.00 1
CELL 50.00 50.00 0.00 1
CELL 50.00 50.00 300.00 1
CELL 50.00 60.00 0.00 1
CELL 50.00 60.00 300.00 1
CELL 50.00 70.00 0.00 1
CELL 50.00 70.00 300.00 1
CELL 50.00 80.00 0.00 1
CELL 50.00 80.00 300.00 1
CELL 50.00 90.00 0.00 1
CELL 50.00 90.00 300.00 1
CELL 50.00 100.00 0.00 1
CELL 50.00 100.00 300.00 1
CELL 50.00 110.00 0.00 1
CELL 50.00 110.00 300.00 1
CELL 50.00 120.00 0.00 1
CELL 50.00 120.00 300.00 1
CELL 50.00 130.00 0.00 1
CELL 50.00 130.00 300.00 1
CELL 50.00 140.00 0.00 1
CELL 50.00 140.00 300.00 1
CELL 50.00 150.00 0.00 1
CELL 50.00 150.00 300.00 1
CELL 50.00 160.00 0.00 1
CELL 50.00 160.00 300.00 1
CELL 50.00 170.00 0.00 1
CELL 50.00 170.00 300.00 1
CELL 50.00 180.00 0.00 1
CELL 50.00 180.00 300.00 1
CELL 50.00 190.00 0.00 1
CELL 50.00 190.00 300.00 1
CELL 50.00 200.00 0.00 1
CELL 50.00 200.00 300.00 1
CELL 50.00 210.00 0.00 1
CELL 50.00 210.00 300.00 1
CELL 50.00 220.00 0.00 1
CELL 50.00 220.00 300.00 1
CELL 50.00 230.00 0.00 1
CELL 50.00 230.00 300.00 1
CELL 50.00 240.00 0.00 1
CELL 50.00 240.00 300.00 1
CELL 50.00 250.00 0.00 1
CELL 50.00 250.00 300.00 1
CELL 50.00 260.00 0.00 1
CELL 50.00 260.00 300.00 1
CELL 50.00 270.00 0.00 1
CELL 50.00 270.00 300.00 1
CELL 50.00 280.00 0.00 1
CELL 50.00 280.00 300.00 1
CELL 50.00 290.00 0.00 1
CELL 50.00 290.00 300.00 1
CELL 50.00 300.00 0.00 1
CELL 50.00 300.00 300.00 1
CELL 50.00 310.00 0.00 1
CELL 50.00 310.00 300.00 1
CELL 50.00 320.00 0.00 1
CELL 50.00 320.00 300.00 1
CELL 50.00 330.00 0.00 1
CELL 50.00 330.00 300.00 1
CELL 50.00 340.00 0.00 1
CELL 50.00 340.00 300.00 1
CELL 50.00 350.00 0.00 1
CELL 50.00 350.00 300.00 1
CELL 50.00 360.00 0.00 1
CELL 50.00 360.00 300.00 1
CELL 50.00 370.00 0.00 1
CELL 50.00 370.00 300.00 1
CELL 50.00 380.00 0.00 1
CELL 50.00 380.00 300.00 1
CELL 50.00 390.00 0.00 1
CELL 50.00 390.00 300.00 1
CELL 50.00 400.00 0.00 1
CELL 50.00 400.00 300.00 1
CELL 50.00 410.00 0.00 1
CELL 50.00 410.00 300.00 1
CELL 50.00 420.00 0.00 1
CELL 50.00 420.00 300.00 1
CELL 50.00 430.00 0.00 1
CELL 50.00 430.00 300.00 1
CELL 50.00 440.00 0.00 1
CELL 50.00 440.00 300.00 1
CELL 50.00 450.00 0.00 1
CELL 50.00 450.00 300.00 1
CELL 50.00 460.00 0.00 1
CELL 50.00 460.00 300.00 1
CELL 50.00 470.00 0.00 1
CELL 50.00 470.00 300.00 1
CELL 50.00 480.00 0.00 1
CELL 50.00 480.00 300.00 1
CELL 50.00 490.00 0.00 1
CELL 50.00 490.00 300.00 1
CELL 50.00 500.00 0.00 1
CELL 50.00 500.00 300.00 1
CELL 50.00 510.00 0.00 1
CELL 50.00 510.00 300.00 1
CELL 50.00 520.00 0.00 1
CELL 50.00 520.00 300.00 1
CELL 50.00 530.00 0.00 1
CELL 50.00 530.00 300.00 1
CELL 50.00 540.00 0.00 1
CELL 50.00 540.00 300.00 1
CELL 50.00 550.00 0.00 1
CELL 50.00 550.00 300.00 1
CELL 50.00 560.00 0.00 1
CELL 50.00 560.00 300.00 1
CELL 50.00 570.00 0.00 1
CELL 50.00 570.00 300.00 1
CELL 50.00 580.00 0.00 1
CELL 50.00 580.00 300.00 1
CELL 50.00 590.00 0.00 1
CELL 50.00 590.00 300.00 1
CELL 50.00 600.00 0.00 1
CELL 50.00 600.00 300.00 1
CELL 50.00 610.00 0.00 1
CELL 50.00 610.00 300.00 1
CELL 50.00 620.00 0.00 1
CELL 50.00 620.00 300.00 1
CELL 50.00 630.00 0.00 1
CELL 50.00 630.00 300.00 1
CELL 50.00 640.00 0.00 1
CELL 50.00 640.00 300.00 1
CELL 50.00 650.00 0.00 1
CELL 50.00 650.00 300.00 1
CELL 50.00 660.00 0.00 1
CELL 50.00 660.00 300.00 1
CELL 50.00 670.00 0.00 1
CELL 50.00 670.00 300.00 1
CELL 50.00 680.00 0.00 1
CELL 50.00 680.00 300.00 1
CELL 50.00 690.00 0.00 1
CELL 50.00 690.00 300.00 1
CELL 50.00 700.00 0.00 1
CELL 50.00 700.00 300.00 1
CELL 50.00 710.00 0.00 1
CELL 50.00 710.00 300.00 1
CELL 50.00 720.00 0.00 1
CELL 50.00 720.00 300.00 1
CELL 50.00 730.00 0.00 1
CELL 50.00 730.00 300.00 1
CELL 50.00 740.00 0.00 1
CELL 50.00 740.00 300.00 1
CELL 50.00 750.00 0.00 1
CELL 50.00 750.00 300.00 1
CELL 50.00 760.00 0.00 1
CELL 50.00 760.00 300.00 1
CELL 50.00 770.00 0.00 1
CELL 50.00 770.00 300.00 1
CELL 50.00 780.00 0.00 1
CELL 50.00 780.00 300.00 1
CELL 50.00 790.00 0.00 1
CELL 50.00 790.00 300.00 1
CELL 50.00 800.00 300.00 1
CELL 60.00 0.00 300.00 1
CELL 60.00 10.00 0.00 1
CELL 60.00 10.00 300.00 1
CELL 60.00 20.00 0.00 1
CELL 60.00 20.00 300.00 1
CELL 60.00 30.00 0.00 1
CELL 60.00 30.00 300.00 1
CELL 60.00 40.00 0.00 1
CELL 60.00 40.00 300.00 1
CELL 60.00 50.00 0.00 1
CELL 60.00 50.00 300.00 1
CELL 60.00 60.00 0.00 1
CELL 60.00 60.00 300.00 1
CELL 60.00 70.00 0.00 1
CELL 60.00 70.00 300.00 1
CELL 60.00 80.00 0.00 1
CELL 60.00 80.00 300.00 1
CELL 60.00 90.00 0.00 1
CELL 60.00 90.00 300.00 1
CELL 60.00 100.00 0.00 1
CELL 60.00 100.00 300.00 1
CELL 60.00 110.00 0.00 1
CELL 60.00 110.00 300.00 1
CELL 60.00 120.00 0.00 1
CELL 60.00 120.00 300.00 1
CELL 60.00 130.00 0.00 1
CELL 60.00 130.00 300.00 1
CELL 60.00 140.00 0.00 1
CELL 60.00 140.00 300.00 1
CELL 60.00 150.00 0.00 1
CELL 60.00 150.00 300.00 1
CELL 60.00 160.00 0.00 1
CELL 60.00 160.00 300.00 1
CELL 60.00 170.00 0.00 1
CELL 60.00 170.00 300.00 1
CELL 60.00 180.00 0.00 1
CELL 60.00 180.00 300.00 1
CELL 60.00 190.00 0.00 1
CELL 60.00 190.00 300.00 1
CELL 60.00 200.00 0.00 1
CELL 60.00 200.00 300.00 1
CELL 60.00 210.00 0.00 1
CELL 60.00 210.00 300.00 1
CELL 60.00 220.00 0.00 1
CELL 60.00 220.00 300.00 1
CELL 60.00 230.00 0.00 1
CELL 60.00 230.00 300.00 1
CELL 60.00 240.00 0.00 1
CELL 60.00 240.00 300.00 1
CELL 60.00 250.00 0.00 1
CELL 60.00 250.00 300.00 1
CELL 60.00 260.00 0.00 1
CELL 60.00 260.00 300.00 1
CELL 60.00 270.00 0.00 1
CELL 60.00 270.00 300.00 1
CELL 60.00 280.00 0.00 1
CELL 60.00 280.00 300.00 1
CELL 60.00 290.00 0.00 1
CELL 60.00 290.00 300.00 1
CELL 60.00 300.00 0.00 1
CELL 60.00 300.00 300.00 1
CELL 60.00 310.00 0.00 1
CELL 60.00 310.00 300.00 1
CELL 60.00 320.00 0.00 1
CELL 60.00 320.00 300.00 1
CELL 60.00 330.00 0.00 1
CELL 60.00 330.00 300.00 1
CELL 60.00 340.00 0.00 1
CELL 60.00 340.00 300.00 1
CELL 60.00 350.00 0.00 1
CELL 60.00 350.00 300.00 1
CELL 60.00 360.00 0.00 1
CELL 60.00 360.00 300.00 1
CELL 60.00 370.00 0.00 1
CELL 60.00 370.00 300.00 1
CELL 60.00 380.00 0.00 1
CELL 60.00 380.00 300.00 1
CELL 60.00 390.00 0.00 1
CELL 60.00 390.00 300.00 1
CELL 60.00 400.00 0.00 1
CELL 60.00 400.00 300.00 1
CELL 60.00 410.00 0.00 1
CELL 60.00 410.00 300.00 1
CELL 60.00 420.00 0.00 1
CELL 60.00 420.00 300.00 1
CELL 60.00 430.00 0.00 1
CELL 60.00 430.00 300.00 1
CELL 60.00 440.00 0.00 1
CELL 60.00 440.00 300.00 1
CELL 60.00 450.00 0.00 1
CELL 60.00 450.00 300.00 1
CELL 60.00 460.00 0.00 1
CELL 60.00 460.00 300.00 1
CELL 60.00 470.00 0.00 1
CELL 60.00 470.00 300.00 1
CELL 60.00 480.00 0.00 1
CELL 60.00 480.00 300.00 1
CELL 60.00 490.00 0.00 1
CELL 60.00 490.00 300.00 1
CELL 60.00 500.00 0.00 1
CELL 60.00 500.00 300.00 1
CELL 60.00 510.00 0.00 1
CELL 60.00 510.00 300.00 1
CELL 60.00 520.00 0.00 1
CELL 60.00 520.00 300.00 1
CELL 60.00 530.00 0.00 1
CELL 60.00 530.00 300.00 1
CELL 60.00 540.00 0.00 1
CELL 60.00 540.00 300.00 1
CELL 60.00 550.00 0.00 1
CELL 60.00 550.00 300.00 1
CELL 60.00 560.00 0.00 1
CELL 60.00 560.00 300.00 1
CELL 60.00 570.00 0.00 1
CELL 60.00 570.00 300.00 1
CELL 60.00 580.00 0.00 1
CELL 60.00 580.00 300.00 1
CELL 60.00 590.00 0.00 1
CELL 60.00 590.00 300.00 1
CELL 60.00 600.00 0.00 1
CELL 60.00 600.00 300.00 1
CELL 60.00 610.00 0.00 1
CELL 60.00 610.00 300.00 1
CELL 60.00 620.00 0.00 1
CELL 60.00 620.00 300.00 1
CELL 60.00 630.00 0.00 1
CELL 60.00 630.00 300.00 1
CELL 60.00 640.00 0.00 1
CELL 60.00 640.00 300.00 1
CELL 60.00 650.00 0.00 1
CELL 60.00 650.00 300.00 1
CELL 60.00 660.00 0.00 1
CELL 60.00 660.00 300.00 1
CELL 60.00 670.00 0.00 1
CELL 60.00 670.00 300.00 1
CELL 60.00 680.00 0.00 1
CELL 60.00 680.00 300.00 1
CELL 60.00 690.00 0.00 1
CELL 60.00 690.00 300.00 1
CELL 60.00 700.00 0.00 1
CELL 60.00 700.00 300.00 1
CELL 60.00 710.00 0.00 1
CELL 60.00 710.00 300.00 1
CELL 60.00 720.00 0.00 1
CELL 60.00 720.00 300.00 1
CELL 60.00 730.00 0.00 1
CELL 60.00 730.00 300.00 1
CELL 60.00 740.00 0.00 1
CELL 60.00 740.00 300.00 1
CELL 60.00 750.00 0.00 1
CELL 60.00 750.00 300.00 1
CELL 60.00 760.00 0.00 1
CELL 60.00 760.00 300.00 1
CELL 60.00 770.00 0.00 1
CELL 60.00 770.00 300.00 1
CELL 60.00 780.00 0.00 1
CELL 60.00 780.00 300.00 1
CELL 60.00 790.00 0.00 1
CELL 60.00 790.00 300.00 1
CELL 60.00 800.00 300.00 1
CELL 70.00 0.00 300.00 1
CELL 70.00 10.00 0.00 1
CELL 70.00 10.00 300.00 1
CELL 70.00 20.00 0.00 1
CELL 70.00 20.00 300.00 1
CELL 70.00 30.00 0.00 1
CELL 70.00 30.00 300.00 1
CELL 70.00 40.00 0.00 1
CELL 70.00 40.00 300.00 1
CELL 70.00 50.00 0.00 1
CELL 70.00 50.00 300.00 1
CELL 70.00 60.00 0.00 1
CELL 70.00 60.00 300.00 1
CELL 70.00 70.00 0.00 1
CELL 70.00 70.00 300.00 1
CELL 70.00 80.00 0.00 1
CELL 70.00 80.00 300.00 1
CELL 70.00 90.00 0.00 1
CELL 70.00 90.00 300.00 1
CELL 70.00 100.00 0.00 1
CELL 70.00 100.00 300.00 1
CELL 70.00 110.00 0.00 1
CELL 70.00 110.00 300.00 1
CELL 70.00 120.00 0.00 1
CELL 70.00 120.00 300.00 1
CELL 70.00 130.00 0.00 1
CELL 70.00 130.00 300.00 1
CELL 70.00 140.00 0.00 1
CELL 70.00 140.00 300.00 1
CELL 70.00 150.00 0.00 1
CELL 70.00 150.00 300.00 1
CELL 70.00 160.00 0.00 1
CELL 70.00 160.00 300.00 1
CELL 70.00 170.00 0.00 1
CELL 70.00 170.00 300.00 1
CELL 70.00 180.00 0.00 1
CELL 70.00 180.00 300.00 1
CELL 70.00 190.00 0.00 1
CELL 70.00 190.00 300.00 1
CELL 70.00 200.00 0.00 1
CELL 70.00 200.00 300.00 1
CELL 70.00 210.00 0.00 1
CELL 70.00 210.00 300.00 1
CELL 70.00 220.00 0.00 1
CELL 70.00 220.00 300.00 1
CELL 70.00 230.00 0.00 1
CELL 70.00 230.00 300.00 1
CELL 70.00 240.00 0.00 1
CELL 70.00 240.00 300.00 1
CELL 70.00 250.00 0.00 1
CELL 70.00 250.00 300.00 1
CELL 70.00 260.00 0.00 1
CELL 70.00 260.00 300.00 1
CELL 70.00 270.00 0.00 1
CELL 70.00 270.00 300.00 1
CELL 70.00 280.00 0.00 1
CELL 70.00 280.00 300.00 1
CELL 70.00 290.00 0.00 1
CELL 70.00 290.00 300.00 1
CELL 70.00 300.00 0.00 1
CELL 70.00 300.00 300.00 1
CELL 70.00 310.00 0.00 1
CELL 70.00 310.00 300.00 1
CELL 70.00 320.00 0.00 1
CELL 70.00 320.00 300.00 1
CELL 70.00 330.00 0.00 1
CELL 70.00 330.00 300.00 1
CELL 70.00 340.00 0.00 1
CELL 70.00 340.00 300.00 1
CELL 70.00 350.00 0.00 1
CELL 70.00 350.00 300.00 1
CELL 70.00 360.00 0.00 1
CELL 70.00 360.00 300.00 1
CELL 70.00 370.00 0.00 1
CELL 70.00 370.00 300.00 1
CELL 70.00 380.00 0.00 1
CELL 70.00 380.00 300.00 1
CELL 70.00 390.00 0.00 1
CELL 70.00 390.00 300.00 1
CELL 70.00 400.00 0.00 1
CELL 70.00 400.00 300.00 1
CELL 70.00 410.00 0.00 1
CELL 70.00 410.00 300.00 1
CELL 70.00 420.00 0.00 1
CELL 70.00 420.00 300.00 1
CELL 70.00 430.00 0.00 1
CELL 70.00 430.00 300.00 1
CELL 70.00 440.00 0.00 1
CELL 70.00 440.00 300.00 1
CELL 70.00 450.00 0.00 1
CELL 70.00 450.00 300.00 1
CELL 70.00 460.00 0.00 1
CELL 70.00 460.00 300.00 1
CELL 70.00 470.00 0.00 1
CELL 70.00 470.00 300.00 1
CELL 70.00 480.00 0.00 1
CELL 70.00 480.00 300.00 1
CELL 70.00 490.00 0.00 1
CELL 70.00 490.00 300.00 1
CELL 70.00 500.00 0.00 1
CELL 70.00 500.00 300.00 1
CELL 70.00 510.00 0.00 1
CELL 70.00 510.00 300.00 1
CELL 70.00 520.00 0.00 1
CELL 70.00 520.00 300.00 1
CELL 70.00 530.00 0.00 1
CELL 70.00 530.00 300.00 1
CELL 70.00 540.00 0.00 1
CELL 70.00 540.00 300.00 1
CELL 70.00 550.00 0.00 1
CELL 70.00 550.00 300.00 1
CELL 70.00 560.00 0.00 1
CELL 70.00 560.00 300.00 1
CELL 70.00 570.00 0.00 1
CELL 70.00 570.00 300.00 1
CELL 70.00 580.00 0.00 1
CELL 70.00 580.00 300.00 1
CELL 70.00 590.00 0.00 1
CELL 70.00 590.00 300.00 1
CELL 70.00 600.00 0.00 1
CELL 70.00 600.00 300.00 1
CELL 70.00 610.00 0.00 1
CELL 70.00 610.00 300.00 1
CELL 70.00 620.00 0.00 1
CELL 70.00 620.00 300.00 1
CELL 70.00 630.00 0.00 1
CELL 70.00 630.00 300.00 1
CELL 70.00 640.00 0.00 1
CELL 70.00 640.00 300.00 1
CELL 70.00 650.00 0.00 1
CELL 70.00 650.00 300.00 1
CELL 70.00 660.00 0.00 1
CELL 70.00 660.00 300.00 1
CELL 70.00 670.00 0.00 1
CELL 70.00 670.00 300.00 1
CELL 70.00 680.00 0.00 1
CELL 70.00 680.00 300.00 1
CELL 70.00 690.00 0.00 1
CELL 70.00 690.00 300.00 1
CELL 70.00 700.00 0.00 1
CELL 70.00 700.00 300.00 1
CELL 70.00 710.00 0.00 1
CELL 70.00 710.00 300.00 1
CELL 70.00 720.00 0.00 1
CELL 70.00 720.00 300.00 1
CELL 70.00 730.00 0.00 1
CELL 70.00 730.00 300.00 1
CELL 70.00 740.00 0.00 1
CELL 70.00 740.00 300.00 1
CELL 70.00 750.00 0.00 1
CELL 70.00 750.00 300.00 1
CELL 70.00 760.00 0.00 1
CELL 70.00 760.00 300.00 1
CELL 70.00 770.00 0.00 1
CELL 70.00 770.00 300.00 1
CELL 70.00 780.00 0.00 1
CELL 70.00 780.00 300.00 1
CELL 70.00 790.00 0.00 1
CELL 70.00 790.00 300.00 1
CELL 70.00 800.00 300.00 1
CELL 80.00 0.00 300.00 1
CELL 80.00 10.00 0.00 1
CELL 80.00 10.00 300.00 1
CELL 80.00 20.00 0.00 1
CELL 80.00 20.00 300.00 1
CELL 80.00 30.00 0.00 1
CELL 80.00 30.00 300.00 1
CELL 80.00 40.00 0.00 1
CELL 80.00 40.00 300.00 1
CELL 80.00 50.00 0.00 1
CELL 80.00 50.00 300.00 1
CELL 80.00 60.00 0.00 1
CELL 80.00 60.00 300.00 1
CELL 80.00 70.00 0.00 1
CELL 80.00 70.00 300.00 1
CELL 80.00 80.00 0.00 1
CELL 80.00 80.00 300.00 1
CELL 80.00 90.00 0.00 1
CELL 80.00 90.00 300.00 1
CELL 80.00 100.00 0.00 1
CELL 80.00 100.00 300.00 1
CELL 80.00 110.00 0.00 1
CELL 80.00 110.00 300.00 1
CELL 80.00 120.00 0.00 1
CELL 80.00 120.00 300.00 1
CELL 80.00 130.00 0.00 1
CELL 80.00 130.00 300.00 1
CELL 80.00 140.00 0.00 1
CELL 80.00 140.00 300.00 1
CELL 80.00 150.00 0.00 1
CELL 80.00 150.00 300.00 1
CELL 80.00 160.00 0.00 1
CELL 80.00 160.00 300.00 1
CELL 80.00 170.00 0.00 1
CELL 80.00 170.00 300.00 1
CELL 80.00 180.00 0.00 1
CELL 80.00 180.00 300.00 1
CELL 80.00 190.00 0.00 1
CELL 80.00 190.00 300.00 1
CELL 80.00 200.00 0.00 1
CELL 80.00 200.00 300.00 1
CELL 80.00 210.00 0.00 1
CELL 80.00 210.00 300.00 1
CELL 80.00 220.00 0.00 1
CELL 80.00 220.00 300.00 1
CELL 80.00 230.00 0.00 1
CELL 80.00 230.00 300.00 1
CELL 80.00 240.00 0.00 1
CELL 80.00 240.00 300.00 1
CELL 80.00 250.00 0.00 1
CELL 80.00 250.00 300.00 1
CELL 80.00 260.00 0.00 1
CELL 80.00 260.00 300.00 1
CELL 80.00 270.00 0.00 1
CELL 80.00 270.00 300.00 1
CELL 80.00 280.00 0.00 1
CELL 80.00 280.00 300.00 1
CELL 80.00 290.00 0.00 1
CELL 80.00 290.00 300.00 1
CELL 80.00 300.00 0.00 1
CELL 80.00 300.00 300.00 1
CELL 80.00 310.00 0.00 1
CELL 80.00 310.00 300.00 1
CELL 80.00 320.00 0.00 1
CELL 80.00 320.00 300.00 1
CELL 80.00 330.00 0.00 1
CELL 80.00 330.00 300.00 1
CELL 80.00 340.00 0.00 1
CELL 80.00 340.00 300.00 1
CELL 80.00 350.00 0.00 1
CELL 80.00 350.00 300.00 1
CELL 80.00 360.00 0.00 1
CELL 80.00 360.00 300.00 1
CELL 80.00 370.00 0.00 1
CELL 80.00 370.00 300.00 1
CELL 80.00 380.00 0.00 1
CELL 80.00 380.00 300.00 1
CELL 80.00 390.00 0.00 1
CELL 80.00 390.00 300.00 1
CELL 80.00 400.00 0.00 1
CELL 80.00 400.00 300.00 1
CELL 80.00 410.00 0.00 1
CELL 80.00 410.00 300.00 1
CELL 80.00 420.00 0.00 1
CELL 80.00 420.00 300.00 1
CELL 80.00 430.00 0.00 1
CELL 80.00 430.00 300.00 1
CELL 80.00 440.00 0.00 1
CELL 80.00 440.00 300.00 1
CELL 80.00 450.00 0.00 1
CELL 80.00 450.00 300.00 1
CELL 80.00 460.00 0.00 1
CELL 80.00 460.00 300.00 1
CELL 80.00 470.00 0.00 1
CELL 80.00 470.00 300.00 1
CELL 80.00 480.00 0.00 1
CELL 80.00 480.00 300.00 1
CELL 80.00 490.00 0.00 1
CELL 80.00 490.00 300.00 1
CELL 80.00 500.00 0.00 1
CELL 80.00 500.00 300.00 1
CELL 80.00 510.00 0.00 1
CELL 80.00 510.00 300.00 1
CELL 80.00 520.00 0.00 1
CELL 80.00 520.00 300.00 1
CELL 80.00 530.00 0.00 1
CELL 80.00 530.00 300.00 1
CELL 80.00 540.00 0.00 1
CELL 80.00 540.00 300.00 1
CELL 80.00 550.00 0.00 1
CELL 80.00 550.00 300.00 1
CELL 80.00 560.00 0.00 1
CELL 80.00 560.00 300.00 1
CELL 80.00 570.00 0.00 1
CELL 80.00 570.00 300.00 1
CELL 80.00 580.00 0.00 1
CELL 80.00 580.00 300.00 1
CELL 80.00 590.00 0.00 1
CELL 80.00 590.00 300.00 1
CELL 80.00 600.00 0.00 1
CELL 80.00 600.00 300.00 1
CELL 80.00 610.00 0.00 1
CELL 80.00 610.00 300.00 1
CELL 80.00 620.00 0.00 1
CELL 80.00 620.00 300.00 1
CELL 80.00 630.00 0.00 1
CELL 80.00 630.00 300.00 1
CELL 80.00 640.00 0.00 1
CELL 80.00 640.00 300.00 1
CELL 80.00 650.00 0.00 1
CELL 80.00 650.00 300.00 1
CELL 80.00 660.00 0.00 1
CELL 80.00 660.00 300.00 1
CELL 80.00 670.00 0.00 1
CELL 80.00 670.00 300.00 1
CELL 80.00 680.00 0.00 1
CELL 80.00 680.00 300.00 1
CELL 80.00 690.00 0.00 1
CELL 80.00 690.00 300.00 1
CELL 80.00 700.00 0.00 1
CELL 80.00 700.00 300.00 1
CELL 80.00 710.00 0.00 1
CELL 80.00 710.00 300.00 1
CELL 80.00 720.00 0.00 1
CELL 80.00 720.00 300.00 1
CELL 80.00 730.00 0.00 1
CELL 80.00 730.00 300.00 1
CELL 80.00 740.00 0.00 1
CELL 80.00 740.00 300.00 1
CELL 80.00 750.00 0.00 1
CELL 80.00 750.00 300.00 1
CELL 80.00 760.00 0.00 1
CELL 80.00 760.00 300.00 1
CELL 80.00 770.00 0.00 1
CELL 80.00 770.00 300.00 1
CELL 80.00 780.00 0.00 1
CELL 80.00 780.00 300.00 1
CELL 80.00 790.00 0.00 1
CELL 80.00 790.00 300.00 1
CELL 80.00 800.00 300.00 1
CELL 90.00 0.00 300.00 1
CELL 90.00 10.00 0.00 1
CELL 90.00 10.00 300.00 1
CELL 90.00 20.00 0.00 1
CELL 90.00 20.00 300.00 1
CELL 90.00 30.00 0.00 1
CELL 90.00 30.00 300.00 1
CELL 90.00 40.00 0.00 1
CELL 90.00 40.00 300.00 1
CELL 90.00 50.00 0.00 1
CELL 90.00 50.00 300.00 1
CELL 90.00 60.00 0.00 1
CELL 90.00 60.00 300.00 1
CELL 90.00 70.00 0.00 1
CELL 90.00 70.00 300.00 1
CELL 90.00 80.00 0.00 1
CELL 90.00 80.00 300.00 1
CELL 90.00 90.00 0.00 1
CELL 90.00 90.00 300.00 1
CELL 90.00 100.00 0.00 1
CELL 90.00 100.00 300.00 1
CELL 90.00 110.00 0.00 1
CELL 90.00 110.00 300.00 1
CELL 90.00 120.00 0.00 1
CELL 90.00 120.00 300.00 1
CELL 90.00 130.00 0.00 1
CELL 90.00 130.00 300.00 1
CELL 90.00 140.00 0.00 1
CELL 90.00 140.00 300.00 1
CELL 90.00 150.00 0.00 1
CELL 90.00 150.00 300.00 1
CELL 90.00 160.00 0.00 1
CELL 90.00 160.00 300.00 1
CELL 90.00 170.00 0.00 1
CELL 90.00 170.00 300.00 1
CELL 90.00 180.00 0.00 1
CELL 90.00 180.00 300.00 1
CELL 90.00 190.00 0.00 1
CELL 90.00 190.00 300.00 1
CELL 90.00 200.00 0.00 1
CELL 90.00 200.00 300.00 1
CELL 90.00 210.00 0.00 1
CELL 90.00 210.00 300.00 1
CELL 90.00 220.00 0.00 1
CELL 90.00 220.00 300.00 1
CELL 90.00 230.00 0.00 1
CELL 90.00 230.00 300.00 1
CELL 90.00 240.00 0.00 1
CELL 90.00 240.00 300.00 1
CELL 90.00 250.00 0.00 1
CELL 90.00 250.00 300.00 1
CELL 90.00 260.00 0.00 1
CELL 90.00 260.00 300.00 1
CELL 90.00 270.00 0.00 1
CELL 90.00 270.00 300.00 1
CELL 90.00 280.00 0.00 1
CELL 90.00 280.00 300.00 1
CELL 90.00 290.00 0.00 1
CELL 90.00 290.00 300.00 1
CELL 90.00 300.00 0.00 1
CELL 90.00 300.00 300.00 1
CELL 90.00 310.00 0.00 1
CELL 90.00 310.00 300.00 1
CELL 90.00 320.00 0.00 1
CELL 90.00 320.00 300.00 1
CELL 90.00 330.00 0.00 1
CELL 90.00 330.00 300.00 1
CELL 90.00 340.00 0.00 1
CELL 90.00 340.00 300.00 1
CELL 90.00 350.00 0.00 1
CELL 90.00 350.00 300.00 1
CELL 90.00 360.00 0.00 1
CELL 90.00 360.00 300.00 1
CELL 90.00 370.00 0.00 1
CELL 90.00 370.00 300.00 1
CELL 90.00 380.00 0.00 1
CELL 90.00 380.00 300.00 1
CELL 90.00 390.00 0.00 1
CELL 90.00 390.00 300.00 1
CELL 90.00 400.00 0.00 1
CELL 90.00 400.00 300.00 1
CELL 90.00 410.00 0.00 1
CELL 90.00 410.00 300.00 1
CELL 90.00 420.00 0.00 1
CELL 90.00 420.00 300.00 1
CELL 90.00 430.00 0.00 1
CELL 90.00 430.00 300.00 1
CELL 90.00 440.00 0.00 1
CELL 90.00 440.00 300.00 1
CELL 90.00 450.00 0.00 1
CELL 90.00 450.00 300.00 1
CELL 90.00 460.00 0.00 1
CELL 90.00 460.00 300.00 1
CELL 90.00 470.00 0.00 1
CELL 90.00 470.00 300.00 1
CELL 90.00 480.00 0.00 1
CELL 90.00 480.00 300.00 1
CELL 90.00 490.00 0.00 1
CELL 90.00 490.00 300.00 1
CELL 90.00 500.00 0.00 1
CELL 90.00 500.00 300.00 1
CELL 90.00 510.00 0.00 1
CELL 90.00 510.00 300.00 1
CELL 90.00 520.00 0.00 1
CELL 90.00 520.00 300.00 1
CELL 90.00 530.00 0.00 1
CELL 90.00 530.00 300.00 1
CELL 90.00 540.00 0.00 1
CELL 90.00 540.00 300.00 1
CELL 90.00 550.00 0.00 1
CELL 90.00 550.00 300.00 1
CELL 90.00 560.00 0.00 1
CELL 90.00 560.00 300.00 1
CELL 90.00 570.00 0.00 1
CELL 90.00 570.00 300.00 1
CELL 90.00 580.00 0.00 1
CELL 90.00 580.00 300.00 1
CELL 90.00 590.00 0.00 1
CELL 90.00 590.00 300.00 1
CELL 90.00 600.00 0.00 1
CELL 90.00 600.00 300.00 1
CELL 90.00 610.00 0.00 1
CELL 90.00 610.00 300.00 1
CELL 90.00 620.00 0.00 1
CELL 90.00 620.00 300.00 1
CELL 90.00 630.00 0.00 1
CELL 90.00 630.00 300.00 1
CELL 90.00 640.00 0.00 1
CELL 90.00 640.00 300.00 1
CELL 90.00 650.00 0.00 1
CELL 90.00 650.00 300.00 1
CELL 90.00 660.00 0.00 1
CELL 90.00 660.00 300.00 1
CELL 90.00 670.00 0.00 1
CELL 90.00 670.00 300.00 1
CELL 90.00 680.00 0.00 1
CELL 90.00 680.00 300.00 1
CELL 90.00 690.00 0.00 1
CELL 90.00 690.00 300.00 1
CELL 90.00 700.00 0.00 1
CELL 90.00 700.00 300.00 1
CELL 90.00 710.00 0.00 1
CELL 90.00 710.00 300.00 1
CELL 90.00 720.00 0.00 1
CELL 90.00 720.00 300.00 1
CELL 90.00 730.00 0.00 1
CELL 90.00 730.00 300.00 1
CELL 90.00 740.00 0.00 1
CELL 90.00 740.00 300.00 1
CELL 90.00 750.00 0.00 1
CELL 90.00 750.00 300.00 1
CELL 90.00 760.00 0.00 1
CELL 90.00 760.00 300.00 1
CELL 90.00 770.00 0.00 1
CELL 90.00 770.00 300.00 1
CELL 90.00 780.00 0.00 1
CELL 90.00 780.00 300.00 1
CELL 90.00 790.00 0.00 1
CELL 90.00 790.00 300.00 1
CELL 90.00 800.00 300.00 1
CELL 100.00 0.00 300.00 1
CELL 100.00 10.00 0.00 1
CELL 100.00 10.00 300.00 1
CELL 100.00 20.00 0.00 1
CELL 100.00 20.00 300.00 1
CELL 100.00 30.00 0.00 1
CELL 100.00 30.00 300.00 1
CELL 100.00 40.00 0.00 1
CELL 100.00 40.00 300.00 1
CELL 100.00 50.00 0.00 1
CELL 100.00 50.00 300.00 1
CELL 100.00 60.00 0.00 1
CELL 100.00 60.00 300.00 1
CELL 100.00 70.00 0.00 1
CELL 100.00 70.00 300.00 1
CELL 100.00 80.00 0.00 1
CELL 100.00 80.00 300.00 1
CELL 100.00 90.00 0.00 1
CELL 100.00 90.00 300.00 1
CELL 100.00 100.00 0.00 1
CELL 100.00 100.00 300.00 1
CELL 100.00 110.00 0.00 1
CELL 100.00 110.00 300.00 1
CELL 100.00 120.00 0.00 1
CELL 100.00 120.00 300.00 1
CELL 100.00 130.00 0.00 1
CELL 100.00 130.00 300.00 1
CELL 100.00 140.00 0.00 1
CELL 100.00 140.00 300.00 1
CELL 100.00 150.00 0.00 1
CELL 100.00 150.00 300.00 1
CELL 100.00 160.00 0.00 1
CELL 100.00 160.00 300.00 1
CELL 100.00 170.00 0.00 1
CELL 100.00 170.00 300.00 1
CELL 100.00 180.00 0.00 1
CELL 100.00 180.00 300.00 1
CELL 100.00 190.00 0.00 1
CELL 100.00 190.00 300.00 1
CELL 100.00 200.00 0.00 1
CELL 100.00 200.00 300.00 1
CELL 100.00 210.00 0.00 1
CELL 100.00 210.00 300.00 1
CELL 100.00 220.00 0.00 1
CELL 100.00 220.00 300.00 1
CELL 100.00 230.00 0.00 1
CELL 100.00 230.00 300.00 1
CELL 100.00 240.00 0.00 1
CELL 100.00 240.00 300.00 1
CELL 100.00 250.00 0.00 1
CELL 100.00 250.00 300.00 1
CELL 100.00 260.00 0.00 1
CELL 100.00 260.00 300.00 1
CELL 100.00 270.00 0.00 1
CELL 100.00 270.00 300.00 1
CELL 100.00 280.00 0.00 1
CELL 100.00 280.00 300.00 1
CELL 100.00 290.00 0.00 1
CELL 100.00 290.00 300.00 1
CELL 100.00 300.00 0.00 1
CELL 100.00 300.00 300.00 1
CELL 100.00 310.00 0.00 1
CELL 100.00 310.00 300.00 1
CELL 100.00 320.00 0.00 1
CELL 100.00 320.00 300.00 1
CELL 100.00 330.00 0.00 1
CELL 100.00 330.00 300.00 1
CELL 100.00 340.00 0.00 1
CELL 100.00 340.00 300.00 1
CELL 100.00 350.00 0.00 1
CELL 100.00 350.00 300.00 1
CELL 100.00 360.00 0.00 1
CELL 100.00 360.00 300.00 1
CELL 100.00 370.00 0.00 1
CELL 100.00 370.00 300.00 1
CELL 100.00 380.00 0.00 1
CELL 100.00 380.00 300.00 1
CELL 100.00 390.00 0.00 1
CELL 100.00 390.00 300.00 1
CELL 100.00 400.00 0.00 1
CELL 100.00 400.00 300.00 1
CELL 100.00 410.00 0.00 1
CELL 100.00 410.00 300.00 1
CELL 100.00 420.00 0.00 1
CELL 100.00 420.00 300.00 1
CELL 100.00 430.00 0.00 1
CELL 100.00 430.00 300.00 1
CELL 100.00 440.00 0.00 1
CELL 100.00 440.00 300.00 1
CELL 100.00 450.00 0.00 1
CELL 100.00 450.00 300.00 1
CELL 100.00 460.00 0.00 1
CELL 100.00 460.00 300.00 1
CELL 100.00 470.00 0.00 1
CELL 100.00 470.00 300.00 1
CELL 100.00 480.00 0.00 1
CELL 100.00 480.00 300.00 1
CELL 100.00 490.00 0.00 1
CELL 100.00 490.00 300.00 1
CELL 100.00 500.00 0.00 1
CELL 100.00 500.00 300.00 1
CELL 100.00 510.00 0.00 1
CELL 100.00 510.00 300.00 1
CELL 100.00 520.00 0.00 1
CELL 100.00 520.00 300.00 1
CELL 100.00 530.00 0.00 1
CELL 100.00 530.00 300.00 1
CELL 100.00 540.00 0.00 1
CELL 100.00 540.00 300.00 1
CELL 100.00 550.00 0.00 1
CELL 100.00 550.00 300.00 1
CELL 100.00 560.00 0.00 1
CELL 100.00 560.00 300.00 1
CELL 100.00 570.00 0.00 1
CELL 100.00 570.00 300.00 1
CELL 100.00 580.00 0.00 1
CELL 100.00 580.00 300.00 1
CELL 100.00 590.00 0.00 1
CELL 100.00 590.00 300.00 1
CELL 100.00 600.00 0.00 1
CELL 100.00 600.00 300.00 1
CELL 100.00 610.00 0.00 1
CELL 100.00 610.00 300.00 1
CELL 100.00 620.00 0.00 1
CELL 100.00 620.00 300.00 1
CELL 100.00 630.00 0.00 1
CELL 100.00 630.00 300.00 1
CELL 100.00 640.00 0.00 1
CELL 100.00 640.00 300.00 1
CELL 100.00 650.00 0.00 1
CELL 100.00 650.00 300.00 1
CELL 100.00 660.00 0.00 1
CELL 100.00 660.00 300.00 1
CELL 100.00 670.00 0.00 1
CELL 100.00 670.00 300.00 1
CELL 100.00 680.00 0.00 1
CELL 100.00 680.00 300.00 1
CELL 100.00 690.00 0.00 1
CELL 100.00 690.00 300.00 1
CELL 100.00 700.00 0.00 1
CELL 100.00 700.00 300.00 1
CELL 100.00 710.00 0.00 1
CELL 100.00 710.00 300.00 1
CELL 100.00 720.00 0.00 1
CELL 100.00 720.00 300.00 1
CELL 100.00 730.00 0.00 1
CELL 100.00 730.00 300.00 1
CELL 100.00 740.00 0.00 1
CELL 100.00 740.00 300.00 1
CELL 100.00 750.00 0.00 1
CELL 100.00 750.00 300.00 1
CELL 100.00 760.00 0.00 1
CELL 100.00 760.00 300.00 1
CELL 100.00 770.00 0.00 1
CELL 100.00 770.00 300.00 1
CELL 100.00 780.00 0.00 1
CELL 100.00 780.00 300.00 1
CELL 100.00 790.00 0.00 1
CELL 100.00 790.00 300.00 1
CELL 100.00 800.00 300.00 1
CELL 110.00 0.00 300.00 1
CELL 110.00 10.00 0.00 1
CELL 110.00 10.00 300.00 1
CELL 110.00 20.00 0.00 1
CELL 110.00 20.00 300.00 1
CELL 110.00 30.00 0.00 1
CELL 110.00 30.00 300.00 1
CELL 110.00 40.00 0.00 1
CELL 110.00 40.00 300.00 1
CELL 110.00 50.00 0.00 1
CELL 110.00 50.00 300.00 1
CELL 110.00 60.00 0.00 1
CELL 110.00 60.00 300.00 1
CELL 110.00 70.00 0.00 1
CELL 110.00 70.00 300.00 1
CELL 110.00 80.00 0.00 1
CELL 110.00 80.00 300.00 1
CELL 110.00 90.00 0.00 1
CELL 110.00 90.00 300.00 1
CELL 110.00 100.00 0.00 1
CELL 110.00 100.00 300.00 1
CELL 110.00 110.00 0.00 1
CELL 110.00 110.00 300.00 1
CELL 110.00 120.00 0.00 1
CELL 110.00 120.00 300.00 1
CELL 110.00 130.00 0.00 1
CELL 110.00 130.00 300.00 1
CELL 110.00 140.00 0.00 1
CELL 110.00 140.00 300.00 1
CELL 110.00 150.00 0.00 1
CELL 110.00 150.00 300.00 1
CELL 110.00 160.00 0.00 1
CELL 110.00 160.00 300.00 1
CELL 110.00 170.00 0.00 1
CELL 110.00 170.00 300.00 1
CELL 110.00 180.00 0.00 1
CELL 110.00 180.00 300.00 1
CELL 110.00 190.00 0.00 1
CELL 110.00 190.00 300.00 1
CELL 110.00 200.00 0.00 1
CELL 110.00 200.00 300.00 1
CELL 110.00 210.00 0.00 1
CELL 110.00 210.00 300.00 1
CELL 110.00 220.00 0.00 1
CELL 110.00 220.00 300.00 1
CELL 110.00 230.00 0.00 1
CELL 110.00 230.00 300.00 1
CELL 110.00 240.00 0.00 1
CELL 110.00 240.00 300.00 1
CELL 110.00 250.00 0.00 1
CELL 110.00 250.00 300.00 1
CELL 110.00 260.00 0.00 1
CELL 110.00 260.00 300.00 1
CELL 110.00 270.00 0.00 1
CELL 110.00 270.00 300.00 1
CELL 110.00 280.00 0.00 1
CELL 110.00 280.00 300.00 1
CELL 110.00 290.00 0.00 1
CELL 110.00 290.00 300.00 1
CELL 110.00 300.00 0.00 1
CELL 110.00 300.00 300.00 1
CELL 110.00 310.00 0.00 1
CELL 110.00 310.00 300.00 1
CELL 110.00 320.00 0.00 1
CELL 110.00 320.00 300.00 1
CELL 110.00 330.00 0.00 1
CELL 110.00 330.00 300.00 1
CELL 110.00 340.00 0.00 1
CELL 110.00 340.00 300.00 1
CELL 110.00 350.00 0.00 1
CELL 110.00 350.00 300.00 1
CELL 110.00 360.00 0.00 1
CELL 110.00 360.00 300.00 1
CELL 110.00 370.00 0.00 1
CELL 110.00 370.00 300.00 1
CELL 110.00 380.00 0.00 1
CELL 110.00 380.00 300.00 1
CELL 110.00 390.00 0.00 1
CELL 110.00 390.00 300.00 1
CELL 110.00 400.00 0.00 1
CELL 110.00 400.00 300.00 1
CELL 110.00 410.00 0.00 1
CELL 110.00 410.00 300.00 1
CELL 110.00 420.00 0.00 1
CELL 110.00 420.00 300.00 1
CELL 110.00 430.00 0.00 1
CELL 110.00 430.00 300.00 1
CELL 110.00 440.00 0.00 1
CELL 110.00 440.00 300.00 1
CELL 110.00 450.00 0.00 1
CELL 110.00 450.00 300.00 1
CELL 110.00 460.00 0.00 1
CELL 110.00 460.00 300.00 1
CELL 110.00 470.00 0.00 1
CELL 110.00 470.00 300.00 1
CELL 110.00 480.00 0.00 1
CELL 110.00 480.00 300.00 1
CELL 110.00 490.00 0.00 1
CELL 110.00 490.00 300.00 1
CELL 110.00 500.00 0.00 1
CELL 110.00 500.00 300.00 1
CELL 110.00 510.00 0.00 1
CELL 110.00 510.00 300.00 1
CELL 110.00 520.00 0.00 1
CELL 110.00 520.00 300.00 1
CELL 110.00 530.00 0.00 1
CELL 110.00 530.00 300.00 1
CELL 110.00 540.00 0.00 1
CELL 110.00 540.00 300.00 1
CELL 110.00 550.00 0.00 1
CELL 110.00 550.00 300.00 1
CELL 110.00 560.00 0.00 1
CELL 110.00 560.00 300.00 1
CELL 110.00 570.00 0.00 1
CELL 110.00 570.00 300.00 1
CELL 110.00 580.00 0.00 1
CELL 110.00 580.00 300.00 1
CELL 110.00 590.00 0.00 1
CELL 110.00 590.00 300.00 1
CELL 110.00 600.00 0.00 1
CELL 110.00 600.00 300.00 1
CELL 110.00 610.00 0.00 1
CELL 110.00 610.00 300.00 1
CELL 110.00 620.00 0.00 1
CELL 110.00 620.00 300.00 1
CELL 110.00 630.00 0.00 1
CELL 110.00 630.00 300.00 1
CELL 110.00 640.00 0.00 1
CELL 110.00 640.00 300.00 1
CELL 110.00 650.00 0.00 1
CELL 110.00 650.00 300.00 1
CELL 110.00 660.00 0.00 1
CELL 110.00 660.00 300.00 1
CELL 110.00 670.00 0.00 1
CELL 110.00 670.00 300.00 1
CELL 110.00 680.00 0.00 1
CELL 110.00 680.00 300.00 1
CELL 110.00 690.00 0.00 1
CELL 110.00 690.00 300.00 1
CELL 110.00 700.00 0.00 1
CELL 110.00 700.00 300.00 1
CELL 110.00 710.00 0.00 1
CELL 110.00 710.00 300.00 1
CELL 110.00 720.00 0.00 1
CELL 110.00 720.00 300.00 1
CELL 110.00 730.00 0.00 1
CELL 110.00 730.00 300.00 1
CELL 110.00 740.00 0.00 1
CELL 110.00 740.00 300.00 1
CELL 110.00 750.00 0.00 1
CELL 110.00 750.00 300.00 1
CELL 110.00 760.00 0.00 1
CELL 110.00 760.00 300.00 1
CELL 110.00 770.00 0.00 1
CELL 110.00 770.00 300.00 1
CELL 110.00 780.00 0.00 1
CELL 110.00 780.00 300.00 1
CELL 110.00 790.00 0.00 1
CELL 110.00 790.00 300.00 1
CELL 110.00 800.00 300.00 1
CELL 120.00 0.00 300.00 1
CELL 120.00 10.00 0.00 1
CELL 120.00 10.00 300.00 1
CELL 120.00 20.00 0.00 1
CELL 120.00 20.00 300.00 1
CELL 120.00 30.00 0.00 1
CELL 120.00 30.00 300.00 1
CELL 120.00 40.00 0.00 1
CELL 120.00 40.00 300.00 1
CELL 120.00 50.00 0.00 1
CELL 120.00 50.00 300.00 1
CELL 120.00 60.00 0.00 1
CELL 120.00 60.00 300.00 1
CELL 120.00 70.00 0.00 1
CELL 120.00 70.00 300.00 1
CELL 120.00 80.00 0.00 1
CELL 120.00 80.00 300.00 1
CELL 120.00 90.00 0.00 1
CELL 120.00 90.00 300.00 1
CELL 120.00 100.00 0.00 1
CELL 120.00 100.00 300.00 1
CELL 120.00 110.00 0.00 1
CELL 120.00 110.00 300.00 1
CELL 120.00 120.00 0.00 1
CELL 120.00 120.00 300.00 1
CELL 120.00 130.00 0.00 1
CELL 120.00 130.00 300.00 1
CELL 120.00 140.00 0.00 1
CELL 120.00 140.00 300.00 1
CELL 120.00 150.00 0.00 1
CELL 120.00 150.00 300.00 1
CELL 120.00 160.00 0.00 1
CELL 120.00 160.00 300.00 1
CELL 120.00 170.00 0.00 1
CELL 120.00 170.00 300.00 1
CELL 120.00 180.00 0.00 1
CELL 120.00 180.00 300.00 1
CELL 120.00 190.00 0.00 1
CELL 120.00 190.00 300.00 1
CELL 120.00 200.00 0.00 1
CELL 120.00 200.00 300.00 1
CELL 120.00 210.00 0.00 1
CELL 120.00 210.00 300.00 1
CELL 120.00 220.00 0.00 1
CELL 120.00 220.00 300.00 1
CELL 120.00 230.00 0.00 1
CELL 120.00 230.00 300.00 1
CELL 120.00 240.00 0.00 1
CELL 120.00 240.00 300.00 1
CELL 120.00 250.00 0.00 1
CELL 120.00 250.00 300.00 1
CELL 120.00 260.00 0.00 1
CELL 120.00 260.00 300.00 1
CELL 120.00 270.00 0.00 1
CELL 120.00 270.00 300.00 1
CELL 120.00 280.00 0.00 1
CELL 120.00 280.00 300.00 1
CELL 120.00 290.00 0.00 1
CELL 120.00 290.00 300.00 1
CELL 120.00 300.00 0.00 1
CELL 120.00 300.00 300.00 1
CELL 120.00 310.00 0.00 1
CELL 120.00 310.00 300.00 1
CELL 120.00 320.00 0.00 1
CELL 120.00 320.00 300.00 1
CELL 120.00 330.00 0.00 1
CELL 120.00 330.00 300.00 1
CELL 120.00 340.00 0.00 1
CELL 120.00 340.00 300.00 1
CELL 120.00 350.00 0.00 1
CELL 120.00 350.00 300.00 1
CELL 120.00 360.00 0.00 1
CELL 120.00 360.00 300.00 1
CELL 120.00 370.00 0.00 1
CELL 120.00 370.00 300.00 1
CELL 120.00 380.00 0.00 1
CELL 120.00 380.00 300.00 1
CELL 120.00 390.00 0.00 1
CELL 120.00 390.00 300.00 1
CELL 120.00 400.00 0.00 1
CELL 120.00 400.00 300.00 1
CELL 120.00 410.00 0.00 1
CELL 120.00 410.00 300.00 1
CELL 120.00 420.00 0.00 1
CELL 120.00 420.00 300.00 1
CELL 120.00 430.00 0.00 1
CELL 120.00 430.00 300.00 1
CELL 120.00 440.00 0.00 1
CELL 120.00 440.00 300.00 1
CELL 120.00 450.00 0.00 1
CELL 120.00 450.00 300.00 1
CELL 120.00 460.00 0.00 1
CELL 120.00 460.00 300.00 1
CELL 120.00 470.00 0.00 1
CELL 120.00 470.00 300.00 1
CELL 120.00 480.00 0.00 1
CELL 120.00 480.00 300.00 1
CELL 120.00 490.00 0.00 1
CELL 120.00 490.00 300.00 1
CELL 120.00 500.00 0.00 1
CELL 120.00 500.00 300.00 1
CELL 120.00 510.00 0.00 1
CELL 120.00 510.00 300.00 1
CELL 120.00 520.00 0.00 1
CELL 120.00 520.00 300.00 1
CELL 120.00 530.00 0.00 1
CELL 120.00 530.00 300.00 1
CELL 120.00 540.00 0.00 1
CELL 120.00 540.00 300.00 1
CELL 120.00 550.00 0.00 1
CELL 120.00 550.00 300.00 1
CELL 120.00 560.00 0.00 1
CELL 120.00 560.00 300.00 1
CELL 120.00 570.00 0.00 1
CELL 120.00 570.00 300.00 1
CELL 120.00 580.00 0.00 1
CELL 120.00 580.00 300.00 1
CELL 120.00 590.00 0.00 1
CELL 120.00 590.00 300.00 1
CELL 120.00 600.00 0.00 1
CELL 120.00 600.00 300.00 1
CELL 120.00 610.00 0.00 1
CELL 120.00 610.00 300.00 1
CELL 120.00 620.00 0.00 1
CELL 120.00 620.00 300.00 1
CELL 120.00 630.00 0.00 1
CELL 120.00 630.00 300.00 1
CELL 120.00 640.00 0.00 1
CELL 120.00 640.00 300.00 1
CELL 120.00 650.00 0.00 1
CELL 120.00 650.00 300.00 1
CELL 120.00 660.00 0.00 1
CELL 120.00 660.00 300.00 1
CELL 120.00 670.00 0.00 1
CELL 120.00 670.00 300.00 1
CELL 120.00 680.00 0.00 1
CELL 120.00 680.00 300.00 1
CELL 120.00 690.00 0.00 1
CELL 120.00 690.00 300.00 1
CELL 120.00 700.00 0.00 1
CELL 120.00 700.00 300.00 1
CELL 120.00 710.00 0.00 1
CELL 120.00 710.00 300.00 1
CELL 120.00 720.00 0.00 1
CELL 120.00 720.00 300.00 1
CELL 120.00 730.00 0.00 1
CELL 120.00 730.00 300.00 1
CELL 120.00 740.00 0.00 1
CELL 120.00 740.00 300.00 1
CELL 120.00 750.00 0.00 1
CELL 120.00 750.00 300.00 1
CELL 120.00 760.00 0.00 1
CELL 120.00 760.00 300.00 1
CELL 120.00 770.00 0.00 1
CELL 120.00 770.00 300.00 1
CELL 120.00 780.00 0.00 1
CELL 120.00 780.00 300.00 1
CELL 120.00 790.00 0.00 1
CELL 120.00 790.00 300.00 1
CELL 120.00 800.00 300.00 1
CELL 130.00 0.00 300.00 1
CELL 130.00 10.00 0.00 1
CELL 130.00 10.00 300.00 1
CELL 130.00 20.00 0.00 1
CELL 130.00 20.00 300.00 1
CELL 130.00 30.00 0.00 1
CELL 130.00 30.00 300.00 1
CELL 130.00 40.00 0.00 1
CELL 130.00 40.00 300.00 1
CELL 130.00 50.00 0.00 1
CELL 130.00 50.00 300.00 1
CELL 130.00 60.00 0.00 1
CELL 130.00 60.00 300.00 1
CELL 130.00 70.00 0.00 1
CELL 130.00 70.00 300.00 1
CELL 130.00 80.00 0.00 1
CELL 130.00 80.00 300.00 1
CELL 130.00 90.00 0.00 1
CELL 130.00 90.00 300.00 1
CELL 130.00 100.00 0.00 1
CELL 130.00 100.00 300.00 1
CELL 130.00 110.00 0.00 1
CELL 130.00 110.00 300.00 1
CELL 130.00 120.00 0.00 1
CELL 130.00 120.00 300.00 1
CELL 130.00 130.00 0.00 1
CELL 130.00 130.00 300.00 1
CELL 130.00 140.00 0.00 1
CELL 130.00 140.00 300.00 1
CELL 130.00 150.00 0.00 1
CELL 130.00 150.00 300.00 1
CELL 130.00 160.00 0.00 1
CELL 130.00 160.00 300.00 1
CELL 130.00 170.00 0.00 1
CELL 130.00 170.00 300.00 1
CELL 130.00 180.00 0.00 1
CELL 130.00 180.00 300.00 1
CELL 130.00 190.00 0.00 1
CELL 130.00 190.00 300.00 1
CELL 130.00 200.00 0.00 1
CELL 130.00 200.00 300.00 1
CELL 130.00 210.00 0.00 1
CELL 130.00 210.00 300.00 1
CELL 130.00 220.00 0.00 1
CELL 130.00 220.00 300.00 1
CELL 130.00 230.00 0.00 1
CELL 130.00 230.00 300.00 1
CELL 130.00 240.00 0.00 1
CELL 130.00 240.00 300.00 1
CELL 130.00 250.00 0.00 1
CELL 130.00 250.00 300.00 1
CELL 130.00 260.00 0.00 1
CELL 130.00 260.00 300.00 1
CELL 130.00 270.00 0.00 1
CELL 130.00 270.00 300.00 1
CELL 130.00 280.00 0.00 1
CELL 130.00 280.00 300.00 1
CELL 130.00 290.00 0.00 1
CELL 130.00 290.00 300.00 1
CELL 130.00 300.00 0.00 1
CELL 130.00 300.00 300.00 1
CELL 130.00 310.00 0.00 1
CELL 130.00 310.00 300.00 1
CELL 130.00 320.00 0.00 1
CELL 130.00 320.00 300.00 1
CELL 130.00 330.00 0.00 1
CELL 130.00 330.00 300.00 1
CELL 130.00 340.00 0.00 1
CELL 130.00 340.00 300.00 1
CELL 130.00 350.00 0.00 1
CELL 130.00 350.00 300.00 1
CELL 130.00 360.00 0.00 1
CELL 130.00 360.00 300.00 1
CELL 130.00 370.00 0.00 1
CELL 130.00 370.00 300.00 1
CELL 130.00 380.00 0.00 1
CELL 130.00 380.00 300.00 1
CELL 130.00 390.00 0.00 1
CELL 130.00 390.00 300.00 1
CELL 130.00 400.00 0.00 1
CELL 130.00 400.00 300.00 1
CELL 130.00 410.00 0.00 1
CELL 130.00 410.00 300.00 1
CELL 130.00 420.00 0.00 1
CELL 130.00 420.00 300.00 1
CELL 130.00 430.00 0.00 1
CELL 130.00 430.00 300.00 1
CELL 130.00 440.00 0.00 1
CELL 130.00 440.00 300.00 1
CELL 130.00 450.00 0.00 1
CELL 130.00 450.00 300.00 1
CELL 130.00 460.00 0.00 1
CELL 130.00 460.00 300.00 1
CELL 130.00 470.00 0.00 1
CELL 130.00 470.00 300.00 1
CELL 130.00 480.00 0.00 1
CELL 130.00 480.00 300.00 1
CELL 130.00 490.00 0.00 1
CELL 130.00 490.00 300.00 1
CELL 130.00 500.00 0.00 1
CELL 130.00 500.00 300.00 1
CELL 130.00 510.00 0.00 1
CELL 130.00 510.00 300.00 1
CELL 130.00 520.00 0.00 1
CELL 130.00 520.00 300.00 1
CELL 130.00 530.00 0.00 1
CELL 130.00 530.00 300.00 1
CELL 130.00 540.00 0.00 1
CELL 130.00 540.00 300.00 1
CELL 130.00 550.00 0.00 1
CELL 130.00 550.00 300.00 1
CELL 130.00 560.00 0.00 1
CELL 130.00 560.00 300.00 1
CELL 130.00 570.00 0.00 1
CELL 130.00 570.00 300.00 1
CELL 130.00 580.00 0.00 1
CELL 130.00 580.00 300.00 1
CELL 130.00 590.00 0.00 1
CELL 130.00 590.00 300.00 1
CELL 130.00 600.00 0.00 1
CELL 130.00 600.00 300.00 1
CELL 130.00 610.00 0.00 1
CELL 130.00 610.00 300.00 1
CELL 130.00 620.00 0.00 1
CELL 130.00 620.00 300.00 1
CELL 130.00 630.00 0.00 1
CELL 130.00 630.00 300.00 1
CELL 130.00 640.00 0.00 1
CELL 130.00 640.00 300.00 1
CELL 130.00 650.00 0.00 1
CELL 130.00 650.00 300.00 1
CELL 130.00 660.00 0.00 1
CELL 130.00 660.00 300.00 1
CELL 130.00 670.00 0.00 1
CELL 130.00 670.00 300.00 1
CELL 130.00 680.00 0.00 1
CELL 130.00 680.00 300.00 1
CELL 130.00 690.00 0.00 1
CELL 130.00 690.00 300.00 1
CELL 130.00 700.00 0.00 1
CELL 130.00 700.00 300.00 1
CELL 130.00 710.00 0.00 1
CELL 130.00 710.00 300.00 1
CELL 130.00 720.00 0.00 1
CELL 130.00 720.00 300.00 1
CELL 130.00 730.00 0.00 1
CELL 130.00 730.00 300.00 1
CELL 130.00 740.00 0.00 1
CELL 130.00 740.00 300.00 1
CELL 130.00 750.00 0.00 1
CELL 130.00 750.00 300.00 1
CELL 130.00 760.00 0.00 1
CELL 130.00 760.00 300.00 1
CELL 130.00 770.00 0.00 1
CELL 130.00 770.00 300.00 1
CELL 130.00 780.00 0.00 1
CELL 130.00 780.00 300.00 1
CELL 130.00 790.00 0.00 1
CELL 130.00 790.00 300.00 1
CELL 130.00 800.00 300.00 1
CELL 140.00 0.00 300.00 1
CELL 140.00 10.00 0.00 1
CELL 140.00 10.00 300.00 1
CELL 140.00 20.00 0.00 1
CELL 140.00 20.00 300.00 1
CELL 140.00 30.00 0.00 1
CELL 140.00 30.00 300.00 1
CELL 140.00 40.00 0.00 1
CELL 140.00 40.00 300.00 1
CELL 140.00 50.00 0.00 1
CELL 140.00 50.00 300.00 1
CELL 140.00 60.00 0.00 1
CELL 140.00 60.00 300.00 1
CELL 140.00 70.00 0.00 1
CELL 140.00 70.00 300.00 1
CELL 140.00 80.00 0.00 1
CELL 140.00 80.00 300.00 1
CELL 140.00 90.00 0.00 1
CELL 140.00 90.00 300.00 1
CELL 140.00 100.00 0.00 1
CELL 140.00 100.00 300.00 1
CELL 140.00 110.00 0.00 1
CELL 140.00 110.00 300.00 1
CELL 140.00 120.00 0.00 1
CELL 140.00 120.00 300.00 1
CELL 140.00 130.00 0.00 1
CELL 140.00 130.00 300.00 1
CELL 140.00 140.00 0.00 1
CELL 140.00 140.00 300.00 1
CELL 140.00 150.00 0.00 1
CELL 140.00 150.00 300.00 1
CELL 140.00 160.00 0.00 1
CELL 140.00 160.00 300.00 1
CELL 140.00 170.00 0.00 1
CELL 140.00 170.00 300.00 1
CELL 140.00 180.00 0.00 1
CELL 140.00 180.00 300.00 1
CELL 140.00 190.00 0.00 1
CELL 140.00 190.00 300.00 1
CELL 140.00 200.00 0.00 1
CELL 140.00 200.00 300.00 1
CELL 140.00 210.00 0.00 1
CELL 140.00 210.00 300.00 1
CELL 140.00 220.00 0.00 1
CELL 140.00 220.00 300.00 1
CELL 140.00 230.00 0.00 1
CELL 140.00 230.00 300.00 1
CELL 140.00 240.00 0.00 1
CELL 140.00 240.00 300.00 1
CELL 140.00 250.00 0.00 1
CELL 140.00 250.00 300.00 1
CELL 140.00 260.00 0.00 1
CELL 140.00 260.00 300.00 1
CELL 140.00 270.00 0.00 1
CELL 140.00 270.00 300.00 1
CELL 140.00 280.00 0.00 1
CELL 140.00 280.00 300.00 1
CELL 140.00 290.00 0.00 1
CELL 140.00 290.00 300.00 1
CELL 140.00 300.00 0.00 1
CELL 140.00 300.00 300.00 1
CELL 140.00 310.00 0.00 1
CELL 140.00 310.00 300.00 1
CELL 140.00 320.00 0.00 1
CELL 140.00 320.00 300.00 1
CELL 140.00 330.00 0.00 1
CELL 140.00 330.00 300.00 1
CELL 140.00 340.00 0.00 1
CELL 140.00 340.00 300.00 1
CELL 140.00 350.00 0.00 1
CELL 140.00 350.00 300.00 1
CELL 140.00 360.00 0.00 1
CELL 140.00 360.00 300.00 1
CELL 140.00 370.00 0.00 1
CELL 140.00 370.00 300.00 1
CELL 140.00 380.00 0.00 1
CELL 140.00 380.00 300.00 1
CELL 140.00 390.00 0.00 1
CELL 140.00 390.00 300.00 1
CELL 140.00 400.00 0.00 1
CELL 140.00 400.00 300.00 1
CELL 140.00 410.00 0.00 1
CELL 140.00 410.00 300.00 1
CELL 140.00 420.00 0.00 1
CELL 140.00 420.00 300.00 1
CELL 140.00 430.00 0.00 1
CELL 140.00 430.00 300.00 1
CELL 140.00 440.00 0.00 1
CELL 140.00 440.00 300.00 1
CELL 140.00 450.00 0.00 1
CELL 140.00 450.00 300.00 1
CELL 140.00 460.00 0.00 1
CELL 140.00 460.00 300.00 1
CELL 140.00 470.00 0.00 1
CELL 140.00 470.00 300.00 1
CELL 140.00 480.00 0.00 1
CELL 140.00 480.00 300.00 1
CELL 140.00 490.00 0.00 1
CELL 140.00 490.00 300.00 1
CELL 140.00 500.00 0.00 1
CELL 140.00 500.00 300.00 1
CELL 140.00 510.00 0.00 1
CELL 140.00 510.00 300.00 1
CELL 140.00 520.00 0.00 1
CELL 140.00 520.00 300.00 1
CELL 140.00 530.00 0.00 1
CELL 140.00 530.00 300.00 1
CELL 140.00 540.00 0.00 1
CELL 140.00 540.00 300.00 1
CELL 140.00 550.00 0.00 1
CELL 140.00 550.00 300.00 1
CELL 140.00 560.00 0.00 1
CELL 140.00 560.00 300.00 1
CELL 140.00 570.00 0.00 1
CELL 140.00 570.00 300.00 1
CELL 140.00 580.00 0.00 1
CELL 140.00 580.00 300.00 1
CELL 140.00 590.00 0.00 1
CELL 140.00 590.00 300.00 1
CELL 140.00 600.00 0.00 1
CELL 140.00 600.00 300.00 1
CELL 140.00 610.00 0.00 1
CELL 140.00 610.00 300.00 1
CELL 140.00 620.00 0.00 1
CELL 140.00 620.00 300.00 1
CELL 140.00 630.00 0.00 1
CELL 140.00 630.00 300.00 1
CELL 140.00 640.00 0.00 1
CELL 140.00 640.00 300.00 1
CELL 140.00 650.00 0.00 1
CELL 140.00 650.00 300.00 1
CELL 140.00 660.00 0.00 1
CELL 140.00 660.00 300.00 1
CELL 140.00 670.00 0.00 1
CELL 140.00 670.00 300.00 1
CELL 140.00 680.00 0.00 1
CELL 140.00 680.00 300.00 1
CELL 140.00 690.00 0.00 1
CELL 140.00 690.00 300.00 1
CELL 140.00 700.00 0.00 1
CELL 140.00 700.00 300.00 1
CELL 140.00 710.00 0.00 1
CELL 140.00 710.00 300.00 1
CELL 140.00 720.00 0.00 1
CELL 140.00 720.00 300.00 1
CELL 140.00 730.00 0.00 1
CELL 140.00 730.00 300.00 1
CELL 140.00 740.00 0.00 1
CELL 140.00 740.00 300.00 1
CELL 140.00 750.00 0.00 1
CELL 140.00 750.00 300.00 1
CELL 140.00 760.00 0.00 1
CELL 140.00 760.00 300.00 1
CELL 140.00 770.00 0.00 1
CELL 140.00 770.00 300.00 1
CELL 140.00 780.00 0.00 1
CELL 140.00 780.00 300.00 1
CELL 140.00 790.00 0.00 1
CELL 140.00 790.00 300.00 1
CELL 140.00 800.00 300.00 1
CELL 150.00 0.00 300.00 1
CELL 150.00 10.00 0.00 1
CELL 150.00 10.00 300.00 1
CELL 150.00 20.00 0.00 1
CELL 150.00 20.00 300.00 1
CELL 150.00 30.00 0.00 1
CELL 150.00 30.00 300.00 1
CELL 150.00 40.00 0.00 1
CELL 150.00 40.00 300.00 1
CELL 150.00 50.00 0.00 1
CELL 150.00 50.00 300.00 1
CELL 150.00 60.00 0.00 1
CELL 150.00 60.00 300.00 1
CELL 150.00 70.00 0.00 1
CELL 150.00 70.00 300.00 1
CELL 150.00 80.00 0.00 1
CELL 150.00 80.00 300.00 1
CELL 150.00 90.00 0.00 1
CELL 150.00 90.00 300.00 1
CELL 150.00 100.00 0.00 1
CELL 150.00 100.00 300.00 1
CELL 150.00 110.00 0.00 1
CELL 150.00 110.00 300.00 1
CELL 150.00 120.00 0.00 1
CELL 150.00 120.00 300.00 1
CELL 150.00 130.00 0.00 1
CELL 150.00 130.00 300.00 1
CELL 150.00 140.00 0.00 1
CELL 150.00 140.00 300.00 1
CELL 150.00 150.00 0.00 1
CELL 150.00 150.00 300.00 1
CELL 150.00 160.00 0.00 1
CELL 150.00 160.00 300.00 1
CELL 150.00 170.00 0.00 1
CELL 150.00 170.00 300.00 1
CELL 150.00 180.00 0.00 1
CELL 150.00 180.00 300.00 1
CELL 150.00 190.00 0.00 1
CELL 150.00 190.00 300.00 1
CELL 150.00 200.00 0.00 1
CELL 150.00 200.00 300.00 1
CELL 150.00 210.00 0.00 1
CELL 150.00 210.00 300.00 1
CELL 150.00 220.00 0.00 1
CELL 150.00 220.00 300.00 1
CELL 150.00 230.00 0.00 1
CELL 150.00 230.00 300.00 1
CELL 150.00 240.00 0.00 1
CELL 150.00 240.00 300.00 1
CELL 150.00 250.00 0.00 1
CELL 150.00 250.00 300.00 1
CELL 150.00 260.00 0.00 1
CELL 150.00 260.00 300.00 1
CELL 150.00 270.00 0.00 1
CELL 150.00 270.00 300.00 1
CELL 150.00 280.00 0.00 1
CELL 150.00 280.00 300.00 1
CELL 150.00 290.00 0.00 1
CELL 150.00 290.00 300.00 1
CELL 150.00 300.00 0.00 1
CELL 150.00 300.00 300.00 1
CELL 150.00 310.00 0.00 1
CELL 150.00 310.00 300.00 1
CELL 150.00 320.00 0.00 1
CELL 150.00 320.00 300.00 1
CELL 150.00 330.00 0.00 1
CELL 150.00 330.00 300.00 1
CELL 150.00 340.00 0.00 1
CELL 150.00 340.00 300.00 1
CELL 150.00 350.00 0.00 1
CELL 150.00 350.00 300.00 1
CELL 150.00 360.00 0.00 1
CELL 150.00 360.00 300.00 1
CELL 150.00 370.00 0.00 1
CELL 150.00 370.00 300.00 1
CELL 150.00 380.00 0.00 1
CELL 150.00 380.00 300.00 1
CELL 150.00 390.00 0.00 1
CELL 150.00 390.00 300.00 1
CELL 150.00 400.00 0.00 1
CELL 150.00 400.00 300.00 1
CELL 150.00 410.00 0.00 1
CELL 150.00 410.00 300.00 1
CELL 150.00 420.00 0.00 1
CELL 150.00 420.00 300.00 1
CELL 150.00 430.00 0.00 1
CELL 150.00 430.00 300.00 1
CELL 150.00 440.00 0.00 1
CELL 150.00 440.00 300.00 1
CELL 150.00 450.00 0.00 1
CELL 150.00 450.00 300.00 1
CELL 150.00 460.00 0.00 1
CELL 150.00 460.00 300.00 1
CELL 150.00 470.00 0.00 1
CELL 150.00 470.00 300.00 1
CELL 150.00 480.00 0.00 1
CELL 150.00 480.00 300.00 1
CELL 150.00 490.00 0.00 1
CELL 150.00 490.00 300.00 1
CELL 150.00 500.00 0.00 1
CELL 150.00 500.00 300.00 1
CELL 150.00 510.00 0.00 1
CELL 150.00 510.00 300.00 1
CELL 150.00 520.00 0.00 1
CELL 150.00 520.00 300.00 1
CELL 150.00 530.00 0.00 1
CELL 150.00 530.00 300.00 1
CELL 150.00 540.00 0.00 1
CELL 150.00 540.00 300.00 1
CELL 150.00 550.00 0.00 1
CELL 150.00 550.00 300.00 1
CELL 150.00 560.00 0.00 1
CELL 150.00 560.00 300.00 1
CELL 150.00 570.00 0.00 1
CELL 150.00 570.00 300.00 1
CELL 150.00 580.00 0.00 1
CELL 150.00 580.00 300.00 1
CELL 150.00 590.00 0.00 1
CELL 150.00 590.00 300.00 1
CELL 150.00 600.00 0.00 1
CELL 150.00 600.00 300.00 1
CELL 150.00 610.00 0.00 1
CELL 150.00 610.00 300.00 1
CELL 150.00 620.00 0.00 1
CELL 150.00 620.00 300.00 1
CELL 150.00 630.00 0.00 1
CELL 150.00 630.00 300.00 1
CELL 150.00 640.00 0.00 1
CELL 150.00 640.00 300.00 1
CELL 150.00 650.00 0.00 1
CELL 150.00 650.00 300.00 1
CELL 150.00 660.00 0.00 1
CELL 150.00 660.00 300.00 1
CELL 150.00 670.00 0.00 1
CELL 150.00 670.00 300.00 1
CELL 150.00 680.00 0.00 1
CELL 150.00 680.00 300.00 1
CELL 150.00 690.00 0.00 1
CELL 150.00 690.00 300.00 1
CELL 150.00 700.00 0.00 1
CELL 150.00 700.00 300.00 1
CELL 150.00 710.00 0.00 1
CELL 150.00 710.00 300.00 1
CELL 150.00 720.00 0.00 1
CELL 150.00 720.00 300.00 1
CELL 150.00 730.00 0.00 1
CELL 150.00 730.00 300.00 1
CELL 150.00 740.00 0.00 1
CELL 150.00 740.00 300.00 1
CELL 150.00 750.00 0.00 1
CELL 150.00 750.00 300.00 1
CELL 150.00 760.00 0.00 1
CELL 150.00 760.00 300.00 1
CELL 150.00 770.00 0.00 1
CELL 150.00 770.00 300.00 1
CELL 150.00 780.00 0.00 1
CELL 150.00 780.00 300.00 1
CELL 150.00 790.00 0.00 1
CELL 150.00 790.00 300.00 1
CELL 150.00 800.00 300.00 1
CELL 160.00 0.00 300.00 1
CELL 160.00 10.00 0.00 1
CELL 160.00 10.00 300.00 1
CELL 160.00 20.00 0.00 1
CELL 160.00 20.00 300.00 1
CELL 160.00 30.00 0.00 1
CELL 160.00 30.00 300.00 1
CELL 160.00 40.00 0.00 1
CELL 160.00 40.00 300.00 1
CELL 160.00 50.00 0.00 1
CELL 160.00 50.00 300.00 1
CELL 160.00 60.00 0.00 1
CELL 160.00 60.00 300.00 1
CELL 160.00 70.00 0.00 1
CELL 160.00 70.00 300.00 1
CELL 160.00 80.00 0.00 1
CELL 160.00 80.00 300.00 1
CELL 160.00 90.00 0.00 1
CELL 160.00 90.00 300.00 1
CELL 160.00 100.00 0.00 1
CELL 160.00 100.00 300.00 1
CELL 160.00 110.00 0.00 1
CELL 160.00 110.00 300.00 1
CELL 160.00 120.00 0.00 1
CELL 160.00 120.00 300.00 1
CELL 160.00 130.00 0.00 1
CELL 160.00 130.00 300.00 1
CELL 160.00 140.00 0.00 1
CELL 160.00 140.00 300.00 1
CELL 160.00 150.00 0.00 1
CELL 160.00 150.00 300.00 1
CELL 160.00 160.00 0.00 1
CELL 160.00 160.00 300.00 1
CELL 160.00 170.00 0.00 1
CELL 160.00 170.00 300.00 1
CELL 160.00 180.00 0.00 1
CELL 160.00 180.00 300.00 1
CELL 160.00 190.00 0.00 1
CELL 160.00 190.00 300.00 1
CELL 160.00 200.00 0.00 1
CELL 160.00 200.00 300.00 1
CELL 160.00 210.00 0.00 1
CELL 160.00 210.00 300.00 1
CELL 160.00 220.00 0.00 1
CELL 160.00 220.00 300.00 1
CELL 160.00 230.00 0.00 1
CELL 160.00 230.00 300.00 1
CELL 160.00 240.00 0.00 1
CELL 160.00 240.00 300.00 1
CELL 160.00 250.00 0.00 1
CELL 160.00 250.00 300.00 1
CELL 160.00 260.00 0.00 1
CELL 160.00 260.00 300.00 1
CELL 160.00 270.00 0.00 1
CELL 160.00 270.00 300.00 1
CELL 160.00 280.00 0.00 1
CELL 160.00 280.00 300.00 1
CELL 160.00 290.00 0.00 1
CELL 160.00 290.00 300.00 1
CELL 160.00 300.00 0.00 1
CELL 160.00 300.00 300.00 1
CELL 160.00 310.00 0.00 1
CELL 160.00 310.00 300.00 1
CELL 160.00 320.00 0.00 1
CELL 160.00 320.00 300.00 1
CELL 160.00 330.00 0.00 1
CELL 160.00 330.00 300.00 1
CELL 160.00 340.00 0.00 1
CELL 160.00 340.00 300.00 1
CELL 160.00 350.00 0.00 1
CELL 160.00 350.00 300.00 1
CELL 160.00 360.00 0.00 1
CELL 160.00 360.00 300.00 1
CELL 160.00 370.00 0.00 1
CELL 160.00 370.00 300.00 1
CELL 160.00 380.00 0.00 1
CELL 160.00 380.00 300.00 1
CELL 160.00 390.00 0.00 1
CELL 160.00 390.00 300.00 1
CELL 160.00 400.00 0.00 1
CELL 160.00 400.00 300.00 1
CELL 160.00 410.00 0.00 1
CELL 160.00 410.00 300.00 1
CELL 160.00 420.00 0.00 1
CELL 160.00 420.00 300.00 1
CELL 160.00 430.00 0.00 1
CELL 160.00 430.00 300.00 1
CELL 160.00 440.00 0.00 1
CELL 160.00 440.00 300.00 1
CELL 160.00 450.00 0.00 1
CELL 160.00 450.00 300.00 1
CELL 160.00 460.00 0.00 1
CELL 160.00 460.00 300.00 1
CELL 160.00 470.00 0.00 1
CELL 160.00 470.00 300.00 1
CELL 160.00 480.00 0.00 1
CELL 160.00 480.00 300.00 1
CELL 160.00 490.00 0.00 1
CELL 160.00 490.00 300.00 1
CELL 160.00 500.00 0.00 1
CELL 160.00 500.00 300.00 1
CELL 160.00 510.00 0.00 1
CELL 160.00 510.00 300.00 1
CELL 160.00 520.00 0.00 1
CELL 160.00 520.00 300.00 1
CELL 160.00 530.00 0.00 1
CELL 160.00 530.00 300.00 1
CELL 160.00 540.00 0.00 1
CELL 160.00 540.00 300.00 1
CELL 160.00 550.00 0.00 1
CELL 160.00 550.00 300.00 1
CELL 160.00 560.00 0.00 1
CELL 160.00 560.00 300.00 1
CELL 160.00 570.00 0.00 1
CELL 160.00 570.00 300.00 1
CELL 160.00 580.00 0.00 1
CELL 160.00 580.00 300.00 1
CELL 160.00 590.00 0.00 1
CELL 160.00 590.00 300.00 1
CELL 160.00 600.00 0.00 1
CELL 160.00 600.00 300.00 1
CELL 160.00 610.00 0.00 1
CELL 160.00 610.00 300.00 1
CELL 160.00 620.00 0.00 1
CELL 160.00 620.00 300.00 1
CELL 160.00 630.00 0.00 1
CELL 160.00 630.00 300.00 1
CELL 160.00 640.00 0.00 1
CELL 160.00 640.00 300.00 1
CELL 160.00 650.00 0.00 1
CELL 160.00 650.00 300.00 1
CELL 160.00 660.00 0.00 1
CELL 160.00 660.00 300.00 1
CELL 160.00 670.00 0.00 1
CELL 160.00 670.00 300.00 1
CELL 160.00 680.00 0.00 1
CELL 160.00 680.00 300.00 1
CELL 160.00 690.00 0.00 1
CELL 160.00 690.00 300.00 1
CELL 160.00 700.00 0.00 1
CELL 160.00 700.00 300.00 1
CELL 160.00 710.00 0.00 1
CELL 160.00 710.00 300.00 1
CELL 160.00 720.00 0.00 1
CELL 160.00 720.00 300.00 1
CELL 160.00 730.00 0.00 1
CELL 160.00 730.00 300.00 1
CELL 160.00 740.00 0.00 1
CELL 160.00 740.00 300.00 1
CELL 160.00 750.00 0.00 1
CELL 160.00 750.00 300.00 1
CELL 160.00 760.00 0.00 1
CELL 160.00 760.00 300.00 1
CELL 160.00 770.00 0.00 1
CELL 160.00 770.00 300.00 1
CELL 160.00 780.00 0.00 1
CELL 160.00 780.00 300.00 1
CELL 160.00 790.00 0.00 1
CELL 160.00 790.00 300.00 1
CELL 160.00 800.00 300.00 1
CELL 170.00 0.00 300.00 1
CELL 170.00 10.00 0.00 1
CELL 170.00 10.00 300.00 1
CELL 170.00 20.00 0.00 1
CELL 170.00 20.00 300.00 1
CELL 170.00 30.00 0.00 1
CELL 170.00 30.00 300.00 1
CELL 170.00 40.00 0.00 1
CELL 170.00 40.00 300.00 1
CELL 170.00 50.00 0.00 1
CELL 170.00 50.00 300.00 1
CELL 170.00 60.00 0.00 1
CELL 170.00 60.00 300.00 1
CELL 170.00 70.00 0.00 1
CELL 170.00 70.00 300.00 1
CELL 170.00 80.00 0.00 1
CELL 170.00 80.00 300.00 1
CELL 170.00 90.00 0.00 1
CELL 170.00 90.00 300.00 1
CELL 170.00 100.00 0.00 1
CELL 170.00 100.00 300.00 1
CELL 170.00 110.00 0.00 1
CELL 170.00 110.00 300.00 1
CELL 170.00 120.00 0.00 1
CELL 170.00 120.00 300.00 1
CELL 170.00 130.00 0.00 1
CELL 170.00 130.00 300.00 1
CELL 170.00 140.00 0.00 1
CELL 170.00 140.00 300.00 1
CELL 170.00 150.00 0.00 1
CELL 170.00 150.00 300.00 1
CELL 170.00 160.00 0.00 1
CELL 170.00 160.00 300.00 1
CELL 170.00 170.00 0.00 1
CELL 170.00 170.00 300.00 1
CELL 170.00 180.00 0.00 1
CELL 170.00 180.00 300.00 1
CELL 170.00 190.00 0.00 1
CELL 170.00 190.00 300.00 1
CELL 170.00 200.00 0.00 1
CELL 170.00 200.00 300.00 1
CELL 170.00 210.00 0.00 1
CELL 170.00 210.00 300.00 1
CELL 170.00 220.00 0.00 1
CELL 170.00 220.00 300.00 1
CELL 170.00 230.00 0.00 1
CELL 170.00 230.00 300.00 1
CELL 170.00 240.00 0.00 1
CELL 170.00 240.00 300.00 1
CELL 170.00 250.00 0.00 1
CELL 170.00 250.00 300.00 1
CELL 170.00 260.00 0.00 1
CELL 170.00 260.00 300.00 1
CELL 170.00 270.00 0.00 1
CELL 170.00 270.00 300.00 1
CELL 170.00 280.00 0.00 1
CELL 170.00 280.00 300.00 1
CELL 170.00 290.00 0.00 1
CELL 170.00 290.00 300.00 1
CELL 170.00 300.00 0.00 1
CELL 170.00 300.00 300.00 1
CELL 170.00 310.00 0.00 1
CELL 170.00 310.00 300.00 1
CELL 170.00 320.00 0.00 1
CELL 170.00 320.00 300.00 1
CELL 170.00 330.00 0.00 1
CELL 170.00 330.00 300.00 1
CELL 170.00 340.00 0.00 1
CELL 170.00 340.00 300.00 1
CELL 170.00 350.00 0.00 1
CELL 170.00 350.00 300.00 1
CELL 170.00 360.00 0.00 1
CELL 170.00 360.00 300.00 1
CELL 170.00 370.00 0.00 1
CELL 170.00 370.00 300.00 1
CELL 170.00 380.00 0.00 1
CELL 170.00 380.00 300.00 1
CELL 170.00 390.00 0.00 1
CELL 170.00 390.00 300.00 1
CELL 170.00 400.00 0.00 1
CELL 170.00 400.00 300.00 1
CELL 170.00 410.00 0.00 1
CELL 170.00 410.00 300.00 1
CELL 170.00 420.00 0.00 1
CELL 170.00 420.00 300.00 1
CELL 170.00 430.00 0.00 1
CELL 170.00 430.00 300.00 1
CELL 170.00 440.00 0.00 1
CELL 170.00 440.00 300.00 1
CELL 170.00 450.00 0.00 1
CELL 170.00 450.00 300.00 1
CELL 170.00 460.00 0.00 1
CELL 170.00 460.00 300.00 1
CELL 170.00 470.00 0.00 1
CELL 170.00 470.00 300.00 1
CELL 170.00 480.00 0.00 1
CELL 170.00 480.00 300.00 1
CELL 170.00 490.00 0.00 1
CELL 170.00 490.00 300.00 1
CELL 170.00 500.00 0.00 1
CELL 170.00 500.00 300.00 1
CELL 170.00 510.00 0.00 1
CELL 170.00 510.00 300.00 1
CELL 170.00 520.00 0.00 1
CELL 170.00 520.00 300.00 1
CELL 170.00 530.00 0.00 1
CELL 170.00 530.00 300.00 1
CELL 170.00 540.00 0.00 1
CELL 170.00 540.00 300.00 1
CELL 170.00 550.00 0.00 1
CELL 170.00 550.00 300.00 1
CELL 170.00 560.00 0.00 1
CELL 170.00 560.00 300.00 1
CELL 170.00 570.00 0.00 1
CELL 170.00 570.00 300.00 1
CELL 170.00 580.00 0.00 1
CELL 170.00 580.00 300.00 1
CELL 170.00 590.00 0.00 1
CELL 170.00 590.00 300.00 1
CELL 170.00 600.00 0.00 1
CELL 170.00 600.00 300.00 1
CELL 170.00 610.00 0.00 1
CELL 170.00 610.00 300.00 1
CELL 170.00 620.00 0.00 1
CELL 170.00 620.00 300.00 1
CELL 170.00 630.00 0.00 1
CELL 170.00 630.00 300.00 1
CELL 170.00 640.00 0.00 1
CELL 170.00 640.00 300.00 1
CELL 170.00 650.00 0.00 1
CELL 170.00 650.00 300.00 1
CELL 170.00 660.00 0.00 1
CELL 170.00 660.00 300.00 1
CELL 170.00 670.00 0.00 1
CELL 170.00 670.00 300.00 1
CELL 170.00 680.00 0.00 1
CELL 170.00 680.00 300.00 1
CELL 170.00 690.00 0.00 1
CELL 170.00 690.00 300.00 1
CELL 170.00 700.00 0.00 1
CELL 170.00 700.00 300.00 1
CELL 170.00 710.00 0.00 1
CELL 170.00 710.00 300.00 1
CELL 170.00 720.00 0.00 1
CELL 170.00 720.00 300.00 1
CELL 170.00 730.00 0.00 1
CELL 170.00 730.00 300.00 1
CELL 170.00 740.00 0.00 1
CELL 170.00 740.00 300.00 1
CELL 170.00 750.00 0.00 1
CELL 170.00 750.00 300.00 1
CELL 170.00 760.00 0.00 1
CELL 170.00 760.00 300.00 1
CELL 170.00 770.00 0.00 1
CELL 170.00 770.00 300.00 1
CELL 170.00 780.00 0.00 1
CELL 170.00 780.00 300.00 1
CELL 170.00 790.00 0.00 1
CELL 170.00 790.00 300.00 1
CELL 170.00 800.00 300.00 1
CELL 180.00 0.00 300.00 1
CELL 180.00 10.00 0.00 1
CELL 180.00 10.00 300.00 1
CELL 180.00 20.00 0.00 1
CELL 180.00 20.00 300.00 1
CELL 180.00 30.00 0.00 1
CELL 180.00 30.00 300.00 1
CELL 180.00 40.00 0.00 1
CELL 180.00 40.00 300.00 1
CELL 180.00 50.00 0.00 1
CELL 180.00 50.00 300.00 1
CELL 180.00 60.00 0.00 1
CELL 180.00 60.00 300.00 1
CELL 180.00 70.00 0.00 1
CELL 180.00 70.00 300.00 1
CELL 180.00 80.00 0.00 1
CELL 180.00 80.00 300.00 1
CELL 180.00 90.00 0.00 1
CELL 180.00 90.00 300.00 1
CELL 180.00 100.00 0.00 1
CELL 180.00 100.00 300.00 1
CELL 180.00 110.00 0.00 1
CELL 180.00 110.00 300.00 1
CELL 180.00 120.00 0.00 1
CELL 180.00 120.00 300.00 1
CELL 180.00 130.00 0.00 1
CELL 180.00 130.00 300.00 1
CELL 180.00 140.00 0.00 1
CELL 180.00 140.00 300.00 1
CELL 180.00 150.00 0.00 1
CELL 180.00 150.00 300.00 1
CELL 180.00 160.00 0.00 1
CELL 180.00 160.00 300.00 1
CELL 180.00 170.00 0.00 1
CELL 180.00 170.00 300.00 1
CELL 180.00 180.00 0.00 1
CELL 180.00 180.00 300.00 1
CELL 180.00 190.00 0.00 1
CELL 180.00 190.00 300.00 1
CELL 180.00 200.00 0.00 1
CELL 180.00 200.00 300.00 1
CELL 180.00 210.00 0.00 1
CELL 180.00 210.00 300.00 1
CELL 180.00 220.00 0.00 1
CELL 180.00 220.00 300.00 1
CELL 180.00 230.00 0.00 1
CELL 180.00 230.00 300.00 1
CELL 180.00 240.00 0.00 1
CELL 180.00 240.00 300.00 1
CELL 180.00 250.00 0.00 1
CELL 180.00 250.00 300.00 1
CELL 180.00 260.00 0.00 1
CELL 180.00 260.00 300.00 1
CELL 180.00 270.00 0.00 1
CELL 180.00 270.00 300.00 1
CELL 180.00 280.00 0.00 1
CELL 180.00 280.00 300.00 1
CELL 180.00 290.00 0.00 1
CELL 180.00 290.00 300.00 1
CELL 180.00 300.00 0.00 1
CELL 180.00 300.00 300.00 1
CELL 180.00 310.00 0.00 1
CELL 180.00 310.00 300.00 1
CELL 180.00 320.00 0.00 1
CELL 180.00 320.00 300.00 1
CELL 180.00 330.00 0.00 1
CELL 180.00 330.00 300.00 1
CELL 180.00 340.00 0.00 1
CELL 180.00 340.00 300.00 1
CELL 180.00 350.00 0.00 1
CELL 180.00 350.00 300.00 1
CELL 180.00 360.00 0.00 1
CELL 180.00 360.00 300.00 1
CELL 180.00 370.00 0.00 1
CELL 180.00 370.00 300.00 1
CELL 180.00 380.00 0.00 1
CELL 180.00 380.00 300.00 1
CELL 180.00 390.00 0.00 1
CELL 180.00 390.00 300.00 1
CELL 180.00 400.00 0.00 1
CELL 180.00 400.00 300.00 1
CELL 180.00 410.00 0.00 1
CELL 180.00 410.00 300.00 1
CELL 180.00 420.00 0.00 1
CELL 180.00 420.00 300.00 1
CELL 180.00 430.00 0.00 1
CELL 180.00 430.00 300.00 1
CELL 180.00 440.00 0.00 1
CELL 180.00 440.00 300.00 1
CELL 180.00 450.00 0.00 1
CELL 180.00 450.00 300.00 1
CELL 180.00 460.00 0.00 1
CELL 180.00 460.00 300.00 1
CELL 180.00 470.00 0.00 1
CELL 180.00 470.00 300.00 1
CELL 180.00 480.00 0.00 1
CELL 180.00 480.00 300.00 1
CELL 180.00 490.00 0.00 1
CELL 180.00 490.00 300.00 1
CELL 180.00 500.00 0.00 1
CELL 180.00 500.00 300.00 1
CELL 180.00 510.00 0.00 1
CELL 180.00 510.00 300.00 1
CELL 180.00 520.00 0.00 1
CELL 180.00 520.00 300.00 1
CELL 180.00 530.00 0.00 1
CELL 180.00 530.00 300.00 1
CELL 180.00 540.00 0.00 1
CELL 180.00 540.00 300.00 1
CELL 180.00 550.00 0.00 1
CELL 180.00 550.00 300.00 1
CELL 180.00 560.00 0.00 1
CELL 180.00 560.00 300.00 1
CELL 180.00 570.00 0.00 1
CELL 180.00 570.00 300.00 1
CELL 180.00 580.00 0.00 1
CELL 180.00 580.00 300.00 1
CELL 180.00 590.00 0.00 1
CELL 180.00 590.00 300.00 1
CELL 180.00 600.00 0.00 1
CELL 180.00 600.00 300.00 1
CELL 180.00 610.00 0.00 1
CELL 180.00 610.00 300.00 1
CELL 180.00 620.00 0.00 1
CELL 180.00 620.00 300.00 1
CELL 180.00 630.00 0.00 1
CELL 180.00 630.00 300.00 1
CELL 180.00 640.00 0.00 1
CELL 180.00 640.00 300.00 1
CELL 180.00 650.00 0.00 1
CELL 180.00 650.00 300.00 1
CELL 180.00 660.00 0.00 1
CELL 180.00 660.00 300.00 1
CELL 180.00 670.00 0.00 1
CELL 180.00 670.00 300.00 1
CELL 180.00 680.00 0.00 1
CELL 180.00 680.00 300.00 1
CELL 180.00 690.00 0.00 1
CELL 180.00 690.00 300.00 1
CELL 180.00 700.00 0.00 1
CELL 180.00 700.00 300.00 1
CELL 180.00 710.00 0.00 1
CELL 180.00 710.00 300.00 1
CELL 180.00 720.00 0.00 1
CELL 180.00 720.00 300.00 1
CELL 180.00 730.00 0.00 1
CELL 180.00 730.00 300.00 1
CELL 180.00 740.00 0.00 1
CELL 180.00 740.00 300.00 1
CELL 180.00 750.00 0.00 1
CELL 180.00 750.00 300.00 1
CELL 180.00 760.00 0.00 1
CELL 180.00 760.00 300.00 1
CELL 180.00 770.00 0.00 1
CELL 180.00 770.00 300.00 1
CELL 180.00 780.00 0.00 1
CELL 180.00 780.00 300.00 1
CELL 180.00 790.00 0.00 1
CELL 180.00 790.00 300.00 1
CELL 180.00 800.00 300.00 1
CELL 190.00 0.00 300.00 1
CELL 190.00 10.00 0.00 1
CELL 190.00 10.00 300.00 1
CELL 190.00 20.00 0.00 1
CELL 190.00 20.00 300.00 1
CELL 190.00 30.00 0.00 1
CELL 190.00 30.00 300.00 1
CELL 190.00 40.00 0.00 1
CELL 190.00 40.00 300.00 1
CELL 190.00 50.00 0.00 1
CELL 190.00 50.00 300.00 1
CELL 190.00 60.00 0.00 1
CELL 190.00 60.00 300.00 1
CELL 190.00 70.00 0.00 1
CELL 190.00 70.00 300.00 1
CELL 190.00 80.00 0.00 1
CELL 190.00 80.00 300.00 1
CELL 190.00 90.00 0.00 1
CELL 190.00 90.00 300.00 1
CELL 190.00 100.00 0.00 1
CELL 190.00 100.00 300.00 1
CELL 190.00 110.00 0.00 1
CELL 190.00 110.00 300.00 1
CELL 190.00 120.00 0.00 1
CELL 190.00 120.00 300.00 1
CELL 190.00 130.00 0.00 1
CELL 190.00 130.00 300.00 1
CELL 190.00 140.00 0.00 1
CELL 190.00 140.00 300.00 1
CELL 190.00 150.00 0.00 1
CELL 190.00 150.00 300.00 1
CELL 190.00 160.00 0.00 1
CELL 190.00 160.00 300.00 1
CELL 190.00 170.00 0.00 1
CELL 190.00 170.00 300.00 1
CELL 190.00 180.00 0.00 1
CELL 190.00 180.00 300.00 1
CELL 190.00 190.00 0.00 1
CELL 190.00 190.00 300.00 1
CELL 190.00 200.00 0.00 1
CELL 190.00 200.00 300.00 1
CELL 190.00 210.00 0.00 1
CELL 190.00 210.00 300.00 1
CELL 190.00 220.00 0.00 1
CELL 190.00 220.00 300.00 1
CELL 190.00 230.00 0.00 1
CELL 190.00 230.00 300.00 1
CELL 190.00 240.00 0.00 1
CELL 190.00 240.00 300.00 1
CELL 190.00 250.00 0.00 1
CELL 190.00 250.00 300.00 1
CELL 190.00 260.00 0.00 1
CELL 190.00 260.00 300.00 1
CELL 190.00 270.00 0.00 1
CELL 190.00 270.00 300.00 1
CELL 190.00 280.00 0.00 1
CELL 190.00 280.00 300.00 1
CELL 190.00 290.00 0.00 1
CELL 190.00 290.00 300.00 1
CELL 190.00 300.00 0.00 1
CELL 190.00 300.00 300.00 1
CELL 190.00 310.00 0.00 1
CELL 190.00 310.00 300.00 1
CELL 190.00 320.00 0.00 1
CELL 190.00 320.00 300.00 1
CELL 190.00 330.00 0.00 1
CELL 190.00 330.00 300.00 1
CELL 190.00 340.00 0.00 1
CELL 190.00 340.00 300.00 1
CELL 190.00 350.00 0.00 1
CELL 190.00 350.00 300.00 1
CELL 190.00 360.00 0.00 1
CELL 190.00 360.00 300.00 1
CELL 190.00 370.00 0.00 1
CELL 190.00 370.00 300.00 1
CELL 190.00 380.00 0.00 1
CELL 190.00 380.00 300.00 1
CELL 190.00 390.00 0.00 1
CELL 190.00 390.00 300.00 1
CELL 190.00 400.00 0.00 1
CELL 190.00 400.00 300.00 1
CELL 190.00 410.00 0.00 1
CELL 190.00 410.00 300.00 1
CELL 190.00 420.00 0.00 1
CELL 190.00 420.00 300.00 1
CELL 190.00 430.00 0.00 1
CELL 190.00 430.00 300.00 1
CELL 190.00 440.00 0.00 1
CELL 190.00 440.00 300.00 1
CELL 190.00 450.00 0.00 1
CELL 190.00 450.00 300.00 1
CELL 190.00 460.00 0.00 1
CELL 190.00 460.00 300.00 1
CELL 190.00 470.00 0.00 1
CELL 190.00 470.00 300.00 1
CELL 190.00 480.00 0.00 1
CELL 190.00 480.00 300.00 1
CELL 190.00 490.00 0.00 1
CELL 190.00 490.00 300.00 1
CELL 190.00 500.00 0.00 1
CELL 190.00 500.00 300.00 1
CELL 190.00 510.00 0.00 1
CELL 190.00 510.00 300.00 1
CELL 190.00 520.00 0.00 1
CELL 190.00 520.00 300.00 1
CELL 190.00 530.00 0.00 1
CELL 190.00 530.00 300.00 1
CELL 190.00 540.00 0.00 1
CELL 190.00 540.00 300.00 1
CELL 190.00 550.00 0.00 1
CELL 190.00 550.00 300.00 1
CELL 190.00 560.00 0.00 1
CELL 190.00 560.00 300.00 1
CELL 190.00 570.00 0.00 1
CELL 190.00 570.00 300.00 1
CELL 190.00 580.00 0.00 1
CELL 190.00 580.00 300.00 1
CELL 190.00 590.00 0.00 1
CELL 190.00 590.00 300.00 1
CELL 190.00 600.00 0.00 1
CELL 190.00 600.00 300.00 1
CELL 190.00 610.00 0.00 1
CELL 190.00 610.00 300.00 1
CELL 190.00 620.00 0.00 1
CELL 190.00 620.00 300.00 1
CELL 190.00 630.00 0.00 1
CELL 190.00 630.00 300.00 1
CELL 190.00 640.00 0.00 1
CELL 190.00 640.00 300.00 1
CELL 190.00 650.00 0.00 1
CELL 190.00 650.00 300.00 1
CELL 190.00 660.00 0.00 1
CELL 190.00 660.00 300.00 1
CELL 190.00 670.00 0.00 1
CELL 190.00 670.00 300.00 1
CELL 190.00 680.00 0.00 1
CELL 190.00 680.00 300.00 1
CELL 190.00 690.00 0.00 1
CELL 190.00 690.00 300.00 1
CELL 190.00 700.00 0.00 1
CELL 190.00 700.00 300.00 1
CELL 190.00 710.00 0.00 1
CELL 190.00 710.00 300.00 1
CELL 190.00 720.00 0.00 1
CELL 190.00 720.00 300.00 1
CELL 190.00 730.00 0.00 1
CELL 190.00 730.00 300.00 1
CELL 190.00 740.00 0.00 1
CELL 190.00 740.00 300.00 1
CELL 190.00 750.00 0.00 1
CELL 190.00 750.00 300.00 1
CELL 190.00 760.00 0.00 1
CELL 190.00 760.00 300.00 1
CELL 190.00 770.00 0.00 1
CELL 190.00 770.00 300.00 1
CELL 190.00 780.00 0.00 1
CELL 190.00 780.00 300.00 1
CELL 190.00 790.00 0.00 1
CELL 190.00 790.00 300.00 1
CELL 190.00 800.00 300.00 1
CELL 200.00 0.00 300.00 1
CELL 200.00 10.00 0.00 1
CELL 200.00 10.00 300.00 1
CELL 200.00 20.00 0.00 1
CELL 200.00 20.00 300.00 1
CELL 200.00 30.00 0.00 1
CELL 200.00 30.00 300.00 1
CELL 200.00 40.00 0.00 1
CELL 200.00 40.00 300.00 1
CELL 200.00 50.00 0.00 1
CELL 200.00 50.00 300.00 1
CELL 200.00 60.00 0.00 1
CELL 200.00 60.00 300.00 1
CELL 200.00 70.00 0.00 1
CELL 200.00 70.00 300.00 1
CELL 200.00 80.00 0.00 1
CELL 200.00 80.00 300.00 1
CELL 200.00 90.00 0.00 1
CELL 200.00 90.00 300.00 1
CELL 200.00 100.00 0.00 1
CELL 200.00 100.00 300.00 1
CELL 200.00 110.00 0.00 1
CELL 200.00 110.00 300.00 1
CELL 200.00 120.00 0.00 1
CELL 200.00 120.00 300.00 1
CELL 200.00 130.00 0.00 1
CELL 200.00 130.00 300.00 1
CELL 200.00 140.00 0.00 1
CELL 200.00 140.00 300.00 1
CELL 200.00 150.00 0.00 1
CELL 200.00 150.00 300.00 1
CELL 200.00 160.00 0.00 1
CELL 200.00 160.00 300.00 1
CELL 200.00 170.00 0.00 1
CELL 200.00 170.00 300.00 1
CELL 200.00 180.00 0.00 1
CELL 200.00 180.00 300.00 1
CELL 200.00 190.00 0.00 1
CELL 200.00 190.00 300.00 1
CELL 200.00 200.00 0.00 1
CELL 200.00 200.00 300.00 1
CELL 200.00 210.00 0.00 1
CELL 200.00 210.00 300.00 1
CELL 200.00 220.00 0.00 1
CELL 200.00 220.00 300.00 1
CELL 200.00 230.00 0.00 1
CELL 200.00 230.00 300.00 1
CELL 200.00 240.00 0.00 1
CELL 200.00 240.00 300.00 1
CELL 200.00 250.00 0.00 1
CELL 200.00 250.00 300.00 1
CELL 200.00 260.00 0.00 1
CELL 200.00 260.00 300.00 1
CELL 200.00 270.00 0.00 1
CELL 200.00 270.00 300.00 1
CELL 200.00 280.00 0.00 1
CELL 200.00 280.00 300.00 1
CELL 200.00 290.00 0.00 1
CELL 200.00 290.00 300.00 1
CELL 200.00 300.00 0.00 1
CELL 200.00 300.00 300.00 1
CELL 200.00 310.00 0.00 1
CELL 200.00 310.00 300.00 1
CELL 200.00 320.00 0.00 1
CELL 200.00 320.00 300.00 1
CELL 200.00 330.00 0.00 1
CELL 200.00 330.00 300.00 1
CELL 200.00 340.00 0.00 1
CELL 200.00 340.00 300.00 1
CELL 200.00 350.00 0.00 1
CELL 200.00 350.00 300.00 1
CELL 200.00 360.00 0.00 1
CELL 200.00 360.00 300.00 1
CELL 200.00 370.00 0.00 1
CELL 200.00 370.00 300.00 1
CELL 200.00 380.00 0.00 1
CELL 200.00 380.00 300.00 1
CELL 200.00 390.00 0.00 1
CELL 200.00 390.00 300.00 1
CELL 200.00 400.00 0.00 1
CELL 200.00 400.00 300.00 1
CELL 200.00 410.00 0.00 1
CELL 200.00 410.00 300.00 1
CELL 200.00 420.00 0.00 1
CELL 200.00 420.00 300.00 1
CELL 200.00 430.00 0.00 1
CELL 200.00 430.00 300.00 1
CELL 200.00 440.00 0.00 1
CELL 200.00 440.00 300.00 1
CELL 200.00 450.00 0.00 1
CELL 200.00 450.00 300.00 1
CELL 200.00 460.00 0.00 1
CELL 200.00 460.00 300.00 1
CELL 200.00 470.00 0.00 1
CELL 200.00 470.00 300.00 1
CELL 200.00 480.00 0.00 1
CELL 200.00 480.00 300.00 1
CELL 200.00 490.00 0.00 1
CELL 200.00 490.00 300.00 1
CELL 200.00 500.00 0.00 1
CELL 200.00 500.00 300.00 1
CELL 200.00 510.00 0.00 1
CELL 200.00 510.00 300.00 1
CELL 200.00 520.00 0.00 1
CELL 200.00 520.00 300.00 1
CELL 200.00 530.00 0.00 1
CELL 200.00 530.00 300.00 1
CELL 200.00 540.00 0.00 1
CELL 200.00 540.00 300.00 1
CELL 200.00 550.00 0.00 1
CELL 200.00 550.00 300.00 1
CELL 200.00 560.00 0.00 1
CELL 200.00 560.00 300.00 1
CELL 200.00 570.00 0.00 1
CELL 200.00 570.00 300.00 1
CELL 200.00 580.00 0.00 1
CELL 200.00 580.00 300.00 1
CELL 200.00 590.00 0.00 1
CELL 200.00 590.00 300.00 1
CELL 200.00 600.00 0.00 1
CELL 200.00 600.00 300.00 1
CELL 200.00 610.00 0.00 1
CELL 200.00 610.00 300.00 1
CELL 200.00 620.00 0.00 1
CELL 200.00 620.00 300.00 1
CELL 200.00 630.00 0.00 1
CELL 200.00 630.00 300.00 1
CELL 200.00 640.00 0.00 1
CELL 200.00 640.00 300.00 1
CELL 200.00 650.00 0.00 1
CELL 200.00 650.00 300.00 1
CELL 200.00 660.00 0.00 1
CELL 200.00 660.00 300.00 1
CELL 200.00 670.00 0.00 1
CELL 200.00 670.00 300.00 1
CELL 200.00 680.00 0.00 1
CELL 200.00 680.00 300.00 1
CELL 200.00 690.00 0.00 1
CELL 200.00 690.00 300.00 1
CELL 200.00 700.00 0.00 1
CELL 200.00 700.00 300.00 1
CELL 200.00 710.00 0.00 1
CELL 200.00 710.00 300.00 1
CELL 200.00 720.00 0.00 1
CELL 200.00 720.00 300.00 1
CELL 200.00 730.00 0.00 1
CELL 200.00 730.00 300.00 1
CELL 200.00 740.00 0.00 1
CELL 200.00 740.00 300.00 1
CELL 200.00 750.00 0.00 1
CELL 200.00 750.00 300.00 1
CELL 200.00 760.00 0.00 1
CELL 200.00 760.00 300.00 1
CELL 200.00 770.00 0.00 1
CELL 200.00 770.00 300.00 1
CELL 200.00 780.00 0.00 1
CELL 200.00 780.00 300.00 1
CELL 200.00 790.00 0.00 1
CELL 200.00 790.00 300.00 1
CELL 200.00 800.00 300.00 1
CELL 210.00 0.00 300.00 1
CELL 210.00 10.00 0.00 1
CELL 210.00 10.00 300.00 1
CELL 210.00 20.00 0.00 1
CELL 210.00 20.00 300.00 1
CELL 210.00 30.00 0.00 1
CELL 210.00 30.00 300.00 1
CELL 210.00 40.00 0.00 1
CELL 210.00 40.00 300.00 1
CELL 210.00 50.00 0.00 1
CELL 210.00 50.00 300.00 1
CELL 210.00 60.00 0.00 1
CELL 210.00 60.00 300.00 1
CELL 210.00 70.00 0.00 1
CELL 210.00 70.00 300.00 1
CELL 210.00 80.00 0.00 1
CELL 210.00 80.00 300.00 1
CELL 210.00 90.00 0.00 1
CELL 210.00 90.00 300.00 1
CELL 210.00 100.00 0.00 1
CELL 210.00 100.00 300.00 1
CELL 210.00 110.00 0.00 1
CELL 210.00 110.00 300.00 1
CELL 210.00 120.00 0.00 1
CELL 210.00 120.00 300.00 1
CELL 210.00 130.00 0.00 1
CELL 210.00 130.00 300.00 1
CELL 210.00 140.00 0.00 1
CELL 210.00 140.00 300.00 1
CELL 210.00 150.00 0.00 1
CELL 210.00 150.00 300.00 1
CELL 210.00 160.00 0.00 1
CELL 210.00 160.00 300.00 1
CELL 210.00 170.00 0.00 1
CELL 210.00 170.00 300.00 1
CELL 210.00 180.00 0.00 1
CELL 210.00 180.00 300.00 1
CELL 210.00 190.00 0.00 1
CELL 210.00 190.00 300.00 1
CELL 210.00 200.00 0.00 1
CELL 210.00 200.00 300.00 1
CELL 210.00 210.00 0.00 1
CELL 210.00 210.00 300.00 1
CELL 210.00 220.00 0.00 1
CELL 210.00 220.00 300.00 1
CELL 210.00 230.00 0.00 1
CELL 210.00 230.00 300.00 1
CELL 210.00 240.00 0.00 1
CELL 210.00 240.00 300.00 1
CELL 210.00 250.00 0.00 1
CELL 210.00 250.00 300.00 1
CELL 210.00 260.00 0.00 1
CELL 210.00 260.00 300.00 1
CELL 210.00 270.00 0.00 1
CELL 210.00 270.00 300.00 1
CELL 210.00 280.00 0.00 1
CELL 210.00 280.00 300.00 1
CELL 210.00 290.00 0.00 1
CELL 210.00 290.00 300.00 1
CELL 210.00 300.00 0.00 1
CELL 210.00 300.00 300.00 1
CELL 210.00 310.00 0.00 1
CELL 210.00 310.00 300.00 1
CELL 210.00 320.00 0.00 1
CELL 210.00 320.00 300.00 1
CELL 210.00 330.00 0.00 1
CELL 210.00 330.00 300.00 1
CELL 210.00 340.00 0.00 1
CELL 210.00 340.00 300.00 1
CELL 210.00 350.00 0.00 1
CELL 210.00 350.00 300.00 1
CELL 210.00 360.00 0.00 1
CELL 210.00 360.00 300.00 1
CELL 210.00 370.00 0.00 1
CELL 210.00 370.00 300.00 1
CELL 210.00 380.00 0.00 1
CELL 210.00 380.00 300.00 1
CELL 210.00 390.00 0.00 1
CELL 210.00 390.00 300.00 1
CELL 210.00 400.00 0.00 1
CELL 210.00 400.00 300.00 1
CELL 210.00 410.00 0.00 1
CELL 210.00 410.00 300.00 1
CELL 210.00 420.00 0.00 1
CELL 210.00 420.00 300.00 1
CELL 210.00 430.00 0.00 1
CELL 210.00 430.00 300.00 1
CELL 210.00 440.00 0.00 1
CELL 210.00 440.00 300.00 1
CELL 210.00 450.00 0.00 1
CELL 210.00 450.00 300.00 1
CELL 210.00 460.00 0.00 1
CELL 210.00 460.00 300.00 1
CELL 210.00 470.00 0.00 1
CELL 210.00 470.00 300.00 1
CELL 210.00 480.00 0.00 1
CELL 210.00 480.00 300.00 1
CELL 210.00 490.00 0.00 1
CELL 210.00 490.00 300.00 1
CELL 210.00 500.00 0.00 1
CELL 210.00 500.00 300.00 1
CELL 210.00 510.00 0.00 1
CELL 210.00 510.00 300.00 1
CELL 210.00 520.00 0.00 1
CELL 210.00 520.00 300.00 1
CELL 210.00 530.00 0.00 1
CELL 210.00 530.00 300.00 1
CELL 210.00 540.00 0.00 1
CELL 210.00 540.00 300.00 1
CELL 210.00 550.00 0.00 1
CELL 210.00 550.00 300.00 1
CELL 210.00 560.00 0.00 1
CELL 210.00 560.00 300.00 1
CELL 210.00 570.00 0.00 1
CELL 210.00 570.00 300.00 1
CELL 210.00 580.00 0.00 1
CELL 210.00 580.00 300.00 1
CELL 210.00 590.00 0.00 1
CELL 210.00 590.00 300.00 1
CELL 210.00 600.00 0.00 1
CELL 210.00 600.00 300.00 1
CELL 210.00 610.00 0.00 1
CELL 210.00 610.00 300.00 1
CELL 210.00 620.00 0.00 1
CELL 210.00 620.00 300.00 1
CELL 210.00 630.00 0.00 1
CELL 210.00 630.00 300.00 1
CELL 210.00 640.00 0.00 1
CELL 210.00 640.00 300.00 1
CELL 210.00 650.00 0.00 1
CELL 210.00 650.00 300.00 1
CELL 210.00 660.00 0.00 1
CELL 210.00 660.00 300.00 1
CELL 210.00 670.00 0.00 1
CELL 210.00 670.00 300.00 1
CELL 210.00 680.00 0.00 1
CELL 210.00 680.00 300.00 1
CELL 210.00 690.00 0.00 1
CELL 210.00 690.00 300.00 1
CELL 210.00 700.00 0.00 1
CELL 210.00 700.00 300.00 1
CELL 210.00 710.00 0.00 1
CELL 210.00 710.00 300.00 1
CELL 210.00 720.00 0.00 1
CELL 210.00 720.00 300.00 1
CELL 210.00 730.00 0.00 1
CELL 210.00 730.00 300.00 1
CELL 210.00 740.00 0.00 1
CELL 210.00 740.00 300.00 1
CELL 210.00 750.00 0.00 1
CELL 210.00 750.00 300.00 1
CELL 210.00 760.00 0.00 1
CELL 210.00 760.00 300.00 1
CELL 210.00 770.00 0.00 1
CELL 210.00 770.00 300.00 1
CELL 210.00 780.00 0.00 1
CELL 210.00 780.00 300.00 1
CELL 210.00 790.00 0.00 1
CELL 210.00 790.00 300.00 1
CELL 210.00 800.00 300.00 1
CELL 220.00 0.00 300.00 1
CELL 220.00 10.00 0.00 1
CELL 220.00 10.00 300.00 1
CELL 220.00 20.00 0.00 1
CELL 220.00 20.00 300.00 1
CELL 220.00 30.00 0.00 1
CELL 220.00 30.00 300.00 1
CELL 220.00 40.00 0.00 1
CELL 220.00 40.00 300.00 1
CELL 220.00 50.00 0.00 1
CELL 220.00 50.00 300.00 1
CELL 220.00 60.00 0.00 1
CELL 220.00 60.00 300.00 1
CELL 220.00 70.00 0.00 1
CELL 220.00 70.00 300.00 1
CELL 220.00 80.00 0.00 1
CELL 220.00 80.00 300.00 1
CELL 220.00 90.00 0.00 1
CELL 220.00 90.00 300.00 1
CELL 220.00 100.00 0.00 1
CELL 220.00 100.00 300.00 1
CELL 220.00 110.00 0.00 1
CELL 220.00 110.00 300.00 1
CELL 220.00 120.00 0.00 1
CELL 220.00 120.00 300.00 1
CELL 220.00 130.00 0.00 1
CELL 220.00 130.00 300.00 1
CELL 220.00 140.00 0.00 1
CELL 220.00 140.00 300.00 1
CELL 220.00 150.00 0.00 1
CELL 220.00 150.00 300.00 1
CELL 220.00 160.00 0.00 1
CELL 220.00 160.00 300.00 1
CELL 220.00 170.00 0.00 1
CELL 220.00 170.00 300.00 1
CELL 220.00 180.00 0.00 1
CELL 220.00 180.00 300.00 1
CELL 220.00 190.00 0.00 1
CELL 220.00 190.00 300.00 1
CELL 220.00 200.00 0.00 1
CELL 220.00 200.00 300.00 1
CELL 220.00 210.00 0.00 1
CELL 220.00 210.00 300.00 1
CELL 220.00 220.00 0.00 1
CELL 220.00 220.00 300.00 1
CELL 220.00 230.00 0.00 1
CELL 220.00 230.00 300.00 1
CELL 220.00 240.00 0.00 1
CELL 220.00 240.00 300.00 1
CELL 220.00 250.00 0.00 1
CELL 220.00 250.00 300.00 1
CELL 220.00 260.00 0.00 1
CELL 220.00 260.00 300.00 1
CELL 220.00 270.00 0.00 1
CELL 220.00 270.00 300.00 1
CELL 220.00 280.00 0.00 1
CELL 220.00 280.00 300.00 1
CELL 220.00 290.00 0.00 1
CELL 220.00 290.00 300.00 1
CELL 220.00 300.00 0.00 1
CELL 220.00 300.00 300.00 1
CELL 220.00 310.00 0.00 1
CELL 220.00 310.00 300.00 1
CELL 220.00 320.00 0.00 1
CELL 220.00 320.00 300.00 1
CELL 220.00 330.00 0.00 1
CELL 220.00 330.00 300.00 1
CELL 220.00 340.00 0.00 1
CELL 220.00 340.00 300.00 1
CELL 220.00 350.00 0.00 1
CELL 220.00 350.00 300.00 1
CELL 220.00 360.00 0.00 1
CELL 220.00 360.00 300.00 1
CELL 220.00 370.00 0.00 1
CELL 220.00 370.00 300.00 1
CELL 220.00 380.00 0.00 1
CELL 220.00 380.00 300.00 1
CELL 220.00 390.00 0.00 1
CELL 220.00 390.00 300.00 1
CELL 220.00 400.00 0.00 1
CELL 220.00 400.00 300.00 1
CELL 220.00 410.00 0.00 1
CELL 220.00 410.00 300.00 1
CELL 220.00 420.00 0.00 1
CELL 220.00 420.00 300.00 1
CELL 220.00 430.00 0.00 1
CELL 220.00 430.00 300.00 1
CELL 220.00 440.00 0.00 1
CELL 220.00 440.00 300.00 1
CELL 220.00 450.00 0.00 1
CELL 220.00 450.00 300.00 1
CELL 220.00 460.00 0.00 1
CELL 220.00 460.00 300.00 1
CELL 220.00 470.00 0.00 1
CELL 220.00 470.00 300.00 1
CELL 220.00 480.00 0.00 1
CELL 220.00 480.00 300.00 1
CELL 220.00 490.00 0.00 1
CELL 220.00 490.00 300.00 1
CELL 220.00 500.00 0.00 1
CELL 220.00 500.00 300.00 1
CELL 220.00 510.00 0.00 1
CELL 220.00 510.00 300.00 1
CELL 220.00 520.00 0.00 1
CELL 220.00 520.00 300.00 1
CELL 220.00 530.00 0.00 1
CELL 220.00 530.00 300.00 1
CELL 220.00 540.00 0.00 1
CELL 220.00 540.00 300.00 1
CELL 220.00 550.00 0.00 1
CELL 220.00 550.00 300.00 1
CELL 220.00 560.00 0.00 1
CELL 220.00 560.00 300.00 1
CELL 220.00 570.00 0.00 1
CELL 220.00 570.00 300.00 1
CELL 220.00 580.00 0.00 1
CELL 220.00 580.00 300.00 1
CELL 220.00 590.00 0.00 1
CELL 220.00 590.00 300.00 1
CELL 220.00 600.00 0.00 1
CELL 220.00 600.00 300.00 1
CELL 220.00 610.00 0.00 1
CELL 220.00 610.00 300.00 1
CELL 220.00 620.00 0.00 1
CELL 220.00 620.00 300.00 1
CELL 220.00 630.00 0.00 1
CELL 220.00 630.00 300.00 1
CELL 220.00 640.00 0.00 1
CELL 220.00 640.00 300.00 1
CELL 220.00 650.00 0.00 1
CELL 220.00 650.00 300.00 1
CELL 220.00 660.00 0.00 1
CELL 220.00 660.00 300.00 1
CELL 220.00 670.00 0.00 1
CELL 220.00 670.00 300.00 1
CELL 220.00 680.00 0.00 1
CELL 220.00 680.00 300.00 1
CELL 220.00 690.00 0.00 1
CELL 220.00 690.00 300.00 1
CELL 220.00 700.00 0.00 1
CELL 220.00 700.00 300.00 1
CELL 220.00 710.00 0.00 1
CELL 220.00 710.00 300.00 1
CELL 220.00 720.00 0.00 1
CELL 220.00 720.00 300.00 1
CELL 220.00 730.00 0.00 1
CELL 220.00 730.00 300.00 1
CELL 220.00 740.00 0.00 1
CELL 220.00 740.00 300.00 1
CELL 220.00 750.00 0.00 1
CELL 220.00 750.00 300.00 1
CELL 220.00 760.00 0.00 1
CELL 220.00 760.00 300.00 1
CELL 220.00 770.00 0.00 1
CELL 220.00 770.00 300.00 1
CELL 220.00 780.00 0.00 1
CELL 220.00 780.00 300.00 1
CELL 220.00 790.00 0.00 1
CELL 220.00 790.00 300.00 1
CELL 220.00 800.00 300.00 1
CELL 230.00 0.00 300.00 1
CELL 230.00 10.00 0.00 1
CELL 230.00 10.00 300.00 1
CELL 230.00 20.00 0.00 1
CELL 230.00 20.00 300.00 1
CELL 230.00 30.00 0.00 1
CELL 230.00 30.00 300.00 1
CELL 230.00 40.00 0.00 1
CELL 230.00 40.00 300.00 1
CELL 230.00 50.00 0.00 1
CELL 230.00 50.00 300.00 1
CELL 230.00 60.00 0.00 1
CELL 230.00 60.00 300.00 1
CELL 230.00 70.00 0.00 1
CELL 230.00 70.00 300.00 1
CELL 230.00 80.00 0.00 1
CELL 230.00 80.00 300.00 1
CELL 230.00 90.00 0.00 1
CELL 230.00 90.00 300.00 1
CELL 230.00 100.00 0.00 1
CELL 230.00 100.00 300.00 1
CELL 230.00 110.00 0.00 1
CELL 230.00 110.00 300.00 1
CELL 230.00 120.00 0.00 1
CELL 230.00 120.00 300.00 1
CELL 230.00 130.00 0.00 1
CELL 230.00 130.00 300.00 1
CELL 230.00 140.00 0.00 1
CELL 230.00 140.00 300.00 1
CELL 230.00 150.00 0.00 1
CELL 230.00 150.00 300.00 1
CELL 230.00 160.00 0.00 1
CELL 230.00 160.00 300.00 1
CELL 230.00 170.00 0.00 1
CELL 230.00 170.00 300.00 1
CELL 230.00 180.00 0.00 1
CELL 230.00 180.00 300.00 1
CELL 230.00 190.00 0.00 1
CELL 230.00 190.00 300.00 1
CELL 230.00 200.00 0.00 1
CELL 230.00 200.00 300.00 1
CELL 230.00 210.00 0.00 1
CELL 230.00 210.00 300.00 1
CELL 230.00 220.00 0.00 1
CELL 230.00 220.00 300.00 1
CELL 230.00 230.00 0.00 1
CELL 230.00 230.00 300.00 1
CELL 230.00 240.00 0.00 1
CELL 230.00 240.00 300.00 1
CELL 230.00 250.00 0.00 1
CELL 230.00 250.00 300.00 1
CELL 230.00 260.00 0.00 1
CELL 230.00 260.00 300.00 1
CELL 230.00 270.00 0.00 1
CELL 230.00 270.00 300.00 1
CELL 230.00 280.00 0.00 1
CELL 230.00 280.00 300.00 1
CELL 230.00 290.00 0.00 1
CELL 230.00 290.00 300.00 1
CELL 230.00 300.00 0.00 1
CELL 230.00 300.00 300.00 1
CELL 230.00 310.00 0.00 1
CELL 230.00 310.00 300.00 1
CELL 230.00 320.00 0.00 1
CELL 230.00 320.00 300.00 1
CELL 230.00 330.00 0.00 1
CELL 230.00 330.00 300.00 1
CELL 230.00 340.00 0.00 1
CELL 230.00 340.00 300.00 1
CELL 230.00 350.00 0.00 1
CELL 230.00 350.00 300.00 1
CELL 230.00 360.00 0.00 1
CELL 230.00 360.00 300.00 1
CELL 230.00 370.00 0.00 1
CELL 230.00 370.00 300.00 1
CELL 230.00 380.00 0.00 1
CELL 230.00 380.00 300.00 1
CELL 230.00 390.00 0.00 1
CELL 230.00 390.00 300.00 1
CELL 230.00 400.00 0.00 1
CELL 230.00 400.00 300.00 1
CELL 230.00 410.00 0.00 1
CELL 230.00 410.00 300.00 1
CELL 230.00 420.00 0.00 1
CELL 230.00 420.00 300.00 1
CELL 230.00 430.00 0.00 1
CELL 230.00 430.00 300.00 1
CELL 230.00 440.00 0.00 1
CELL 230.00 440.00 300.00 1
CELL 230.00 450.00 0.00 1
CELL 230.00 450.00 300.00 1
CELL 230.00 460.00 0.00 1
CELL 230.00 460.00 300.00 1
CELL 230.00 470.00 0.00 1
CELL 230.00 470.00 300.00 1
CELL 230.00 480.00 0.00 1
CELL 230.00 480.00 300.00 1
CELL 230.00 490.00 0.00 1
CELL 230.00 490.00 300.00 1
CELL 230.00 500.00 0.00 1
CELL 230.00 500.00 300.00 1
CELL 230.00 510.00 0.00 1
CELL 230.00 510.00 300.00 1
CELL 230.00 520.00 0.00 1
CELL 230.00 520.00 300.00 1
CELL 230.00 530.00 0.00 1
CELL 230.00 530.00 300.00 1
CELL 230.00 540.00 0.00 1
CELL 230.00 540.00 300.00 1
CELL 230.00 550.00 0.00 1
CELL 230.00 550.00 300.00 1
CELL 230.00 560.00 0.00 1
CELL 230.00 560.00 300.00 1
CELL 230.00 570.00 0.00 1
CELL 230.00 570.00 300.00 1
CELL 230.00 580.00 0.00 1
CELL 230.00 580.00 300.00 1
CELL 230.00 590.00 0.00 1
CELL 230.00 590.00 300.00 1
CELL 230.00 600.00 0.00 1
CELL 230.00 600.00 300.00 1
CELL 230.00 610.00 0.00 1
CELL 230.00 610.00 300.00 1
CELL 230.00 620.00 0.00 1
CELL 230.00 620.00 300.00 1
CELL 230.00 630.00 0.00 1
CELL 230.00 630.00 300.00 1
CELL 230.00 640.00 0.00 1
CELL 230.00 640.00 300.00 1
CELL 230.00 650.00 0.00 1
CELL 230.00 650.00 300.00 1
CELL 230.00 660.00 0.00 1
CELL 230.00 660.00 300.00 1
CELL 230.00 670.00 0.00 1
CELL 230.00 670.00 300.00 1
CELL 230.00 680.00 0.00 1
CELL 230.00 680.00 300.00 1
CELL 230.00 690.00 0.00 1
CELL 230.00 690.00 300.00 1
CELL 230.00 700.00 0.00 1
CELL 230.00 700.00 300.00 1
CELL 230.00 710.00 0.00 1
CELL 230.00 710.00 300.00 1
CELL 230.00 720.00 0.00 1
CELL 230.00 720.00 300.00 1
CELL 230.00 730.00 0.00 1
CELL 230.00 730.00 300.00 1
CELL 230.00 740.00 0.00 1
CELL 230.00 740.00 300.00 1
CELL 230.00 750.00 0.00 1
CELL 230.00 750.00 300.00 1
CELL 230.00 760.00 0.00 1
CELL 230.00 760.00 300.00 1
CELL 230.00 770.00 0.00 1
CELL 230.00 770.00 300.00 1
CELL 230.00 780.00 0.00 1
CELL 230.00 780.00 300.00 1
CELL 230.00 790.00 0.00 1
CELL 230.00 790.00 300.00 1
CELL 230.00 800.00 300.00 1
CELL 240.00 0.00 300.00 1
CELL 240.00 10.00 0.00 1
CELL 240.00 10.00 300.00 1
CELL 240.00 20.00 0.00 1
CELL 240.00 20.00 300.00 1
CELL 240.00 30.00 0.00 1
CELL 240.00 30.00 300.00 1
CELL 240.00 40.00 0.00 1
CELL 240.00 40.00 300.00 1
CELL 240.00 50.00 0.00 1
CELL 240.00 50.00 300.00 1
CELL 240.00 60.00 0.00 1
CELL 240.00 60.00 300.00 1
CELL 240.00 70.00 0.00 1
CELL 240.00 70.00 300.00 1
CELL 240.00 80.00 0.00 1
CELL 240.00 80.00 300.00 1
CELL 240.00 90.00 0.00 1
CELL 240.00 90.00 300.00 1
CELL 240.00 100.00 0.00 1
CELL 240.00 100.00 300.00 1
CELL 240.00 110.00 0.00 1
CELL 240.00 110.00 300.00 1
CELL 240.00 120.00 0.00 1
CELL 240.00 120.00 300.00 1
CELL 240.00 130.00 0.00 1
CELL 240.00 130.00 300.00 1
CELL 240.00 140.00 0.00 1
CELL 240.00 140.00 300.00 1
CELL 240.00 150.00 0.00 1
CELL 240.00 150.00 300.00 1
CELL 240.00 160.00 0.00 1
CELL 240.00 160.00 300.00 1
CELL 240.00 170.00 0.00 1
CELL 240.00 170.00 300.00 1
CELL 240.00 180.00 0.00 1
CELL 240.00 180.00 300.00 1
CELL 240.00 190.00 0.00 1
CELL 240.00 190.00 300.00 1
CELL 240.00 200.00 0.00 1
CELL 240.00 200.00 300.00 1
CELL 240.00 210.00 0.00 1
CELL 240.00 210.00 300.00 1
CELL 240.00 220.00 0.00 1
CELL 240.00 220.00 300.00 1
CELL 240.00 230.00 0.00 1
CELL 240.00 230.00 300.00 1
CELL 240.00 240.00 0.00 1
CELL 240.00 240.00 300.00 1
CELL 240.00 250.00 0.00 1
CELL 240.00 250.00 300.00 1
CELL 240.00 260.00 0.00 1
CELL 240.00 260.00 300.00 1
CELL 240.00 270.00 0.00 1
CELL 240.00 270.00 300.00 1
CELL 240.00 280.00 0.00 1
CELL 240.00 280.00 300.00 1
CELL 240.00 290.00 0.00 1
CELL 240.00 290.00 300.00 1
CELL 240.00 300.00 0.00 1
CELL 240.00 300.00 300.00 1
CELL 240.00 310.00 0.00 1
CELL 240.00 310.00 300.00 1
CELL 240.00 320.00 0.00 1
CELL 240.00 320.00 300.00 1
CELL 240.00 330.00 0.00 1
CELL 240.00 330.00 300.00 1
CELL 240.00 340.00 0.00 1
CELL 240.00 340.00 300.00 1
CELL 240.00 350.00 0.00 1
CELL 240.00 350.00 300.00 1
CELL 240.00 360.00 0.00 1
CELL 240.00 360.00 300.00 1
CELL 240.00 370.00 0.00 1
CELL 240.00 370.00 300.00 1
CELL 240.00 380.00 0.00 1
CELL 240.00 380.00 300.00 1
CELL 240.00 390.00 0.00 1
CELL 240.00 390.00 300.00 1
CELL 240.00 400.00 0.00 1
CELL 240.00 400.00 300.00 1
CELL 240.00 410.00 0.00 1
CELL 240.00 410.00 300.00 1
CELL 240.00 420.00 0.00 1
CELL 240.00 420.00 300.00 1
CELL 240.00 430.00 0.00 1
CELL 240.00 430.00 300.00 1
CELL 240.00 440.00 0.00 1
CELL 240.00 440.00 300.00 1
CELL 240.00 450.00 0.00 1
CELL 240.00 450.00 300.00 1
CELL 240.00 460.00 0.00 1
CELL 240.00 460.00 300.00 1
CELL 240.00 470.00 0.00 1
CELL 240.00 470.00 300.00 1
CELL 240.00 480.00 0.00 1
CELL 240.00 480.00 300.00 1
CELL 240.00 490.00 0.00 1
CELL 240.00 490.00 300.00 1
CELL 240.00 500.00 0.00 1
CELL 240.00 500.00 300.00 1
CELL 240.00 510.00 0.00 1
CELL 240.00 510.00 300.00 1
CELL 240.00 520.00 0.00 1
CELL 240.00 520.00 300.00 1
CELL 240.00 530.00 0.00 1
CELL 240.00 530.00 300.00 1
CELL 240.00 540.00 0.00 1
CELL 240.00 540.00 300.00 1
CELL 240.00 550.00 0.00 1
CELL 240.00 550.00 300.00 1
CELL 240.00 560.00 0.00 1
CELL 240.00 560.00 300.00 1
CELL 240.00 570.00 0.00 1
CELL 240.00 570.00 300.00 1
CELL 240.00 580.00 0.00 1
CELL 240.00 580.00 300.00 1
CELL 240.00 590.00 0.00 1
CELL 240.00 590.00 300.00 1
CELL 240.00 600.00 0.00 1
CELL 240.00 600.00 300.00 1
CELL 240.00 610.00 0.00 1
CELL 240.00 610.00 300.00 1
CELL 240.00 620.00 0.00 1
CELL 240.00 620.00 300.00 1
CELL 240.00 630.00 0.00 1
CELL 240.00 630.00 300.00 1
CELL 240.00 640.00 0.00 1
CELL 240.00 640.00 300.00 1
CELL 240.00 650.00 0.00 1
CELL 240.00 650.00 300.00 1
CELL 240.00 660.00 0.00 1
CELL 240.00 660.00 300.00 1
CELL 240.00 670.00 0.00 1
CELL 240.00 670.00 300.00 1
CELL 240.00 680.00 0.00 1
CELL 240.00 680.00 300.00 1
CELL 240.00 690.00 0.00 1
CELL 240.00 690.00 300.00 1
CELL 240.00 700.00 0.00 1
CELL 240.00 700.00 300.00 1
CELL 240.00 710.00 0.00 1
CELL 240.00 710.00 300.00 1
CELL 240.00 720.00 0.00 1
CELL 240.00 720.00 300.00 1
CELL 240.00 730.00 0.00 1
CELL 240.00 730.00 300.00 1
CELL 240.00 740.00 0.00 1
CELL 240.00 740.00 300.00 1
CELL 240.00 750.00 0.00 1
CELL 240.00 750.00 300.00 1
CELL 240.00 760.00 0.00 1
CELL 240.00 760.00 300.00 1
CELL 240.00 770.00 0.00 1
CELL 240.00 770.00 300.00 1
CELL 240.00 780.00 0.00 1
CELL 240.00 780.00 300.00 1
CELL 240.00 790.00 0.00 1
CELL 240.00 790.00 300.00 1
CELL 240.00 800.00 300.00 1
CELL 250.00 0.00 300.00 1
CELL 250.00 10.00 0.00 1
CELL 250.00 10.00 300.00 1
CELL 250.00 20.00 0.00 1
CELL 250.00 20.00 300.00 1
CELL 250.00 30.00 0.00 1
CELL 250.00 30.00 300.00 1
CELL 250.00 40.00 0.00 1
CELL 250.00 40.00 300.00 1
CELL 250.00 50.00 0.00 1
CELL 250.00 50.00 300.00 1
CELL 250.00 60.00 0.00 1
CELL 250.00 60.00 300.00 1
CELL 250.00 70.00 0.00 1
CELL 250.00 70.00 300.00 1
CELL 250.00 80.00 0.00 1
CELL 250.00 80.00 300.00 1
CELL 250.00 90.00 0.00 1
CELL 250.00 90.00 300.00 1
CELL 250.00 100.00 0.00 1
CELL 250.00 100.00 300.00 1
CELL 250.00 110.00 0.00 1
CELL 250.00 110.00 300.00 1
CELL 250.00 120.00 0.00 1
CELL 250.00 120.00 300.00 1
CELL 250.00 130.00 0.00 1
CELL 250.00 130.00 300.00 1
CELL 250.00 140.00 0.00 1
CELL 250.00 140.00 300.00 1
CELL 250.00 150.00 0.00 1
CELL 250.00 150.00 300.00 1
CELL 250.00 160.00 0.00 1
CELL 250.00 160.00 300.00 1
CELL 250.00 170.00 0.00 1
CELL 250.00 170.00 300.00 1
CELL 250.00 180.00 0.00 1
CELL 250.00 180.00 300.00 1
CELL 250.00 190.00 0.00 1
CELL 250.00 190.00 300.00 1
CELL 250.00 200.00 0.00 1
CELL 250.00 200.00 300.00 1
CELL 250.00 210.00 0.00 1
CELL 250.00 210.00 300.00 1
CELL 250.00 220.00 0.00 1
CELL 250.00 220.00 300.00 1
CELL 250.00 230.00 0.00 1
CELL 250.00 230.00 300.00 1
CELL 250.00 240.00 0.00 1
CELL 250.00 240.00 300.00 1
CELL 250.00 250.00 0.00 1
CELL 250.00 250.00 300.00 1
CELL 250.00 260.00 0.00 1
CELL 250.00 260.00 300.00 1
CELL 250.00 270.00 0.00 1
CELL 250.00 270.00 300.00 1
CELL 250.00 280.00 0.00 1
CELL 250.00 280.00 300.00 1
CELL 250.00 290.00 0.00 1
CELL 250.00 290.00 300.00 1
CELL 250.00 300.00 0.00 1
CELL 250.00 300.00 300.00 1
CELL 250.00 310.00 0.00 1
CELL 250.00 310.00 300.00 1
CELL 250.00 320.00 0.00 1
CELL 250.00 320.00 300.00 1
CELL 250.00 330.00 0.00 1
CELL 250.00 330.00 300.00 1
CELL 250.00 340.00 0.00 1
CELL 250.00 340.00 300.00 1
CELL 250.00 350.00 0.00 1
CELL 250.00 350.00 300.00 1
CELL 250.00 360.00 0.00 1
CELL 250.00 360.00 300.00 1
CELL 250.00 370.00 0.00 1
CELL 250.00 370.00 300.00 1
CELL 250.00 380.00 0.00 1
CELL 250.00 380.00 300.00 1
CELL 250.00 390.00 0.00 1
CELL 250.00 390.00 300.00 1
CELL 250.00 400.00 0.00 1
CELL 250.00 400.00 300.00 1
CELL 250.00 410.00 0.00 1
CELL 250.00 410.00 300.00 1
CELL 250.00 420.00 0.00 1
CELL 250.00 420.00 300.00 1
CELL 250.00 430.00 0.00 1
CELL 250.00 430.00 300.00 1
CELL 250.00 440.00 0.00 1
CELL 250.00 440.00 300.00 1
CELL 250.00 450.00 0.00 1
CELL 250.00 450.00 300.00 1
CELL 250.00 460.00 0.00 1
CELL 250.00 460.00 300.00 1
CELL 250.00 470.00 0.00 1
CELL 250.00 470.00 300.00 1
CELL 250.00 480.00 0.00 1
CELL 250.00 480.00 300.00 1
CELL 250.00 490.00 0.00 1
CELL 250.00 490.00 300.00 1
CELL 250.00 500.00 0.00 1
CELL 250.00 500.00 300.00 1
CELL 250.00 510.00 0.00 1
CELL 250.00 510.00 300.00 1
CELL 250.00 520.00 0.00 1
CELL 250.00 520.00 300.00 1
CELL 250.00 530.00 0.00 1
CELL 250.00 530.00 300.00 1
CELL 250.00 540.00 0.00 1
CELL 250.00 540.00 300.00 1
CELL 250.00 550.00 0.00 1
CELL 250.00 550.00 300.00 1
CELL 250.00 560.00 0.00 1
CELL 250.00 560.00 300.00 1
CELL 250.00 570.00 0.00 1
CELL 250.00 570.00 300.00 1
CELL 250.00 580.00 0.00 1
CELL 250.00 580.00 300.00 1
CELL 250.00 590.00 0.00 1
CELL 250.00 590.00 300.00 1
CELL 250.00 600.00 0.00 1
CELL 250.00 600.00 300.00 1
CELL 250.00 610.00 0.00 1
CELL 250.00 610.00 300.00 1
CELL 250.00 620.00 0.00 1
CELL 250.00 620.00 300.00 1
CELL 250.00 630.00 0.00 1
CELL 250.00 630.00 300.00 1
CELL 250.00 640.00 0.00 1
CELL 250.00 640.00 300.00 1
CELL 250.00 650.00 0.00 1
CELL 250.00 650.00 300.00 1
CELL 250.00 660.00 0.00 1
CELL 250.00 660.00 300.00 1
CELL 250.00 670.00 0.00 1
CELL 250.00 670.00 300.00 1
CELL 250.00 680.00 0.00 1
CELL 250.00 680.00 300.00 1
CELL 250.00 690.00 0.00 1
CELL 250.00 690.00 300.00 1
CELL 250.00 700.00 0.00 1
CELL 250.00 700.00 300.00 1
CELL 250.00 710.00 0.00 1
CELL 250.00 710.00 300.00 1
CELL 250.00 720.00 0.00 1
CELL 250.00 720.00 300.00 1
CELL 250.00 730.00 0.00 1
CELL 250.00 730.00 300.00 1
CELL 250.00 740.00 0.00 1
CELL 250.00 740.00 300.00 1
CELL 250.00 750.00 0.00 1
CELL 250.00 750.00 300.00 1
CELL 250.00 760.00 0.00 1
CELL 250.00 760.00 300.00 1
CELL 250.00 770.00 0.00 1
CELL 250.00 770.00 300.00 1
CELL 250.00 780.00 0.00 1
CELL 250.00 780.00 300.00 1
CELL 250.00 790.00 0.00 1
CELL 250.00 790.00 300.00 1
CELL 250.00 800.00 300.00 1
CELL 260.00 0.00 300.00 1
CELL 260.00 10.00 0.00 1
CELL 260.00 10.00 300.00 1
CELL 260.00 20.00 0.00 1
CELL 260.00 20.00 300.00 1
CELL 260.00 30.00 0.00 1
CELL 260.00 30.00 300.00 1
CELL 260.00 40.00 0.00 1
CELL 260.00 40.00 300.00 1
CELL 260.00 50.00 0.00 1
CELL 260.00 50.00 300.00 1
CELL 260.00 60.00 0.00 1
CELL 260.00 60.00 300.00 1
CELL 260.00 70.00 0.00 1
CELL 260.00 70.00 300.00 1
CELL 260.00 80.00 0.00 1
CELL 260.00 80.00 300.00 1
CELL 260.00 90.00 0.00 1
CELL 260.00 90.00 300.00 1
CELL 260.00 100.00 0.00 1
CELL 260.00 100.00 300.00 1
CELL 260.00 110.00 0.00 1
CELL 260.00 110.00 300.00 1
CELL 260.00 120.00 0.00 1
CELL 260.00 120.00 300.00 1
CELL 260.00 130.00 0.00 1
CELL 260.00 130.00 300.00 1
CELL 260.00 140.00 0.00 1
CELL 260.00 140.00 300.00 1
CELL 260.00 150.00 0.00 1
CELL 260.00 150.00 300.00 1
CELL 260.00 160.00 0.00 1
CELL 260.00 160.00 300.00 1
CELL 260.00 170.00 0.00 1
CELL 260.00 170.00 300.00 1
CELL 260.00 180.00 0.00 1
CELL 260.00 180.00 300.00 1
CELL 260.00 190.00 0.00 1
CELL 260.00 190.00 300.00 1
CELL 260.00 200.00 0.00 1
CELL 260.00 200.00 300.00 1
CELL 260.00 210.00 0.00 1
CELL 260.00 210.00 300.00 1
CELL 260.00 220.00 0.00 1
CELL 260.00 220.00 300.00 1
CELL 260.00 230.00 0.00 1
CELL 260.00 230.00 300.00 1
CELL 260.00 240.00 0.00 1
CELL 260.00 240.00 300.00 1
CELL 260.00 250.00 0.00 1
CELL 260.00 250.00 300.00 1
CELL 260.00 260.00 0.00 1
CELL 260.00 260.00 300.00 1
CELL 260.00 270.00 0.00 1
CELL 260.00 270.00 300.00 1
CELL 260.00 280.00 0.00 1
CELL 260.00 280.00 300.00 1
CELL 260.00 290.00 0.00 1
CELL 260.00 290.00 300.00 1
CELL 260.00 300.00 0.00 1
CELL 260.00 300.00 300.00 1
CELL 260.00 310.00 0.00 1
CELL 260.00 310.00 300.00 1
CELL 260.00 320.00 0.00 1
CELL 260.00 320.00 300.00 1
CELL 260.00 330.00 0.00 1
CELL 260.00 330.00 300.00 1
CELL 260.00 340.00 0.00 1
CELL 260.00 340.00 300.00 1
CELL 260.00 350.00 0.00 1
CELL 260.00 350.00 300.00 1
CELL 260.00 360.00 0.00 1
CELL 260.00 360.00 300.00 1
CELL 260.00 370.00 0.00 1
CELL 260.00 370.00 300.00 1
CELL 260.00 380.00 0.00 1
CELL 260.00 380.00 300.00 1
CELL 260.00 390.00 0.00 1
CELL 260.00 390.00 300.00 1
CELL 260.00 400.00 0.00 1
CELL 260.00 400.00 300.00 1
CELL 260.00 410.00 0.00 1
CELL 260.00 410.00 300.00 1
CELL 260.00 420.00 0.00 1
CELL 260.00 420.00 300.00 1
CELL 260.00 430.00 0.00 1
CELL 260.00 430.00 300.00 1
CELL 260.00 440.00 0.00 1
CELL 260.00 440.00 300.00 1
CELL 260.00 450.00 0.00 1
CELL 260.00 450.00 300.00 1
CELL 260.00 460.00 0.00 1
CELL 260.00 460.00 300.00 1
CELL 260.00 470.00 0.00 1
CELL 260.00 470.00 300.00 1
CELL 260.00 480.00 0.00 1
CELL 260.00 480.00 300.00 1
CELL 260.00 490.00 0.00 1
CELL 260.00 490.00 300.00 1
CELL 260.00 500.00 0.00 1
CELL 260.00 500.00 300.00 1
CELL 260.00 510.00 0.00 1
CELL 260.00 510.00 300.00 1
CELL 260.00 520.00 0.00 1
CELL 260.00 520.00 300.00 1
CELL 260.00 530.00 0.00 1
CELL 260.00 530.00 300.00 1
CELL 260.00 540.00 0.00 1
CELL 260.00 540.00 300.00 1
CELL 260.00 550.00 0.00 1
CELL 260.00 550.00 300.00 1
CELL 260.00 560.00 0.00 1
CELL 260.00 560.00 300.00 1
CELL 260.00 570.00 0.00 1
CELL 260.00 570.00 300.00 1
CELL 260.00 580.00 0.00 1
CELL 260.00 580.00 300.00 1
CELL 260.00 590.00 0.00 1
CELL 260.00 590.00 300.00 1
CELL 260.00 600.00 0.00 1
CELL 260.00 600.00 300.00 1
CELL 260.00 610.00 0.00 1
CELL 260.00 610.00 300.00 1
CELL 260.00 620.00 0.00 1
CELL 260.00 620.00 300.00 1
CELL 260.00 630.00 0.00 1
CELL 260.00 630.00 300.00 1
CELL 260.00 640.00 0.00 1
CELL 260.00 640.00 300.00 1
CELL 260.00 650.00 0.00 1
CELL 260.00 650.00 300.00 1
CELL 260.00 660.00 0.00 1
CELL 260.00 660.00 300.00 1
CELL 260.00 670.00 0.00 1
CELL 260.00 670.00 300.00 1
CELL 260.00 680.00 0.00 1
CELL 260.00 680.00 300.00 1
CELL 260.00 690.00 0.00 1
CELL 260.00 690.00 300.00 1
CELL 260.00 700.00 0.00 1
CELL 260.00 700.00 300.00 1
CELL 260.00 710.00 0.00 1
CELL 260.00 710.00 300.00 1
CELL 260.00 720.00 0.00 1
CELL 260.00 720.00 300.00 1
CELL 260.00 730.00 0.00 1
CELL 260.00 730.00 300.00 1
CELL 260.00 740.00 0.00 1
CELL 260.00 740.00 300.00 1
CELL 260.00 750.00 0.00 1
CELL 260.00 750.00 300.00 1
CELL 260.00 760.00 0.00 1
CELL 260.00 760.00 300.00 1
CELL 260.00 770.00 0.00 1
CELL 260.00 770.00 300.00 1
CELL 260.00 780.00 0.00 1
CELL 260.00 780.00 300.00 1
CELL 260.00 790.00 0.00 1
CELL 260.00 790.00 300.00 1
CELL 260.00 800.00 300.00 1
CELL 270.00 0.00 300.00 1
CELL 270.00 10.00 0.00 1
CELL 270.00 10.00 300.00 1
CELL 270.00 20.00 0.00 1
CELL 270.00 20.00 300.00 1
CELL 270.00 30.00 0.00 1
CELL 270.00 30.00 300.00 1
CELL 270.00 40.00 0.00 1
CELL 270.00 40.00 300.00 1
CELL 270.00 50.00 0.00 1
CELL 270.00 50.00 300.00 1
CELL 270.00 60.00 0.00 1
CELL 270.00 60.00 300.00 1
CELL 270.00 70.00 0.00 1
CELL 270.00 70.00 300.00 1
CELL 270.00 80.00 0.00 1
CELL 270.00 80.00 300.00 1
CELL 270.00 90.00 0.00 1
CELL 270.00 90.00 300.00 1
CELL 270.00 100.00 0.00 1
CELL 270.00 100.00 300.00 1
CELL 270.00 110.00 0.00 1
CELL 270.00 110.00 300.00 1
CELL 270.00 120.00 0.00 1
CELL 270.00 120.00 300.00 1
CELL 270.00 130.00 0.00 1
CELL 270.00 130.00 300.00 1
CELL 270.00 140.00 0.00 1
CELL 270.00 140.00 300.00 1
CELL 270.00 150.00 0.00 1
CELL 270.00 150.00 300.00 1
CELL 270.00 160.00 0.00 1
CELL 270.00 160.00 300.00 1
CELL 270.00 170.00 0.00 1
CELL 270.00 170.00 300.00 1
CELL 270.00 180.00 0.00 1
CELL 270.00 180.00 300.00 1
CELL 270.00 190.00 0.00 1
CELL 270.00 190.00 300.00 1
CELL 270.00 200.00 0.00 1
CELL 270.00 200.00 300.00 1
CELL 270.00 210.00 0.00 1
CELL 270.00 210.00 300.00 1
CELL 270.00 220.00 0.00 1
CELL 270.00 220.00 300.00 1
CELL 270.00 230.00 0.00 1
CELL 270.00 230.00 300.00 1
CELL 270.00 240.00 0.00 1
CELL 270.00 240.00 300.00 1
CELL 270.00 250.00 0.00 1
CELL 270.00 250.00 300.00 1
CELL 270.00 260.00 0.00 1
CELL 270.00 260.00 300.00 1
CELL 270.00 270.00 0.00 1
CELL 270.00 270.00 300.00 1
CELL 270.00 280.00 0.00 1
CELL 270.00 280.00 300.00 1
CELL 270.00 290.00 0.00 1
CELL 270.00 290.00 300.00 1
CELL 270.00 300.00 0.00 1
CELL 270.00 300.00 300.00 1
CELL 270.00 310.00 0.00 1
CELL 270.00 310.00 300.00 1
CELL 270.00 320.00 0.00 1
CELL 270.00 320.00 300.00 1
CELL 270.00 330.00 0.00 1
CELL 270.00 330.00 300.00 1
CELL 270.00 340.00 0.00 1
CELL 270.00 340.00 300.00 1
CELL 270.00 350.00 0.00 1
CELL 270.00 350.00 300.00 1
CELL 270.00 360.00 0.00 1
CELL 270.00 360.00 300.00 1
CELL 270.00 370.00 0.00 1
CELL 270.00 370.00 300.00 1
CELL 270.00 380.00 0.00 1
CELL 270.00 380.00 300.00 1
CELL 270.00 390.00 0.00 1
CELL 270.00 390.00 300.00 1
CELL 270.00 400.00 0.00 1
CELL 270.00 400.00 300.00 1
CELL 270.00 410.00 0.00 1
CELL 270.00 410.00 300.00 1
CELL 270.00 420.00 0.00 1
CELL 270.00 420.00 300.00 1
CELL 270.00 430.00 0.00 1
CELL 270.00 430.00 300.00 1
CELL 270.00 440.00 0.00 1
CELL 270.00 440.00 300.00 1
CELL 270.00 450.00 0.00 1
CELL 270.00 450.00 300.00 1
CELL 270.00 460.00 0.00 1
CELL 270.00 460.00 300.00 1
CELL 270.00 470.00 0.00 1
CELL 270.00 470.00 300.00 1
CELL 270.00 480.00 0.00 1
CELL 270.00 480.00 300.00 1
CELL 270.00 490.00 0.00 1
CELL 270.00 490.00 300.00 1
CELL 270.00 500.00 0.00 1
CELL 270.00 500.00 300.00 1
CELL 270.00 510.00 0.00 1
CELL 270.00 510.00 300.00 1
CELL 270.00 520.00 0.00 1
CELL 270.00 520.00 300.00 1
CELL 270.00 530.00 0.00 1
CELL 270.00 530.00 300.00 1
CELL 270.00 540.00 0.00 1
CELL 270.00 540.00 300.00 1
CELL 270.00 550.00 0.00 1
CELL 270.00 550.00 300.00 1
CELL 270.00 560.00 0.00 1
CELL 270.00 560.00 300.00 1
CELL 270.00 570.00 0.00 1
CELL 270.00 570.00 300.00 1
CELL 270.00 580.00 0.00 1
CELL 270.00 580.00 300.00 1
CELL 270.00 590.00 0.00 1
CELL 270.00 590.00 300.00 1
CELL 270.00 600.00 0.00 1
CELL 270.00 600.00 300.00 1
CELL 270.00 610.00 0.00 1
CELL 270.00 610.00 300.00 1
CELL 270.00 620.00 0.00 1
CELL 270.00 620.00 300.00 1
CELL 270.00 630.00 0.00 1
CELL 270.00 630.00 300.00 1
CELL 270.00 640.00 0.00 1
CELL 270.00 640.00 300.00 1
CELL 270.00 650.00 0.00 1
CELL 270.00 650.00 300.00 1
CELL 270.00 660.00 0.00 1
CELL 270.00 660.00 300.00 1
CELL 270.00 670.00 0.00 1
CELL 270.00 670.00 300.00 1
CELL 270.00 680.00 0.00 1
CELL 270.00 680.00 300.00 1
CELL 270.00 690.00 0.00 1
CELL 270.00 690.00 300.00 1
CELL 270.00 700.00 0.00 1
CELL 270.00 700.00 300.00 1
CELL 270.00 710.00 0.00 1
CELL 270.00 710.00 300.00 1
CELL 270.00 720.00 0.00 1
CELL 270.00 720.00 300.00 1
CELL 270.00 730.00 0.00 1
CELL 270.00 730.00 300.00 1
CELL 270.00 740.00 0.00 1
CELL 270.00 740.00 300.00 1
CELL 270.00 750.00 0.00 1
CELL 270.00 750.00 300.00 1
CELL 270.00 760.00 0.00 1
CELL 270.00 760.00 300.00 1
CELL 270.00 770.00 0.00 1
CELL 270.00 770.00 300.00 1
CELL 270.00 780.00 0.00 1
CELL 270.00 780.00 300.00 1
CELL 270.00 790.00 0.00 1
CELL 270.00 790.00 300.00 1
CELL 270.00 800.00 300.00 1
CELL 280.00 0.00 300.00 1
CELL 280.00 10.00 0.00 1
CELL 280.00 10.00 300.00 1
CELL 280.00 20.00 0.00 1
CELL 280.00 20.00 300.00 1
CELL 280.00 30.00 0.00 1
CELL 280.00 30.00 300.00 1
CELL 280.00 40.00 0.00 1
CELL 280.00 40.00 300.00 1
CELL 280.00 50.00 0.00 1
CELL 280.00 50.00 300.00 1
CELL 280.00 60.00 0.00 1
CELL 280.00 60.00 300.00 1
CELL 280.00 70.00 0.00 1
CELL 280.00 70.00 300.00 1
CELL 280.00 80.00 0.00 1
CELL 280.00 80.00 300.00 1
CELL 280.00 90.00 0.00 1
CELL 280.00 90.00 300.00 1
CELL 280.00 100.00 0.00 1
CELL 280.00 100.00 300.00 1
CELL 280.00 110.00 0.00 1
CELL 280.00 110.00 300.00 1
CELL 280.00 120.00 0.00 1
CELL 280.00 120.00 300.00 1
CELL 280.00 130.00 0.00 1
CELL 280.00 130.00 300.00 1
CELL 280.00 140.00 0.00 1
CELL 280.00 140.00 300.00 1
CELL 280.00 150.00 0.00 1
CELL 280.00 150.00 300.00 1
CELL 280.00 160.00 0.00 1
CELL 280.00 160.00 300.00 1
CELL 280.00 170.00 0.00 1
CELL 280.00 170.00 300.00 1
CELL 280.00 180.00 0.00 1
CELL 280.00 180.00 300.00 1
CELL 280.00 190.00 0.00 1
CELL 280.00 190.00 300.00 1
CELL 280.00 200.00 0.00 1
CELL 280.00 200.00 300.00 1
CELL 280.00 210.00 0.00 1
CELL 280.00 210.00 300.00 1
CELL 280.00 220.00 0.00 1
CELL 280.00 220.00 300.00 1
CELL 280.00 230.00 0.00 1
CELL 280.00 230.00 300.00 1
CELL 280.00 240.00 0.00 1
CELL 280.00 240.00 300.00 1
CELL 280.00 250.00 0.00 1
CELL 280.00 250.00 300.00 1
CELL 280.00 260.00 0.00 1
CELL 280.00 260.00 300.00 1
CELL 280.00 270.00 0.00 1
CELL 280.00 270.00 300.00 1
CELL 280.00 280.00 0.00 1
CELL 280.00 280.00 300.00 1
CELL 280.00 290.00 0.00 1
CELL 280.00 290.00 300.00 1
CELL 280.00 300.00 0.00 1
CELL 280.00 300.00 300.00 1
CELL 280.00 310.00 0.00 1
CELL 280.00 310.00 300.00 1
CELL 280.00 320.00 0.00 1
CELL 280.00 320.00 300.00 1
CELL 280.00 330.00 0.00 1
CELL 280.00 330.00 300.00 1
CELL 280.00 340.00 0.00 1
CELL 280.00 340.00 300.00 1
CELL 280.00 350.00 0.00 1
CELL 280.00 350.00 300.00 1
CELL 280.00 360.00 0.00 1
CELL 280.00 360.00 300.00 1
CELL 280.00 370.00 0.00 1
CELL 280.00 370.00 300.00 1
CELL 280.00 380.00 0.00 1
CELL 280.00 380.00 300.00 1
CELL 280.00 390.00 0.00 1
CELL 280.00 390.00 300.00 1
CELL 280.00 400.00 0.00 1
CELL 280.00 400.00 300.00 1
CELL 280.00 410.00 0.00 1
CELL 280.00 410.00 300.00 1
CELL 280.00 420.00 0.00 1
CELL 280.00 420.00 300.00 1
CELL 280.00 430.00 0.00 1
CELL 280.00 430.00 300.00 1
CELL 280.00 440.00 0.00 1
CELL 280.00 440.00 300.00 1
CELL 280.00 450.00 0.00 1
CELL 280.00 450.00 300.00 1
CELL 280.00 460.00 0.00 1
CELL 280.00 460.00 300.00 1
CELL 280.00 470.00 0.00 1
CELL 280.00 470.00 300.00 1
CELL 280.00 480.00 0.00 1
CELL 280.00 480.00 300.00 1
CELL 280.00 490.00 0.00 1
CELL 280.00 490.00 300.00 1
CELL 280.00 500.00 0.00 1
CELL 280.00 500.00 300.00 1
CELL 280.00 510.00 0.00 1
CELL 280.00 510.00 300.00 1
CELL 280.00 520.00 0.00 1
CELL 280.00 520.00 300.00 1
CELL 280.00 530.00 0.00 1
CELL 280.00 530.00 300.00 1
CELL 280.00 540.00 0.00 1
CELL 280.00 540.00 300.00 1
CELL 280.00 550.00 0.00 1
CELL 280.00 550.00 300.00 1
CELL 280.00 560.00 0.00 1
CELL 280.00 560.00 300.00 1
CELL 280.00 570.00 0.00 1
CELL 280.00 570.00 300.00 1
CELL 280.00 580.00 0.00 1
CELL 280.00 580.00 300.00 1
CELL 280.00 590.00 0.00 1
CELL 280.00 590.00 300.00 1
CELL 280.00 600.00 0.00 1
CELL 280.00 600.00 300.00 1
CELL 280.00 610.00 0.00 1
CELL 280.00 610.00 300.00 1
CELL 280.00 620.00 0.00 1
CELL 280.00 620.00 300.00 1
CELL 280.00 630.00 0.00 1
CELL 280.00 630.00 300.00 1
CELL 280.00 640.00 0.00 1
CELL 280.00 640.00 300.00 1
CELL 280.00 650.00 0.00 1
CELL 280.00 650.00 300.00 1
CELL 280.00 660.00 0.00 1
CELL 280.00 660.00 300.00 1
CELL 280.00 670.00 0.00 1
CELL 280.00 670.00 300.00 1
CELL 280.00 680.00 0.00 1
CELL 280.00 680.00 300.00 1
CELL 280.00 690.00 0.00 1
CELL 280.00 690.00 300.00 1
CELL 280.00 700.00 0.00 1
CELL 280.00 700.00 300.00 1
CELL 280.00 710.00 0.00 1
CELL 280.00 710.00 300.00 1
CELL 280.00 720.00 0.00 1
CELL 280.00 720.00 300.00 1
CELL 280.00 730.00 0.00 1
CELL 280.00 730.00 300.00 1
CELL 280.00 740.00 0.00 1
CELL 280.00 740.00 300.00 1
CELL 280.00 750.00 0.00 1
CELL 280.00 750.00 300.00 1
CELL 280.00 760.00 0.00 1
CELL 280.00 760.00 300.00 1
CELL 280.00 770.00 0.00 1
CELL 280.00 770.00 300.00 1
CELL 280.00 780.00 0.00 1
CELL 280.00 780.00 300.00 1
CELL 280.00 790.00 0.00 1
CELL 280.00 790.00 300.00 1
CELL 280.00 800.00 300.00 1
CELL 290.00 0.00 300.00 1
CELL 290.00 10.00 0.00 1
CELL 290.00 10.00 300.00 1
CELL 290.00 20.00 0.00 1
CELL 290.00 20.00 300.00 1
CELL 290.00 30.00 0.00 1
CELL 290.00 30.00 300.00 1
CELL 290.00 40.00 0.00 1
CELL 290.00 40.00 300.00 1
CELL 290.00 50.00 0.00 1
CELL 290.00 50.00 300.00 1
CELL 290.00 60.00 0.00 1
CELL 290.00 60.00 300.00 1
CELL 290.00 70.00 0.00 1
CELL 290.00 70.00 300.00 1
CELL 290.00 80.00 0.00 1
CELL 290.00 80.00 300.00 1
CELL 290.00 90.00 0.00 1
CELL 290.00 90.00 300.00 1
CELL 290.00 100.00 0.00 1
CELL 290.00 100.00 300.00 1
CELL 290.00 110.00 0.00 1
CELL 290.00 110.00 300.00 1
CELL 290.00 120.00 0.00 1
CELL 290.00 120.00 300.00 1
CELL 290.00 130.00 0.00 1
CELL 290.00 130.00 300.00 1
CELL 290.00 140.00 0.00 1
CELL 290.00 140.00 300.00 1
CELL 290.00 150.00 0.00 1
CELL 290.00 150.00 300.00 1
CELL 290.00 160.00 0.00 1
CELL 290.00 160.00 300.00 1
CELL 290.00 170.00 0.00 1
CELL 290.00 170.00 300.00 1
CELL 290.00 180.00 0.00 1
CELL 290.00 180.00 300.00 1
CELL 290.00 190.00 0.00 1
CELL 290.00 190.00 300.00 1
CELL 290.00 200.00 0.00 1
CELL 290.00 200.00 300.00 1
CELL 290.00 210.00 0.00 1
CELL 290.00 210.00 300.00 1
CELL 290.00 220.00 0.00 1
CELL 290.00 220.00 300.00 1
CELL 290.00 230.00 0.00 1
CELL 290.00 230.00 300.00 1
CELL 290.00 240.00 0.00 1
CELL 290.00 240.00 300.00 1
CELL 290.00 250.00 0.00 1
CELL 290.00 250.00 300.00 1
CELL 290.00 260.00 0.00 1
CELL 290.00 260.00 300.00 1
CELL 290.00 270.00 0.00 1
CELL 290.00 270.00 300.00 1
CELL 290.00 280.00 0.00 1
CELL 290.00 280.00 300.00 1
CELL 290.00 290.00 0.00 1
CELL 290.00 290.00 300.00 1
CELL 290.00 300.00 0.00 1
CELL 290.00 300.00 300.00 1
CELL 290.00 310.00 0.00 1
CELL 290.00 310.00 300.00 1
CELL 290.00 320.00 0.00 1
CELL 290.00 320.00 300.00 1
CELL 290.00 330.00 0.00 1
CELL 290.00 330.00 300.00 1
CELL 290.00 340.00 0.00 1
CELL 290.00 340.00 300.00 1
CELL 290.00 350.00 0.00 1
CELL 290.00 350.00 300.00 1
CELL 290.00 360.00 0.00 1
CELL 290.00 360.00 300.00 1
CELL 290.00 370.00 0.00 1
CELL 290.00 370.00 300.00 1
CELL 290.00 380.00 0.00 1
CELL 290.00 380.00 300.00 1
CELL 290.00 390.00 0.00 1
CELL 290.00 390.00 300.00 1
CELL 290.00 400.00 0.00 1
CELL 290.00 400.00 300.00 1
CELL 290.00 410.00 0.00 1
CELL 290.00 410.00 300.00 1
CELL 290.00 420.00 0.00 1
CELL 290.00 420.00 300.00 1
CELL 290.00 430.00 0.00 1
CELL 290.00 430.00 300.00 1
CELL 290.00 440.00 0.00 1
CELL 290.00 440.00 300.00 1
CELL 290.00 450.00 0.00 1
CELL 290.00 450.00 300.00 1
CELL 290.00 460.00 0.00 1
CELL 290.00 460.00 300.00 1
CELL 290.00 470.00 0.00 1
CELL 290.00 470.00 300.00 1
CELL 290.00 480.00 0.00 1
CELL 290.00 480.00 300.00 1
CELL 290.00 490.00 0.00 1
CELL 290.00 490.00 300.00 1
CELL 290.00 500.00 0.00 1
CELL 290.00 500.00 300.00 1
CELL 290.00 510.00 0.00 1
CELL 290.00 510.00 300.00 1
CELL 290.00 520.00 0.00 1
CELL 290.00 520.00 300.00 1
CELL 290.00 530.00 0.00 1
CELL 290.00 530.00 300.00 1
CELL 290.00 540.00 0.00 1
CELL 290.00 540.00 300.00 1
CELL 290.00 550.00 0.00 1
CELL 290.00 550.00 300.00 1
CELL 290.00 560.00 0.00 1
CELL 290.00 560.00 300.00 1
CELL 290.00 570.00 0.00 1
CELL 290.00 570.00 300.00 1
CELL 290.00 580.00 0.00 1
CELL 290.00 580.00 300.00 1
CELL 290.00 590.00 0.00 1
CELL 290.00 590.00 300.00 1
CELL 290.00 600.00 0.00 1
CELL 290.00 600.00 300.00 1
CELL 290.00 610.00 0.00 1
CELL 290.00 610.00 300.00 1
CELL 290.00 620.00 0.00 1
CELL 290.00 620.00 300.00 1
CELL 290.00 630.00 0.00 1
CELL 290.00 630.00 300.00 1
CELL 290.00 640.00 0.00 1
CELL 290.00 640.00 300.00 1
CELL 290.00 650.00 0.00 1
CELL 290.00 650.00 300.00 1
CELL 290.00 660.00 0.00 1
CELL 290.00 660.00 300.00 1
CELL 290.00 670.00 0.00 1
CELL 290.00 670.00 300.00 1
CELL 290.00 680.00 0.00 1
CELL 290.00 680.00 300.00 1
CELL 290.00 690.00 0.00 1
CELL 290.00 690.00 300.00 1
CELL 290.00 700.00 0.00 1
CELL 290.00 700.00 300.00 1
CELL 290.00 710.00 0.00 1
CELL 290.00 710.00 300.00 1
CELL 290.00 720.00 0.00 1
CELL 290.00 720.00 300.00 1
CELL 290.00 730.00 0.00 1
CELL 290.00 730.00 300.00 1
CELL 290.00 740.00 0.00 1
CELL 290.00 740.00 300.00 1
CELL 290.00 750.00 0.00 1
CELL 290.00 750.00 300.00 1
CELL 290.00 760.00 0.00 1
CELL 290.00 760.00 300.00 1
CELL 290.00 770.00 0.00 1
CELL 290.00 770.00 300.00 1
CELL 290.00 780.00 0.00 1
CELL 290.00 780.00 300.00 1
CELL 290.00 790.00 0.00 1
CELL 290.00 790.00 300.00 1
CELL 290.00 800.00 300.00 1
CELL 300.00 0.00 300.00 1
CELL 300.00 10.00 0.00 1
CELL 300.00 10.00 300.00 1
CELL 300.00 20.00 0.00 1
CELL 300.00 20.00 300.00 1
CELL 300.00 30.00 0.00 1
CELL 300.00 30.00 300.00 1
CELL 300.00 40.00 0.00 1
CELL 300.00 40.00 300.00 1
CELL 300.00 50.00 0.00 1
CELL 300.00 50.00 300.00 1
CELL 300.00 60.00 0.00 1
CELL 300.00 60.00 300.00 1
CELL 300.00 70.00 0.00 1
CELL 300.00 70.00 300.00 1
CELL 300.00 80.00 0.00 1
CELL 300.00 80.00 300.00 1
CELL 300.00 90.00 0.00 1
CELL 300.00 90.00 300.00 1
CELL 300.00 100.00 0.00 1
CELL 300.00 100.00 300.00 1
CELL 300.00 110.00 0.00 1
CELL 300.00 110.00 300.00 1
CELL 300.00 120.00 0.00 1
CELL 300.00 120.00 300.00 1
CELL 300.00 130.00 0.00 1
CELL 300.00 130.00 300.00 1
CELL 300.00 140.00 0.00 1
CELL 300.00 140.00 300.00 1
CELL 300.00 150.00 0.00 1
CELL 300.00 150.00 300.00 1
CELL 300.00 160.00 0.00 1
CELL 300.00 160.00 300.00 1
CELL 300.00 170.00 0.00 1
CELL 300.00 170.00 300.00 1
CELL 300.00 180.00 0.00 1
CELL 300.00 180.00 300.00 1
CELL 300.00 190.00 0.00 1
CELL 300.00 190.00 300.00 1
CELL 300.00 200.00 0.00 1
CELL 300.00 200.00 300.00 1
CELL 300.00 210.00 0.00 1
CELL 300.00 210.00 300.00 1
CELL 300.00 220.00 0.00 1
CELL 300.00 220.00 300.00 1
CELL 300.00 230.00 0.00 1
CELL 300.00 230.00 300.00 1
CELL 300.00 240.00 0.00 1
CELL 300.00 240.00 300.00 1
CELL 300.00 250.00 0.00 1
CELL 300.00 250.00 300.00 1
CELL 300.00 260.00 0.00 1
CELL 300.00 260.00 300.00 1
CELL 300.00 270.00 0.00 1
CELL 300.00 270.00 300.00 1
CELL 300.00 280.00 0.00 1
CELL 300.00 280.00 300.00 1
CELL 300.00 290.00 0.00 1
CELL 300.00 290.00 300.00 1
CELL 300.00 300.00 0.00 1
CELL 300.00 300.00 300.00 1
CELL 300.00 310.00 0.00 1
CELL 300.00 310.00 300.00 1
CELL 300.00 320.00 0.00 1
CELL 300.00 320.00 300.00 1
CELL 300.00 330.00 0.00 1
CELL 300.00 330.00 300.00 1
CELL 300.00 340.00 0.00 1
CELL 300.00 340.00 300.00 1
CELL 300.00 350.00 0.00 1
CELL 300.00 350.00 300.00 1
CELL 300.00 360.00 0.00 1
CELL 300.00 360.00 300.00 1
CELL 300.00 370.00 0.00 1
CELL 300.00 370.00 300.00 1
CELL 300.00 380.00 0.00 1
CELL 300.00 380.00 300.00 1
CELL 300.00 390.00 0.00 1
CELL 300.00 390.00 300.00 1
CELL 300.00 400.00 0.00 1
CELL 300.00 400.00 300.00 1
CELL 300.00 410.00 0.00 1
CELL 300.00 410.00 300.00 1
CELL 300.00 420.00 0.00 1
CELL 300.00 420.00 300.00 1
CELL 300.00 430.00 0.00 1
CELL 300.00 430.00 300.00 1
CELL 300.00 440.00 0.00 1
CELL 300.00 440.00 300.00 1
CELL 300.00 450.00 0.00 1
CELL 300.00 450.00 300.00 1
CELL 300.00 460.00 0.00 1
CELL 300.00 460.00 300.00 1
CELL 300.00 470.00 0.00 1
CELL 300.00 470.00 300.00 1
CELL 300.00 480.00 0.00 1
CELL 300.00 480.00 300.00 1
CELL 300.00 490.00 0.00 1
CELL 300.00 490.00 300.00 1
CELL 300.00 500.00 0.00 1
CELL 300.00 500.00 300.00 1
CELL 300.00 510.00 0.00 1
CELL 300.00 510.00 300.00 1
CELL 300.00 520.00 0.00 1
CELL 300.00 520.00 300.00 1
CELL 300.00 530.00 0.00 1
CELL 300.00 530.00 300.00 1
CELL 300.00 540.00 0.00 1
CELL 300.00 540.00 300.00 1
CELL 300.00 550.00 0.00 1
CELL 300.00 550.00 300.00 1
CELL 300.00 560.00 0.00 1
CELL 300.00 560.00 300.00 1
CELL 300.00 570.00 0.00 1
CELL 300.00 570.00 300.00 1
CELL 300.00 580.00 0.00 1
CELL 300.00 580.00 300.00 1
CELL 300.00 590.00 0.00 1
CELL 300.00 590.00 300.00 1
CELL 300.00 600.00 0.00 1
CELL 300.00 600.00 300.00 1
CELL 300.00 610.00 0.00 1
CELL 300.00 610.00 300.00 1
CELL 300.00 620.00 0.00 1
CELL 300.00 620.00 300.00 1
CELL 300.00 630.00 0.00 1
CELL 300.00 630.00 300.00 1
CELL 300.00 640.00 0.00 1
CELL 300.00 640.00 300.00 1
CELL 300.00 650.00 0.00 1
CELL 300.00 650.00 300.00 1
CELL 300.00 660.00 0.00 1
CELL 300.00 660.00 300.00 1
CELL 300.00 670.00 0.00 1
CELL 300.00 670.00 300.00 1
CELL 300.00 680.00 0.00 1
CELL 300.00 680.00 300.00 1
CELL 300.00 690.00 0.00 1
CELL 300.00 690.00 300.00 1
CELL 300.00 700.00 0.00 1
CELL 300.00 700.00 300.00 1
CELL 300.00 710.00 0.00 1
CELL 300.00 710.00 300.00 1
CELL 300.00 720.00 0.00 1
CELL 300.00 720.00 300.00 1
CELL 300.00 730.00 0.00 1
CELL 300.00 730.00 300.00 1
CELL 300.00 740.00 0.00 1
CELL 300.00 740.00 300.00 1
CELL 300.00 750.00 0.00 1
CELL 300.00 750.00 300.00 1
CELL 300.00 760.00 0.00 1
CELL 300.00 760.00 300.00 1
CELL 300.00 770.00 0.00 1
CELL 300.00 770.00 300.00 1
CELL 300.00 780.00 0.00 1
CELL 300.00 780.00 300.00 1
CELL 300.00 790.00 0.00 1
CELL 300.00 790.00 300.00 1
CELL 300.00 800.00 300.00 1
CELL 310.00 0.00 300.00 1
CELL 310.00 10.00 0.00 1
CELL 310.00 10.00 300.00 1
CELL 310.00 20.00 0.00 1
CELL 310.00 20.00 300.00 1
CELL 310.00 30.00 0.00 1
CELL 310.00 30.00 300.00 1
CELL 310.00 40.00 0.00 1
CELL 310.00 40.00 300.00 1
CELL 310.00 50.00 0.00 1
CELL 310.00 50.00 300.00 1
CELL 310.00 60.00 0.00 1
CELL 310.00 60.00 300.00 1
CELL 310.00 70.00 0.00 1
CELL 310.00 70.00 300.00 1
CELL 310.00 80.00 0.00 1
CELL 310.00 80.00 300.00 1
CELL 310.00 90.00 0.00 1
CELL 310.00 90.00 300.00 1
CELL 310.00 100.00 0.00 1
CELL 310.00 100.00 300.00 1
CELL 310.00 110.00 0.00 1
CELL 310.00 110.00 300.00 1
CELL 310.00 120.00 0.00 1
CELL 310.00 120.00 300.00 1
CELL 310.00 130.00 0.00 1
CELL 310.00 130.00 300.00 1
CELL 310.00 140.00 0.00 1
CELL 310.00 140.00 300.00 1
CELL 310.00 150.00 0.00 1
CELL 310.00 150.00 300.00 1
CELL 310.00 160.00 0.00 1
CELL 310.00 160.00 300.00 1
CELL 310.00 170.00 0.00 1
CELL 310.00 170.00 300.00 1
CELL 310.00 180.00 0.00 1
CELL 310.00 180.00 300.00 1
CELL 310.00 190.00 0.00 1
CELL 310.00 190.00 300.00 1
CELL 310.00 200.00 0.00 1
CELL 310.00 200.00 300.00 1
CELL 310.00 210.00 0.00 1
CELL 310.00 210.00 300.00 1
CELL 310.00 220.00 0.00 1
CELL 310.00 220.00 300.00 1
CELL 310.00 230.00 0.00 1
CELL 310.00 230.00 300.00 1
CELL 310.00 240.00 0.00 1
CELL 310.00 240.00 300.00 1
CELL 310.00 250.00 0.00 1
CELL 310.00 250.00 300.00 1
CELL 310.00 260.00 0.00 1
CELL 310.00 260.00 300.00 1
CELL 310.00 270.00 0.00 1
CELL 310.00 270.00 300.00 1
CELL 310.00 280.00 0.00 1
CELL 310.00 280.00 300.00 1
CELL 310.00 290.00 0.00 1
CELL 310.00 290.00 300.00 1
CELL 310.00 300.00 0.00 1
CELL 310.00 300.00 300.00 1
CELL 310.00 310.00 0.00 1
CELL 310.00 310.00 300.00 1
CELL 310.00 320.00 0.00 1
CELL 310.00 320.00 300.00 1
CELL 310.00 330.00 0.00 1
CELL 310.00 330.00 300.00 1
CELL 310.00 340.00 0.00 1
CELL 310.00 340.00 300.00 1
CELL 310.00 350.00 0.00 1
CELL 310.00 350.00 300.00 1
CELL 310.00 360.00 0.00 1
CELL 310.00 360.00 300.00 1
CELL 310.00 370.00 0.00 1
CELL 310.00 370.00 300.00 1
CELL 310.00 380.00 0.00 1
CELL 310.00 380.00 300.00 1
CELL 310.00 390.00 0.00 1
CELL 310.00 390.00 300.00 1
CELL 310.00 400.00 0.00 1
CELL 310.00 400.00 300.00 1
CELL 310.00 410.00 0.00 1
CELL 310.00 410.00 300.00 1
CELL 310.00 420.00 0.00 1
CELL 310.00 420.00 300.00 1
CELL 310.00 430.00 0.00 1
CELL 310.00 430.00 300.00 1
CELL 310.00 440.00 0.00 1
CELL 310.00 440.00 300.00 1
CELL 310.00 450.00 0.00 1
CELL 310.00 450.00 300.00 1
CELL 310.00 460.00 0.00 1
CELL 310.00 460.00 300.00 1
CELL 310.00 470.00 0.00 1
CELL 310.00 470.00 300.00 1
CELL 310.00 480.00 0.00 1
CELL 310.00 480.00 300.00 1
CELL 310.00 490.00 0.00 1
CELL 310.00 490.00 300.00 1
CELL 310.00 500.00 0.00 1
CELL 310.00 500.00 300.00 1
CELL 310.00 510.00 0.00 1
CELL 310.00 510.00 300.00 1
CELL 310.00 520.00 0.00 1
CELL 310.00 520.00 300.00 1
CELL 310.00 530.00 0.00 1
CELL 310.00 530.00 300.00 1
CELL 310.00 540.00 0.00 1
CELL 310.00 540.00 300.00 1
CELL 310.00 550.00 0.00 1
CELL 310.00 550.00 300.00 1
CELL 310.00 560.00 0.00 1
CELL 310.00 560.00 300.00 1
CELL 310.00 570.00 0.00 1
CELL 310.00 570.00 300.00 1
CELL 310.00 580.00 0.00 1
CELL 310.00 580.00 300.00 1
CELL 310.00 590.00 0.00 1
CELL 310.00 590.00 300.00 1
CELL 310.00 600.00 0.00 1
CELL 310.00 600.00 300.00 1
CELL 310.00 610.00 0.00 1
CELL 310.00 610.00 300.00 1
CELL 310.00 620.00 0.00 1
CELL 310.00 620.00 300.00 1
CELL 310.00 630.00 0.00 1
CELL 310.00 630.00 300.00 1
CELL 310.00 640.00 0.00 1
CELL 310.00 640.00 300.00 1
CELL 310.00 650.00 0.00 1
CELL 310.00 650.00 300.00 1
CELL 310.00 660.00 0.00 1
CELL 310.00 660.00 300.00 1
CELL 310.00 670.00 0.00 1
CELL 310.00 670.00 300.00 1
CELL 310.00 680.00 0.00 1
CELL 310.00 680.00 300.00 1
CELL 310.00 690.00 0.00 1
CELL 310.00 690.00 300.00 1
CELL 310.00 700.00 0.00 1
CELL 310.00 700.00 300.00 1
CELL 310.00 710.00 0.00 1
CELL 310.00 710.00 300.00 1
CELL 310.00 720.00 0.00 1
CELL 310.00 720.00 300.00 1
CELL 310.00 730.00 0.00 1
CELL 310.00 730.00 300.00 1
CELL 310.00 740.00 0.00 1
CELL 310.00 740.00 300.00 1
CELL 310.00 750.00 0.00 1
CELL 310.00 750.00 300.00 1
CELL 310.00 760.00 0.00 1
CELL 310.00 760.00 300.00 1
CELL 310.00 770.00 0.00 1
CELL 310.00 770.00 300.00 1
CELL 310.00 780.00 0.00 1
CELL 310.00 780.00 300.00 1
CELL 310.00 790.00 0.00 1
CELL 310.00 790.00 300.00 1
CELL 310.00 800.00 300.00 1
CELL 320.00 0.00 300.00 1
CELL 320.00 10.00 0.00 1
CELL 320.00 10.00 300.00 1
CELL 320.00 20.00 0.00 1
CELL 320.00 20.00 300.00 1
CELL 320.00 30.00 0.00 1
CELL 320.00 30.00 300.00 1
CELL 320.00 40.00 0.00 1
CELL 320.00 40.00 300.00 1
CELL 320.00 50.00 0.00 1
CELL 320.00 50.00 300.00 1
CELL 320.00 60.00 0.00 1
CELL 320.00 60.00 300.00 1
CELL 320.00 70.00 0.00 1
CELL 320.00 70.00 300.00 1
CELL 320.00 80.00 0.00 1
CELL 320.00 80.00 300.00 1
CELL 320.00 90.00 0.00 1
CELL 320.00 90.00 300.00 1
CELL 320.00 100.00 0.00 1
CELL 320.00 100.00 300.00 1
CELL 320.00 110.00 0.00 1
CELL 320.00 110.00 300.00 1
CELL 320.00 120.00 0.00 1
CELL 320.00 120.00 300.00 1
CELL 320.00 130.00 0.00 1
CELL 320.00 130.00 300.00 1
CELL 320.00 140.00 0.00 1
CELL 320.00 140.00 300.00 1
CELL 320.00 150.00 0.00 1
CELL 320.00 150.00 300.00 1
CELL 320.00 160.00 0.00 1
CELL 320.00 160.00 300.00 1
CELL 320.00 170.00 0.00 1
CELL 320.00 170.00 300.00 1
CELL 320.00 180.00 0.00 1
CELL 320.00 180.00 300.00 1
CELL 320.00 190.00 0.00 1
CELL 320.00 190.00 300.00 1
CELL 320.00 200.00 0.00 1
CELL 320.00 200.00 300.00 1
CELL 320.00 210.00 0.00 1
CELL 320.00 210.00 300.00 1
CELL 320.00 220.00 0.00 1
CELL 320.00 220.00 300.00 1
CELL 320.00 230.00 0.00 1
CELL 320.00 230.00 300.00 1
CELL 320.00 240.00 0.00 1
CELL 320.00 240.00 300.00 1
CELL 320.00 250.00 0.00 1
CELL 320.00 250.00 300.00 1
CELL 320.00 260.00 0.00 1
CELL 320.00 260.00 300.00 1
CELL 320.00 270.00 0.00 1
CELL 320.00 270.00 300.00 1
CELL 320.00 280.00 0.00 1
CELL 320.00 280.00 300.00 1
CELL 320.00 290.00 0.00 1
CELL 320.00 290.00 300.00 1
CELL 320.00 300.00 0.00 1
CELL 320.00 300.00 300.00 1
CELL 320.00 310.00 0.00 1
CELL 320.00 310.00 300.00 1
CELL 320.00 320.00 0.00 1
CELL 320.00 320.00 300.00 1
CELL 320.00 330.00 0.00 1
CELL 320.00 330.00 300.00 1
CELL 320.00 340.00 0.00 1
CELL 320.00 340.00 300.00 1
CELL 320.00 350.00 0.00 1
CELL 320.00 350.00 300.00 1
CELL 320.00 360.00 0.00 1
CELL 320.00 360.00 300.00 1
CELL 320.00 370.00 0.00 1
CELL 320.00 370.00 300.00 1
CELL 320.00 380.00 0.00 1
CELL 320.00 380.00 300.00 1
CELL 320.00 390.00 0.00 1
CELL 320.00 390.00 300.00 1
CELL 320.00 400.00 0.00 1
CELL 320.00 400.00 300.00 1
CELL 320.00 410.00 0.00 1
CELL 320.00 410.00 300.00 1
CELL 320.00 420.00 0.00 1
CELL 320.00 420.00 300.00 1
CELL 320.00 430.00 0.00 1
CELL 320.00 430.00 300.00 1
CELL 320.00 440.00 0.00 1
CELL 320.00 440.00 300.00 1
CELL 320.00 450.00 0.00 1
CELL 320.00 450.00 300.00 1
CELL 320.00 460.00 0.00 1
CELL 320.00 460.00 300.00 1
CELL 320.00 470.00 0.00 1
CELL 320.00 470.00 300.00 1
CELL 320.00 480.00 0.00 1
CELL 320.00 480.00 300.00 1
CELL 320.00 490.00 0.00 1
CELL 320.00 490.00 300.00 1
CELL 320.00 500.00 0.00 1
CELL 320.00 500.00 300.00 1
CELL 320.00 510.00 0.00 1
CELL 320.00 510.00 300.00 1
CELL 320.00 520.00 0.00 1
CELL 320.00 520.00 300.00 1
CELL 320.00 530.00 0.00 1
CELL 320.00 530.00 300.00 1
CELL 320.00 540.00 0.00 1
CELL 320.00 540.00 300.00 1
CELL 320.00 550.00 0.00 1
CELL 320.00 550.00 300.00 1
CELL 320.00 560.00 0.00 1
CELL 320.00 560.00 300.00 1
CELL 320.00 570.00 0.00 1
CELL 320.00 570.00 300.00 1
CELL 320.00 580.00 0.00 1
CELL 320.00 580.00 300.00 1
CELL 320.00 590.00 0.00 1
CELL 320.00 590.00 300.00 1
CELL 320.00 600.00 0.00 1
CELL 320.00 600.00 300.00 1
CELL 320.00 610.00 0.00 1
CELL 320.00 610.00 300.00 1
CELL 320.00 620.00 0.00 1
CELL 320.00 620.00 300.00 1
CELL 320.00 630.00 0.00 1
CELL 320.00 630.00 300.00 1
CELL 320.00 640.00 0.00 1
CELL 320.00 640.00 300.00 1
CELL 320.00 650.00 0.00 1
CELL 320.00 650.00 300.00 1
CELL 320.00 660.00 0.00 1
CELL 320.00 660.00 300.00 1
CELL 320.00 670.00 0.00 1
CELL 320.00 670.00 300.00 1
CELL 320.00 680.00 0.00 1
CELL 320.00 680.00 300.00 1
CELL 320.00 690.00 0.00 1
CELL 320.00 690.00 300.00 1
CELL 320.00 700.00 0.00 1
CELL 320.00 700.00 300.00 1
CELL 320.00 710.00 0.00 1
CELL 320.00 710.00 300.00 1
CELL 320.00 720.00 0.00 1
CELL 320.00 720.00 300.00 1
CELL 320.00 730.00 0.00 1
CELL 320.00 730.00 300.00 1
CELL 320.00 740.00 0.00 1
CELL 320.00 740.00 300.00 1
CELL 320.00 750.00 0.00 1
CELL 320.00 750.00 300.00 1
CELL 320.00 760.00 0.00 1
CELL 320.00 760.00 300.00 1
CELL 320.00 770.00 0.00 1
CELL 320.00 770.00 300.00 1
CELL 320.00 780.00 0.00 1
CELL 320.00 780.00 300.00 1
CELL 320.00 790.00 0.00 1
CELL 320.00 790.00 300.00 1
CELL 320.00 800.00 300.00 1
CELL 330.00 0.00 300.00 1
CELL 330.00 10.00 0.00 1
CELL 330.00 10.00 300.00 1
CELL 330.00 20.00 0.00 1
CELL 330.00 20.00 300.00 1
CELL 330.00 30.00 0.00 1
CELL 330.00 30.00 300.00 1
CELL 330.00 40.00 0.00 1
CELL 330.00 40.00 300.00 1
CELL 330.00 50.00 0.00 1
CELL 330.00 50.00 300.00 1
CELL 330.00 60.00 0.00 1
CELL 330.00 60.00 300.00 1
CELL 330.00 70.00 0.00 1
CELL 330.00 70.00 300.00 1
CELL 330.00 80.00 0.00 1
CELL 330.00 80.00 300.00 1
CELL 330.00 90.00 0.00 1
CELL 330.00 90.00 300.00 1
CELL 330.00 100.00 0.00 1
CELL 330.00 100.00 300.00 1
CELL 330.00 110.00 0.00 1
CELL 330.00 110.00 300.00 1
CELL 330.00 120.00 0.00 1
CELL 330.00 120.00 300.00 1
CELL 330.00 130.00 0.00 1
CELL 330.00 130.00 300.00 1
CELL 330.00 140.00 0.00 1
CELL 330.00 140.00 300.00 1
CELL 330.00 150.00 0.00 1
CELL 330.00 150.00 300.00 1
CELL 330.00 160.00 0.00 1
CELL 330.00 160.00 300.00 1
CELL 330.00 170.00 0.00 1
CELL 330.00 170.00 300.00 1
CELL 330.00 180.00 0.00 1
CELL 330.00 180.00 300.00 1
CELL 330.00 190.00 0.00 1
CELL 330.00 190.00 300.00 1
CELL 330.00 200.00 0.00 1
CELL 330.00 200.00 300.00 1
CELL 330.00 210.00 0.00 1
CELL 330.00 210.00 300.00 1
CELL 330.00 220.00 0.00 1
CELL 330.00 220.00 300.00 1
CELL 330.00 230.00 0.00 1
CELL 330.00 230.00 300.00 1
CELL 330.00 240.00 0.00 1
CELL 330.00 240.00 300.00 1
CELL 330.00 250.00 0.00 1
CELL 330.00 250.00 300.00 1
CELL 330.00 260.00 0.00 1
CELL 330.00 260.00 300.00 1
CELL 330.00 270.00 0.00 1
CELL 330.00 270.00 300.00 1
CELL 330.00 280.00 0.00 1
CELL 330.00 280.00 300.00 1
CELL 330.00 290.00 0.00 1
CELL 330.00 290.00 300.00 1
CELL 330.00 300.00 0.00 1
CELL 330.00 300.00 300.00 1
CELL 330.00 310.00 0.00 1
CELL 330.00 310.00 300.00 1
CELL 330.00 320.00 0.00 1
CELL 330.00 320.00 300.00 1
CELL 330.00 330.00 0.00 1
CELL 330.00 330.00 300.00 1
CELL 330.00 340.00 0.00 1
CELL 330.00 340.00 300.00 1
CELL 330.00 350.00 0.00 1
CELL 330.00 350.00 300.00 1
CELL 330.00 360.00 0.00 1
CELL 330.00 360.00 300.00 1
CELL 330.00 370.00 0.00 1
CELL 330.00 370.00 300.00 1
CELL 330.00 380.00 0.00 1
CELL 330.00 380.00 300.00 1
CELL 330.00 390.00 0.00 1
CELL 330.00 390.00 300.00 1
CELL 330.00 400.00 0.00 1
CELL 330.00 400.00 300.00 1
CELL 330.00 410.00 0.00 1
CELL 330.00 410.00 300.00 1
CELL 330.00 420.00 0.00 1
CELL 330.00 420.00 300.00 1
CELL 330.00 430.00 0.00 1
CELL 330.00 430.00 300.00 1
CELL 330.00 440.00 0.00 1
CELL 330.00 440.00 300.00 1
CELL 330.00 450.00 0.00 1
CELL 330.00 450.00 300.00 1
CELL 330.00 460.00 0.00 1
CELL 330.00 460.00 300.00 1
CELL 330.00 470.00 0.00 1
CELL 330.00 470.00 300.00 1
CELL 330.00 480.00 0.00 1
CELL 330.00 480.00 300.00 1
CELL 330.00 490.00 0.00 1
CELL 330.00 490.00 300.00 1
CELL 330.00 500.00 0.00 1
CELL 330.00 500.00 300.00 1
CELL 330.00 510.00 0.00 1
CELL 330.00 510.00 300.00 1
CELL 330.00 520.00 0.00 1
CELL 330.00 520.00 300.00 1
CELL 330.00 530.00 0.00 1
CELL 330.00 530.00 300.00 1
CELL 330.00 540.00 0.00 1
CELL 330.00 540.00 300.00 1
CELL 330.00 550.00 0.00 1
CELL 330.00 550.00 300.00 1
CELL 330.00 560.00 0.00 1
CELL 330.00 560.00 300.00 1
CELL 330.00 570.00 0.00 1
CELL 330.00 570.00 300.00 1
CELL 330.00 580.00 0.00 1
CELL 330.00 580.00 300.00 1
CELL 330.00 590.00 0.00 1
CELL 330.00 590.00 300.00 1
CELL 330.00 600.00 0.00 1
CELL 330.00 600.00 300.00 1
CELL 330.00 610.00 0.00 1
CELL 330.00 610.00 300.00 1
CELL 330.00 620.00 0.00 1
CELL 330.00 620.00 300.00 1
CELL 330.00 630.00 0.00 1
CELL 330.00 630.00 300.00 1
CELL 330.00 640.00 0.00 1
CELL 330.00 640.00 300.00 1
CELL 330.00 650.00 0.00 1
CELL 330.00 650.00 300.00 1
CELL 330.00 660.00 0.00 1
CELL 330.00 660.00 300.00 1
CELL 330.00 670.00 0.00 1
CELL 330.00 670.00 300.00 1
CELL 330.00 680.00 0.00 1
CELL 330.00 680.00 300.00 1
CELL 330.00 690.00 0.00 1
CELL 330.00 690.00 300.00 1
CELL 330.00 700.00 0.00 1
CELL 330.00 700.00 300.00 1
CELL 330.00 710.00 0.00 1
CELL 330.00 710.00 300.00 1
CELL 330.00 720.00 0.00 1
CELL 330.00 720.00 300.00 1
CELL 330.00 730.00 0.00 1
CELL 330.00 730.00 300.00 1
CELL 330.00 740.00 0.00 1
CELL 330.00 740.00 300.00 1
CELL 330.00 750.00 0.00 1
CELL 330.00 750.00 300.00 1
CELL 330.00 760.00 0.00 1
CELL 330.00 760.00 300.00 1
CELL 330.00 770.00 0.00 1
CELL 330.00 770.00 300.00 1
CELL 330.00 780.00 0.00 1
CELL 330.00 780.00 300.00 1
CELL 330.00 790.00 0.00 1
CELL 330.00 790.00 300.00 1
CELL 330.00 800.00 300.00 1
CELL 340.00 0.00 300.00 1
CELL 340.00 10.00 0.00 1
CELL 340.00 10.00 300.00 1
CELL 340.00 20.00 0.00 1
CELL 340.00 20.00 300.00 1
CELL 340.00 30.00 0.00 1
CELL 340.00 30.00 300.00 1
CELL 340.00 40.00 0.00 1
CELL 340.00 40.00 300.00 1
CELL 340.00 50.00 0.00 1
CELL 340.00 50.00 300.00 1
CELL 340.00 60.00 0.00 1
CELL 340.00 60.00 300.00 1
CELL 340.00 70.00 0.00 1
CELL 340.00 70.00 300.00 1
CELL 340.00 80.00 0.00 1
CELL 340.00 80.00 300.00 1
CELL 340.00 90.00 0.00 1
CELL 340.00 90.00 300.00 1
CELL 340.00 100.00 0.00 1
CELL 340.00 100.00 300.00 1
CELL 340.00 110.00 0.00 1
CELL 340.00 110.00 300.00 1
CELL 340.00 120.00 0.00 1
CELL 340.00 120.00 300.00 1
CELL 340.00 130.00 0.00 1
CELL 340.00 130.00 300.00 1
CELL 340.00 140.00 0.00 1
CELL 340.00 140.00 300.00 1
CELL 340.00 150.00 0.00 1
CELL 340.00 150.00 300.00 1
CELL 340.00 160.00 0.00 1
CELL 340.00 160.00 300.00 1
CELL 340.00 170.00 0.00 1
CELL 340.00 170.00 300.00 1
CELL 340.00 180.00 0.00 1
CELL 340.00 180.00 300.00 1
CELL 340.00 190.00 0.00 1
CELL 340.00 190.00 300.00 1
CELL 340.00 200.00 0.00 1
CELL 340.00 200.00 300.00 1
CELL 340.00 210.00 0.00 1
CELL 340.00 210.00 300.00 1
CELL 340.00 220.00 0.00 1
CELL 340.00 220.00 300.00 1
CELL 340.00 230.00 0.00 1
CELL 340.00 230.00 300.00 1
CELL 340.00 240.00 0.00 1
CELL 340.00 240.00 300.00 1
CELL 340.00 250.00 0.00 1
CELL 340.00 250.00 300.00 1
CELL 340.00 260.00 0.00 1
CELL 340.00 260.00 300.00 1
CELL 340.00 270.00 0.00 1
CELL 340.00 270.00 300.00 1
CELL 340.00 280.00 0.00 1
CELL 340.00 280.00 300.00 1
CELL 340.00 290.00 0.00 1
CELL 340.00 290.00 300.00 1
CELL 340.00 300.00 0.00 1
CELL 340.00 300.00 300.00 1
CELL 340.00 310.00 0.00 1
CELL 340.00 310.00 300.00 1
CELL 340.00 320.00 0.00 1
CELL 340.00 320.00 300.00 1
CELL 340.00 330.00 0.00 1
CELL 340.00 330.00 300.00 1
CELL 340.00 340.00 0.00 1
CELL 340.00 340.00 300.00 1
CELL 340.00 350.00 0.00 1
CELL 340.00 350.00 300.00 1
CELL 340.00 360.00 0.00 1
CELL 340.00 360.00 300.00 1
CELL 340.00 370.00 0.00 1
CELL 340.00 370.00 300.00 1
CELL 340.00 380.00 0.00 1
CELL 340.00 380.00 300.00 1
CELL 340.00 390.00 0.00 1
CELL 340.00 390.00 300.00 1
CELL 340.00 400.00 0.00 1
CELL 340.00 400.00 300.00 1
CELL 340.00 410.00 0.00 1
CELL 340.00 410.00 300.00 1
CELL 340.00 420.00 0.00 1
CELL 340.00 420.00 300.00 1
CELL 340.00 430.00 0.00 1
CELL 340.00 430.00 300.00 1
CELL 340.00 440.00 0.00 1
CELL 340.00 440.00 300.00 1
CELL 340.00 450.00 0.00 1
CELL 340.00 450.00 300.00 1
CELL 340.00 460.00 0.00 1
CELL 340.00 460.00 300.00 1
CELL 340.00 470.00 0.00 1
CELL 340.00 470.00 300.00 1
CELL 340.00 480.00 0.00 1
CELL 340.00 480.00 300.00 1
CELL 340.00 490.00 0.00 1
CELL 340.00 490.00 300.00 1
CELL 340.00 500.00 0.00 1
CELL 340.00 500.00 300.00 1
CELL 340.00 510.00 0.00 1
CELL 340.00 510.00 300.00 1
CELL 340.00 520.00 0.00 1
CELL 340.00 520.00 300.00 1
CELL 340.00 530.00 0.00 1
CELL 340.00 530.00 300.00 1
CELL 340.00 540.00 0.00 1
CELL 340.00 540.00 300.00 1
CELL 340.00 550.00 0.00 1
CELL 340.00 550.00 300.00 1
CELL 340.00 560.00 0.00 1
CELL 340.00 560.00 300.00 1
CELL 340.00 570.00 0.00 1
CELL 340.00 570.00 300.00 1
CELL 340.00 580.00 0.00 1
CELL 340.00 580.00 300.00 1
CELL 340.00 590.00 0.00 1
CELL 340.00 590.00 300.00 1
CELL 340.00 600.00 0.00 1
CELL 340.00 600.00 300.00 1
CELL 340.00 610.00 0.00 1
CELL 340.00 610.00 300.00 1
CELL 340.00 620.00 0.00 1
CELL 340.00 620.00 300.00 1
CELL 340.00 630.00 0.00 1
CELL 340.00 630.00 300.00 1
CELL 340.00 640.00 0.00 1
CELL 340.00 640.00 300.00 1
CELL 340.00 650.00 0.00 1
CELL 340.00 650.00 300.00 1
CELL 340.00 660.00 0.00 1
CELL 340.00 660.00 300.00 1
CELL 340.00 670.00 0.00 1
CELL 340.00 670.00 300.00 1
CELL 340.00 680.00 0.00 1
CELL 340.00 680.00 300.00 1
CELL 340.00 690.00 0.00 1
CELL 340.00 690.00 300.00 1
CELL 340.00 700.00 0.00 1
CELL 340.00 700.00 300.00 1
CELL 340.00 710.00 0.00 1
CELL 340.00 710.00 300.00 1
CELL 340.00 720.00 0.00 1
CELL 340.00 720.00 300.00 1
CELL 340.00 730.00 0.00 1
CELL 340.00 730.00 300.00 1
CELL 340.00 740.00 0.00 1
CELL 340.00 740.00 300.00 1
CELL 340.00 750.00 0.00 1
CELL 340.00 750.00 300.00 1
CELL 340.00 760.00 0.00 1
CELL 340.00 760.00 300.00 1
CELL 340.00 770.00 0.00 1
CELL 340.00 770.00 300.00 1
CELL 340.00 780.00 0.00 1
CELL 340.00 780.00 300.00 1
CELL 340.00 790.00 0.00 1
CELL 340.00 790.00 300.00 1
CELL 340.00 800.00 300.00 1
CELL 350.00 0.00 300.00 1
CELL 350.00 10.00 0.00 1
CELL 350.00 10.00 300.00 1
CELL 350.00 20.00 0.00 1
CELL 350.00 20.00 300.00 1
CELL 350.00 30.00 0.00 1
CELL 350.00 30.00 300.00 1
CELL 350.00 40.00 0.00 1
CELL 350.00 40.00 300.00 1
CELL 350.00 50.00 0.00 1
CELL 350.00 50.00 300.00 1
CELL 350.00 60.00 0.00 1
CELL 350.00 60.00 300.00 1
CELL 350.00 70.00 0.00 1
CELL 350.00 70.00 300.00 1
CELL 350.00 80.00 0.00 1
CELL 350.00 80.00 300.00 1
CELL 350.00 90.00 0.00 1
CELL 350.00 90.00 300.00 1
CELL 350.00 100.00 0.00 1
CELL 350.00 100.00 300.00 1
CELL 350.00 110.00 0.00 1
CELL 350.00 110.00 300.00 1
CELL 350.00 120.00 0.00 1
CELL 350.00 120.00 300.00 1
CELL 350.00 130.00 0.00 1
CELL 350.00 130.00 300.00 1
CELL 350.00 140.00 0.00 1
CELL 350.00 140.00 300.00 1
CELL 350.00 150.00 0.00 1
CELL 350.00 150.00 300.00 1
CELL 350.00 160.00 0.00 1
CELL 350.00 160.00 300.00 1
CELL 350.00 170.00 0.00 1
CELL 350.00 170.00 300.00 1
CELL 350.00 180.00 0.00 1
CELL 350.00 180.00 300.00 1
CELL 350.00 190.00 0.00 1
CELL 350.00 190.00 300.00 1
CELL 350.00 200.00 0.00 1
CELL 350.00 200.00 300.00 1
CELL 350.00 210.00 0.00 1
CELL 350.00 210.00 300.00 1
CELL 350.00 220.00 0.00 1
CELL 350.00 220.00 300.00 1
CELL 350.00 230.00 0.00 1
CELL 350.00 230.00 300.00 1
CELL 350.00 240.00 0.00 1
CELL 350.00 240.00 300.00 1
CELL 350.00 250.00 0.00 1
CELL 350.00 250.00 300.00 1
CELL 350.00 260.00 0.00 1
CELL 350.00 260.00 300.00 1
CELL 350.00 270.00 0.00 1
CELL 350.00 270.00 300.00 1
CELL 350.00 280.00 0.00 1
CELL 350.00 280.00 300.00 1
CELL 350.00 290.00 0.00 1
CELL 350.00 290.00 300.00 1
CELL 350.00 300.00 0.00 1
CELL 350.00 300.00 300.00 1
CELL 350.00 310.00 0.00 1
CELL 350.00 310.00 300.00 1
CELL 350.00 320.00 0.00 1
CELL 350.00 320.00 300.00 1
CELL 350.00 330.00 0.00 1
CELL 350.00 330.00 300.00 1
CELL 350.00 340.00 0.00 1
CELL 350.00 340.00 300.00 1
CELL 350.00 350.00 0.00 1
CELL 350.00 350.00 300.00 1
CELL 350.00 360.00 0.00 1
CELL 350.00 360.00 300.00 1
CELL 350.00 370.00 0.00 1
CELL 350.00 370.00 300.00 1
CELL 350.00 380.00 0.00 1
CELL 350.00 380.00 300.00 1
CELL 350.00 390.00 0.00 1
CELL 350.00 390.00 300.00 1
CELL 350.00 400.00 0.00 1
CELL 350.00 400.00 300.00 1
CELL 350.00 410.00 0.00 1
CELL 350.00 410.00 300.00 1
CELL 350.00 420.00 0.00 1
CELL 350.00 420.00 300.00 1
CELL 350.00 430.00 0.00 1
CELL 350.00 430.00 300.00 1
CELL 350.00 440.00 0.00 1
CELL 350.00 440.00 300.00 1
CELL 350.00 450.00 0.00 1
CELL 350.00 450.00 300.00 1
CELL 350.00 460.00 0.00 1
CELL 350.00 460.00 300.00 1
CELL 350.00 470.00 0.00 1
CELL 350.00 470.00 300.00 1
CELL 350.00 480.00 0.00 1
CELL 350.00 480.00 300.00 1
CELL 350.00 490.00 0.00 1
CELL 350.00 490.00 300.00 1
CELL 350.00 500.00 0.00 1
CELL 350.00 500.00 300.00 1
CELL 350.00 510.00 0.00 1
CELL 350.00 510.00 300.00 1
CELL 350.00 520.00 0.00 1
CELL 350.00 520.00 300.00 1
CELL 350.00 530.00 0.00 1
CELL 350.00 530.00 300.00 1
CELL 350.00 540.00 0.00 1
CELL 350.00 540.00 300.00 1
CELL 350.00 550.00 0.00 1
CELL 350.00 550.00 300.00 1
CELL 350.00 560.00 0.00 1
CELL 350.00 560.00 300.00 1
CELL 350.00 570.00 0.00 1
CELL 350.00 570.00 300.00 1
CELL 350.00 580.00 0.00 1
CELL 350.00 580.00 300.00 1
CELL 350.00 590.00 0.00 1
CELL 350.00 590.00 300.00 1
CELL 350.00 600.00 0.00 1
CELL 350.00 600.00 300.00 1
CELL 350.00 610.00 0.00 1
CELL 350.00 610.00 300.00 1
CELL 350.00 620.00 0.00 1
CELL 350.00 620.00 300.00 1
CELL 350.00 630.00 0.00 1
CELL 350.00 630.00 300.00 1
CELL 350.00 640.00 0.00 1
CELL 350.00 640.00 300.00 1
CELL 350.00 650.00 0.00 1
CELL 350.00 650.00 300.00 1
CELL 350.00 660.00 0.00 1
CELL 350.00 660.00 300.00 1
CELL 350.00 670.00 0.00 1
CELL 350.00 670.00 300.00 1
CELL 350.00 680.00 0.00 1
CELL 350.00 680.00 300.00 1
CELL 350.00 690.00 0.00 1
CELL 350.00 690.00 300.00 1
CELL 350.00 700.00 0.00 1
CELL 350.00 700.00 300.00 1
CELL 350.00 710.00 0.00 1
CELL 350.00 710.00 300.00 1
CELL 350.00 720.00 0.00 1
CELL 350.00 720.00 300.00 1
CELL 350.00 730.00 0.00 1
CELL 350.00 730.00 300.00 1
CELL 350.00 740.00 0.00 1
CELL 350.00 740.00 300.00 1
CELL 350.00 750.00 0.00 1
CELL 350.00 750.00 300.00 1
CELL 350.00 760.00 0.00 1
CELL 350.00 760.00 300.00 1
CELL 350.00 770.00 0.00 1
CELL 350.00 770.00 300.00 1
CELL 350.00 780.00 0.00 1
CELL 350.00 780.00 300.00 1
CELL 350.00 790.00 0.00 1
CELL 350.00 790.00 300.00 1
CELL 350.00 800.00 300.00 1
CELL 360.00 0.00 300.00 1
CELL 360.00 10.00 0.00 1
CELL 360.00 10.00 300.00 1
CELL 360.00 20.00 0.00 1
CELL 360.00 20.00 300.00 1
CELL 360.00 30.00 0.00 1
CELL 360.00 30.00 300.00 1
CELL 360.00 40.00 0.00 1
CELL 360.00 40.00 300.00 1
CELL 360.00 50.00 0.00 1
CELL 360.00 50.00 300.00 1
CELL 360.00 60.00 0.00 1
CELL 360.00 60.00 300.00 1
CELL 360.00 70.00 0.00 1
CELL 360.00 70.00 300.00 1
CELL 360.00 80.00 0.00 1
CELL 360.00 80.00 300.00 1
CELL 360.00 90.00 0.00 1
CELL 360.00 90.00 300.00 1
CELL 360.00 100.00 0.00 1
CELL 360.00 100.00 300.00 1
CELL 360.00 110.00 0.00 1
CELL 360.00 110.00 300.00 1
CELL 360.00 120.00 0.00 1
CELL 360.00 120.00 300.00 1
CELL 360.00 130.00 0.00 1
CELL 360.00 130.00 300.00 1
CELL 360.00 140.00 0.00 1
CELL 360.00 140.00 300.00 1
CELL 360.00 150.00 0.00 1
CELL 360.00 150.00 300.00 1
CELL 360.00 160.00 0.00 1
CELL 360.00 160.00 300.00 1
CELL 360.00 170.00 0.00 1
CELL 360.00 170.00 300.00 1
CELL 360.00 180.00 0.00 1
CELL 360.00 180.00 300.00 1
CELL 360.00 190.00 0.00 1
CELL 360.00 190.00 300.00 1
CELL 360.00 200.00 0.00 1
CELL 360.00 200.00 300.00 1
CELL 360.00 210.00 0.00 1
CELL 360.00 210.00 300.00 1
CELL 360.00 220.00 0.00 1
CELL 360.00 220.00 300.00 1
CELL 360.00 230.00 0.00 1
CELL 360.00 230.00 300.00 1
CELL 360.00 240.00 0.00 1
CELL 360.00 240.00 300.00 1
CELL 360.00 250.00 0.00 1
CELL 360.00 250.00 300.00 1
CELL 360.00 260.00 0.00 1
CELL 360.00 260.00 300.00 1
CELL 360.00 270.00 0.00 1
CELL 360.00 270.00 300.00 1
CELL 360.00 280.00 0.00 1
CELL 360.00 280.00 300.00 1
CELL 360.00 290.00 0.00 1
CELL 360.00 290.00 300.00 1
CELL 360.00 300.00 0.00 1
CELL 360.00 300.00 300.00 1
CELL 360.00 310.00 0.00 1
CELL 360.00 310.00 300.00 1
CELL 360.00 320.00 0.00 1
CELL 360.00 320.00 300.00 1
CELL 360.00 330.00 0.00 1
CELL 360.00 330.00 300.00 1
CELL 360.00 340.00 0.00 1
CELL 360.00 340.00 300.00 1
CELL 360.00 350.00 0.00 1
CELL 360.00 350.00 300.00 1
CELL 360.00 360.00 0.00 1
CELL 360.00 360.00 300.00 1
CELL 360.00 370.00 0.00 1
CELL 360.00 370.00 300.00 1
CELL 360.00 380.00 0.00 1
CELL 360.00 380.00 300.00 1
CELL 360.00 390.00 0.00 1
CELL 360.00 390.00 300.00 1
CELL 360.00 400.00 0.00 1
CELL 360.00 400.00 300.00 1
CELL 360.00 410.00 0.00 1
CELL 360.00 410.00 300.00 1
CELL 360.00 420.00 0.00 1
CELL 360.00 420.00 300.00 1
CELL 360.00 430.00 0.00 1
CELL 360.00 430.00 300.00 1
CELL 360.00 440.00 0.00 1
CELL 360.00 440.00 300.00 1
CELL 360.00 450.00 0.00 1
CELL 360.00 450.00 300.00 1
CELL 360.00 460.00 0.00 1
CELL 360.00 460.00 300.00 1
CELL 360.00 470.00 0.00 1
CELL 360.00 470.00 300.00 1
CELL 360.00 480.00 0.00 1
CELL 360.00 480.00 300.00 1
CELL 360.00 490.00 0.00 1
CELL 360.00 490.00 300.00 1
CELL 360.00 500.00 0.00 1
CELL 360.00 500.00 300.00 1
CELL 360.00 510.00 0.00 1
CELL 360.00 510.00 300.00 1
CELL 360.00 520.00 0.00 1
CELL 360.00 520.00 300.00 1
CELL 360.00 530.00 0.00 1
CELL 360.00 530.00 300.00 1
CELL 360.00 540.00 0.00 1
CELL 360.00 540.00 300.00 1
CELL 360.00 550.00 0.00 1
CELL 360.00 550.00 300.00 1
CELL 360.00 560.00 0.00 1
CELL 360.00 560.00 300.00 1
CELL 360.00 570.00 0.00 1
CELL 360.00 570.00 300.00 1
CELL 360.00 580.00 0.00 1
CELL 360.00 580.00 300.00 1
CELL 360.00 590.00 0.00 1
CELL 360.00 590.00 300.00 1
CELL 360.00 600.00 0.00 1
CELL 360.00 600.00 300.00 1
CELL 360.00 610.00 0.00 1
CELL 360.00 610.00 300.00 1
CELL 360.00 620.00 0.00 1
CELL 360.00 620.00 300.00 1
CELL 360.00 630.00 0.00 1
CELL 360.00 630.00 300.00 1
CELL 360.00 640.00 0.00 1
CELL 360.00 640.00 300.00 1
CELL 360.00 650.00 0.00 1
CELL 360.00 650.00 300.00 1
CELL 360.00 660.00 0.00 1
CELL 360.00 660.00 300.00 1
CELL 360.00 670.00 0.00 1
CELL 360.00 670.00 300.00 1
CELL 360.00 680.00 0.00 1
CELL 360.00 680.00 300.00 1
CELL 360.00 690.00 0.00 1
CELL 360.00 690.00 300.00 1
CELL 360.00 700.00 0.00 1
CELL 360.00 700.00 300.00 1
CELL 360.00 710.00 0.00 1
CELL 360.00 710.00 300.00 1
CELL 360.00 720.00 0.00 1
CELL 360.00 720.00 300.00 1
CELL 360.00 730.00 0.00 1
CELL 360.00 730.00 300.00 1
CELL 360.00 740.00 0.00 1
CELL 360.00 740.00 300.00 1
CELL 360.00 750.00 0.00 1
CELL 360.00 750.00 300.00 1
CELL 360.00 760.00 0.00 1
CELL 360.00 760.00 300.00 1
CELL 360.00 770.00 0.00 1
CELL 360.00 770.00 300.00 1
CELL 360.00 780.00 0.00 1
CELL 360.00 780.00 300.00 1
CELL 360.00 790.00 0.00 1
CELL 360.00 790.00 300.00 1
CELL 360.00 800.00 300.00 1
CELL 370.00 0.00 300.00 1
CELL 370.00 10.00 0.00 1
CELL 370.00 10.00 300.00 1
CELL 370.00 20.00 0.00 1
CELL 370.00 20.00 300.00 1
CELL 370.00 30.00 0.00 1
CELL 370.00 30.00 300.00 1
CELL 370.00 40.00 0.00 1
CELL 370.00 40.00 300.00 1
CELL 370.00 50.00 0.00 1
CELL 370.00 50.00 300.00 1
CELL 370.00 60.00 0.00 1
CELL 370.00 60.00 300.00 1
CELL 370.00 70.00 0.00 1
CELL 370.00 70.00 300.00 1
CELL 370.00 80.00 0.00 1
CELL 370.00 80.00 300.00 1
CELL 370.00 90.00 0.00 1
CELL 370.00 90.00 300.00 1
CELL 370.00 100.00 0.00 1
CELL 370.00 100.00 300.00 1
CELL 370.00 110.00 0.00 1
CELL 370.00 110.00 300.00 1
CELL 370.00 120.00 0.00 1
CELL 370.00 120.00 300.00 1
CELL 370.00 130.00 0.00 1
CELL 370.00 130.00 300.00 1
CELL 370.00 140.00 0.00 1
CELL 370.00 140.00 300.00 1
CELL 370.00 150.00 0.00 1
CELL 370.00 150.00 300.00 1
CELL 370.00 160.00 0.00 1
CELL 370.00 160.00 300.00 1
CELL 370.00 170.00 0.00 1
CELL 370.00 170.00 300.00 1
CELL 370.00 180.00 0.00 1
CELL 370.00 180.00 300.00 1
CELL 370.00 190.00 0.00 1
CELL 370.00 190.00 300.00 1
CELL 370.00 200.00 0.00 1
CELL 370.00 200.00 300.00 1
CELL 370.00 210.00 0.00 1
CELL 370.00 210.00 300.00 1
CELL 370.00 220.00 0.00 1
CELL 370.00 220.00 300.00 1
CELL 370.00 230.00 0.00 1
CELL 370.00 230.00 300.00 1
CELL 370.00 240.00 0.00 1
CELL 370.00 240.00 300.00 1
CELL 370.00 250.00 0.00 1
CELL 370.00 250.00 300.00 1
CELL 370.00 260.00 0.00 1
CELL 370.00 260.00 300.00 1
CELL 370.00 270.00 0.00 1
CELL 370.00 270.00 300.00 1
CELL 370.00 280.00 0.00 1
CELL 370.00 280.00 300.00 1
CELL 370.00 290.00 0.00 1
CELL 370.00 290.00 300.00 1
CELL 370.00 300.00 0.00 1
CELL 370.00 300.00 300.00 1
CELL 370.00 310.00 0.00 1
CELL 370.00 310.00 300.00 1
CELL 370.00 320.00 0.00 1
CELL 370.00 320.00 300.00 1
CELL 370.00 330.00 0.00 1
CELL 370.00 330.00 300.00 1
CELL 370.00 340.00 0.00 1
CELL 370.00 340.00 300.00 1
CELL 370.00 350.00 0.00 1
CELL 370.00 350.00 300.00 1
CELL 370.00 360.00 0.00 1
CELL 370.00 360.00 300.00 1
CELL 370.00 370.00 0.00 1
CELL 370.00 370.00 300.00 1
CELL 370.00 380.00 0.00 1
CELL 370.00 380.00 300.00 1
CELL 370.00 390.00 0.00 1
CELL 370.00 390.00 300.00 1
CELL 370.00 400.00 0.00 1
CELL 370.00 400.00 300.00 1
CELL 370.00 410.00 0.00 1
CELL 370.00 410.00 300.00 1
CELL 370.00 420.00 0.00 1
CELL 370.00 420.00 300.00 1
CELL 370.00 430.00 0.00 1
CELL 370.00 430.00 300.00 1
CELL 370.00 440.00 0.00 1
CELL 370.00 440.00 300.00 1
CELL 370.00 450.00 0.00 1
CELL 370.00 450.00 300.00 1
CELL 370.00 460.00 0.00 1
CELL 370.00 460.00 300.00 1
CELL 370.00 470.00 0.00 1
CELL 370.00 470.00 300.00 1
CELL 370.00 480.00 0.00 1
CELL 370.00 480.00 300.00 1
CELL 370.00 490.00 0.00 1
CELL 370.00 490.00 300.00 1
CELL 370.00 500.00 0.00 1
CELL 370.00 500.00 300.00 1
CELL 370.00 510.00 0.00 1
CELL 370.00 510.00 300.00 1
CELL 370.00 520.00 0.00 1
CELL 370.00 520.00 300.00 1
CELL 370.00 530.00 0.00 1
CELL 370.00 530.00 300.00 1
CELL 370.00 540.00 0.00 1
CELL 370.00 540.00 300.00 1
CELL 370.00 550.00 0.00 1
CELL 370.00 550.00 300.00 1
CELL 370.00 560.00 0.00 1
CELL 370.00 560.00 300.00 1
CELL 370.00 570.00 0.00 1
CELL 370.00 570.00 300.00 1
CELL 370.00 580.00 0.00 1
CELL 370.00 580.00 300.00 1
CELL 370.00 590.00 0.00 1
CELL 370.00 590.00 300.00 1
CELL 370.00 600.00 0.00 1
CELL 370.00 600.00 300.00 1
CELL 370.00 610.00 0.00 1
CELL 370.00 610.00 300.00 1
CELL 370.00 620.00 0.00 1
CELL 370.00 620.00 300.00 1
CELL 370.00 630.00 0.00 1
CELL 370.00 630.00 300.00 1
CELL 370.00 640.00 0.00 1
CELL 370.00 640.00 300.00 1
CELL 370.00 650.00 0.00 1
CELL 370.00 650.00 300.00 1
CELL 370.00 660.00 0.00 1
CELL 370.00 660.00 300.00 1
CELL 370.00 670.00 0.00 1
CELL 370.00 670.00 300.00 1
CELL 370.00 680.00 0.00 1
CELL 370.00 680.00 300.00 1
CELL 370.00 690.00 0.00 1
CELL 370.00 690.00 300.00 1
CELL 370.00 700.00 0.00 1
CELL 370.00 700.00 300.00 1
CELL 370.00 710.00 0.00 1
CELL 370.00 710.00 300.00 1
CELL 370.00 720.00 0.00 1
CELL 370.00 720.00 300.00 1
CELL 370.00 730.00 0.00 1
CELL 370.00 730.00 300.00 1
CELL 370.00 740.00 0.00 1
CELL 370.00 740.00 300.00 1
CELL 370.00 750.00 0.00 1
CELL 370.00 750.00 300.00 1
CELL 370.00 760.00 0.00 1
CELL 370.00 760.00 300.00 1
CELL 370.00 770.00 0.00 1
CELL 370.00 770.00 300.00 1
CELL 370.00 780.00 0.00 1
CELL 370.00 780.00 300.00 1
CELL 370.00 790.00 0.00 1
CELL 370.00 790.00 300.00 1
CELL 370.00 800.00 300.00 1
CELL 380.00 0.00 300.00 1
CELL 380.00 10.00 0.00 1
CELL 380.00 10.00 300.00 1
CELL 380.00 20.00 0.00 1
CELL 380.00 20.00 300.00 1
CELL 380.00 30.00 0.00 1
CELL 380.00 30.00 300.00 1
CELL 380.00 40.00 0.00 1
CELL 380.00 40.00 300.00 1
CELL 380.00 50.00 0.00 1
CELL 380.00 50.00 300.00 1
CELL 380.00 60.00 0.00 1
CELL 380.00 60.00 300.00 1
CELL 380.00 70.00 0.00 1
CELL 380.00 70.00 300.00 1
CELL 380.00 80.00 0.00 1
CELL 380.00 80.00 300.00 1
CELL 380.00 90.00 0.00 1
CELL 380.00 90.00 300.00 1
CELL 380.00 100.00 0.00 1
CELL 380.00 100.00 300.00 1
CELL 380.00 110.00 0.00 1
CELL 380.00 110.00 300.00 1
CELL 380.00 120.00 0.00 1
CELL 380.00 120.00 300.00 1
CELL 380.00 130.00 0.00 1
CELL 380.00 130.00 300.00 1
CELL 380.00 140.00 0.00 1
CELL 380.00 140.00 300.00 1
CELL 380.00 150.00 0.00 1
CELL 380.00 150.00 300.00 1
CELL 380.00 160.00 0.00 1
CELL 380.00 160.00 300.00 1
CELL 380.00 170.00 0.00 1
CELL 380.00 170.00 300.00 1
CELL 380.00 180.00 0.00 1
CELL 380.00 180.00 300.00 1
CELL 380.00 190.00 0.00 1
CELL 380.00 190.00 300.00 1
CELL 380.00 200.00 0.00 1
CELL 380.00 200.00 300.00 1
CELL 380.00 210.00 0.00 1
CELL 380.00 210.00 300.00 1
CELL 380.00 220.00 0.00 1
CELL 380.00 220.00 300.00 1
CELL 380.00 230.00 0.00 1
CELL 380.00 230.00 300.00 1
CELL 380.00 240.00 0.00 1
CELL 380.00 240.00 300.00 1
CELL 380.00 250.00 0.00 1
CELL 380.00 250.00 300.00 1
CELL 380.00 260.00 0.00 1
CELL 380.00 260.00 300.00 1
CELL 380.00 270.00 0.00 1
CELL 380.00 270.00 300.00 1
CELL 380.00 280.00 0.00 1
CELL 380.00 280.00 300.00 1
CELL 380.00 290.00 0.00 1
CELL 380.00 290.00 300.00 1
CELL 380.00 300.00 0.00 1
CELL 380.00 300.00 300.00 1
CELL 380.00 310.00 0.00 1
CELL 380.00 310.00 300.00 1
CELL 380.00 320.00 0.00 1
CELL 380.00 320.00 300.00 1
CELL 380.00 330.00 0.00 1
CELL 380.00 330.00 300.00 1
CELL 380.00 340.00 0.00 1
CELL 380.00 340.00 300.00 1
CELL 380.00 350.00 0.00 1
CELL 380.00 350.00 300.00 1
CELL 380.00 360.00 0.00 1
CELL 380.00 360.00 300.00 1
CELL 380.00 370.00 0.00 1
CELL 380.00 370.00 300.00 1
CELL 380.00 380.00 0.00 1
CELL 380.00 380.00 300.00 1
CELL 380.00 390.00 0.00 1
CELL 380.00 390.00 300.00 1
CELL 380.00 400.00 0.00 1
CELL 380.00 400.00 300.00 1
CELL 380.00 410.00 0.00 1
CELL 380.00 410.00 300.00 1
CELL 380.00 420.00 0.00 1
CELL 380.00 420.00 300.00 1
CELL 380.00 430.00 0.00 1
CELL 380.00 430.00 300.00 1
CELL 380.00 440.00 0.00 1
CELL 380.00 440.00 300.00 1
CELL 380.00 450.00 0.00 1
CELL 380.00 450.00 300.00 1
CELL 380.00 460.00 0.00 1
CELL 380.00 460.00 300.00 1
CELL 380.00 470.00 0.00 1
CELL 380.00 470.00 300.00 1
CELL 380.00 480.00 0.00 1
CELL 380.00 480.00 300.00 1
CELL 380.00 490.00 0.00 1
CELL 380.00 490.00 300.00 1
CELL 380.00 500.00 0.00 1
CELL 380.00 500.00 300.00 1
CELL 380.00 510.00 0.00 1
CELL 380.00 510.00 300.00 1
CELL 380.00 520.00 0.00 1
CELL 380.00 520.00 300.00 1
CELL 380.00 530.00 0.00 1
CELL 380.00 530.00 300.00 1
CELL 380.00 540.00 0.00 1
CELL 380.00 540.00 300.00 1
CELL 380.00 550.00 0.00 1
CELL 380.00 550.00 300.00 1
CELL 380.00 560.00 0.00 1
CELL 380.00 560.00 300.00 1
CELL 380.00 570.00 0.00 1
CELL 380.00 570.00 300.00 1
CELL 380.00 580.00 0.00 1
CELL 380.00 580.00 300.00 1
CELL 380.00 590.00 0.00 1
CELL 380.00 590.00 300.00 1
CELL 380.00 600.00 0.00 1
CELL 380.00 600.00 300.00 1
CELL 380.00 610.00 0.00 1
CELL 380.00 610.00 300.00 1
CELL 380.00 620.00 0.00 1
CELL 380.00 620.00 300.00 1
CELL 380.00 630.00 0.00 1
CELL 380.00 630.00 300.00 1
CELL 380.00 640.00 0.00 1
CELL 380.00 640.00 300.00 1
CELL 380.00 650.00 0.00 1
CELL 380.00 650.00 300.00 1
CELL 380.00 660.00 0.00 1
CELL 380.00 660.00 300.00 1
CELL 380.00 670.00 0.00 1
CELL 380.00 670.00 300.00 1
CELL 380.00 680.00 0.00 1
CELL 380.00 680.00 300.00 1
CELL 380.00 690.00 0.00 1
CELL 380.00 690.00 300.00 1
CELL 380.00 700.00 0.00 1
CELL 380.00 700.00 300.00 1
CELL 380.00 710.00 0.00 1
CELL 380.00 710.00 300.00 1
CELL 380.00 720.00 0.00 1
CELL 380.00 720.00 300.00 1
CELL 380.00 730.00 0.00 1
CELL 380.00 730.00 300.00 1
CELL 380.00 740.00 0.00 1
CELL 380.00 740.00 300.00 1
CELL 380.00 750.00 0.00 1
CELL 380.00 750.00 300.00 1
CELL 380.00 760.00 0.00 1
CELL 380.00 760.00 300.00 1
CELL 380.00 770.00 0.00 1
CELL 380.00 770.00 300.00 1
CELL 380.00 780.00 0.00 1
CELL 380.00 780.00 300.00 1
CELL 380.00 790.00 0.00 1
CELL 380.00 790.00 300.00 1
CELL 380.00 800.00 300.00 1
CELL 390.00 0.00 300.00 1
CELL 390.00 10.00 0.00 1
CELL 390.00 10.00 300.00 1
CELL 390.00 20.00 0.00 1
CELL 390.00 20.00 300.00 1
CELL 390.00 30.00 0.00 1
CELL 390.00 30.00 300.00 1
CELL 390.00 40.00 0.00 1
CELL 390.00 40.00 300.00 1
CELL 390.00 50.00 0.00 1
CELL 390.00 50.00 300.00 1
CELL 390.00 60.00 0.00 1
CELL 390.00 60.00 300.00 1
CELL 390.00 70.00 0.00 1
CELL 390.00 70.00 300.00 1
CELL 390.00 80.00 0.00 1
CELL 390.00 80.00 300.00 1
CELL 390.00 90.00 0.00 1
CELL 390.00 90.00 300.00 1
CELL 390.00 100.00 0.00 1
CELL 390.00 100.00 300.00 1
CELL 390.00 110.00 0.00 1
CELL 390.00 110.00 300.00 1
CELL 390.00 120.00 0.00 1
CELL 390.00 120.00 300.00 1
CELL 390.00 130.00 0.00 1
CELL 390.00 130.00 300.00 1
CELL 390.00 140.00 0.00 1
CELL 390.00 140.00 300.00 1
CELL 390.00 150.00 0.00 1
CELL 390.00 150.00 300.00 1
CELL 390.00 160.00 0.00 1
CELL 390.00 160.00 300.00 1
CELL 390.00 170.00 0.00 1
CELL 390.00 170.00 300.00 1
CELL 390.00 180.00 0.00 1
CELL 390.00 180.00 300.00 1
CELL 390.00 190.00 0.00 1
CELL 390.00 190.00 300.00 1
CELL 390.00 200.00 0.00 1
CELL 390.00 200.00 300.00 1
CELL 390.00 210.00 0.00 1
CELL 390.00 210.00 300.00 1
CELL 390.00 220.00 0.00 1
CELL 390.00 220.00 300.00 1
CELL 390.00 230.00 0.00 1
CELL 390.00 230.00 300.00 1
CELL 390.00 240.00 0.00 1
CELL 390.00 240.00 300.00 1
CELL 390.00 250.00 0.00 1
CELL 390.00 250.00 300.00 1
CELL 390.00 260.00 0.00 1
CELL 390.00 260.00 300.00 1
CELL 390.00 270.00 0.00 1
CELL 390.00 270.00 300.00 1
CELL 390.00 280.00 0.00 1
CELL 390.00 280.00 300.00 1
CELL 390.00 290.00 0.00 1
CELL 390.00 290.00 300.00 1
CELL 390.00 300.00 0.00 1
CELL 390.00 300.00 300.00 1
CELL 390.00 310.00 0.00 1
CELL 390.00 310.00 300.00 1
CELL 390.00 320.00 0.00 1
CELL 390.00 320.00 300.00 1
CELL 390.00 330.00 0.00 1
CELL 390.00 330.00 300.00 1
CELL 390.00 340.00 0.00 1
CELL 390.00 340.00 300.00 1
CELL 390.00 350.00 0.00 1
CELL 390.00 350.00 300.00 1
CELL 390.00 360.00 0.00 1
CELL 390.00 360.00 300.00 1
CELL 390.00 370.00 0.00 1
CELL 390.00 370.00 300.00 1
CELL 390.00 380.00 0.00 1
CELL 390.00 380.00 300.00 1
CELL 390.00 390.00 0.00 1
CELL 390.00 390.00 300.00 1
CELL 390.00 400.00 0.00 1
CELL 390.00 400.00 300.00 1
CELL 390.00 410.00 0.00 1
CELL 390.00 410.00 300.00 1
CELL 390.00 420.00 0.00 1
CELL 390.00 420.00 300.00 1
CELL 390.00 430.00 0.00 1
CELL 390.00 430.00 300.00 1
CELL 390.00 440.00 0.00 1
CELL 390.00 440.00 300.00 1
CELL 390.00 450.00 0.00 1
CELL 390.00 450.00 300.00 1
CELL 390.00 460.00 0.00 1
CELL 390.00 460.00 300.00 1
CELL 390.00 470.00 0.00 1
CELL 390.00 470.00 300.00 1
CELL 390.00 480.00 0.00 1
CELL 390.00 480.00 300.00 1
CELL 390.00 490.00 0.00 1
CELL 390.00 490.00 300.00 1
CELL 390.00 500.00 0.00 1
CELL 390.00 500.00 300.00 1
CELL 390.00 510.00 0.00 1
CELL 390.00 510.00 300.00 1
CELL 390.00 520.00 0.00 1
CELL 390.00 520.00 300.00 1
CELL 390.00 530.00 0.00 1
CELL 390.00 530.00 300.00 1
CELL 390.00 540.00 0.00 1
CELL 390.00 540.00 300.00 1
CELL 390.00 550.00 0.00 1
CELL 390.00 550.00 300.00 1
CELL 390.00 560.00 0.00 1
CELL 390.00 560.00 300.00 1
CELL 390.00 570.00 0.00 1
CELL 390.00 570.00 300.00 1
CELL 390.00 580.00 0.00 1
CELL 390.00 580.00 300.00 1
CELL 390.00 590.00 0.00 1
CELL 390.00 590.00 300.00 1
CELL 390.00 600.00 0.00 1
CELL 390.00 600.00 300.00 1
CELL 390.00 610.00 0.00 1
CELL 390.00 610.00 300.00 1
CELL 390.00 620.00 0.00 1
CELL 390.00 620.00 300.00 1
CELL 390.00 630.00 0.00 1
CELL 390.00 630.00 300.00 1
CELL 390.00 640.00 0.00 1
CELL 390.00 640.00 300.00 1
CELL 390.00 650.00 0.00 1
CELL 390.00 650.00 300.00 1
CELL 390.00 660.00 0.00 1
CELL 390.00 660.00 300.00 1
CELL 390.00 670.00 0.00 1
CELL 390.00 670.00 300.00 1
CELL 390.00 680.00 0.00 1
CELL 390.00 680.00 300.00 1
CELL 390.00 690.00 0.00 1
CELL 390.00 690.00 300.00 1
CELL 390.00 700.00 0.00 1
CELL 390.00 700.00 300.00 1
CELL 390.00 710.00 0.00 1
CELL 390.00 710.00 300.00 1
CELL 390.00 720.00 0.00 1
CELL 390.00 720.00 300.00 1
CELL 390.00 730.00 0.00 1
CELL 390.00 730.00 300.00 1
CELL 390.00 740.00 0.00 1
CELL 390.00 740.00 300.00 1
CELL 390.00 750.00 0.00 1
CELL 390.00 750.00 300.00 1
CELL 390.00 760.00 0.00 1
CELL 390.00 760.00 300.00 1
CELL 390.00 770.00 0.00 1
CELL 390.00 770.00 300.00 1
CELL 390.00 780.00 0.00 1
CELL 390.00 780.00 300.00 1
CELL 390.00 790.00 0.00 1
CELL 390.00 790.00 300.00 1
CELL 390.00 800.00 300.00 1
CELL 400.00 0.00 300.00 1
CELL 400.00 10.00 0.00 1
CELL 400.00 10.00 300.00 1
CELL 400.00 20.00 0.00 1
CELL 400.00 20.00 300.00 1
CELL 400.00 30.00 0.00 1
CELL 400.00 30.00 300.00 1
CELL 400.00 40.00 0.00 1
CELL 400.00 40.00 300.00 1
CELL 400.00 50.00 0.00 1
CELL 400.00 50.00 300.00 1
CELL 400.00 60.00 0.00 1
CELL 400.00 60.00 300.00 1
CELL 400.00 70.00 0.00 1
CELL 400.00 70.00 300.00 1
CELL 400.00 80.00 0.00 1
CELL 400.00 80.00 300.00 1
CELL 400.00 90.00 0.00 1
CELL 400.00 90.00 300.00 1
CELL 400.00 100.00 0.00 1
CELL 400.00 100.00 300.00 1
CELL 400.00 110.00 0.00 1
CELL 400.00 110.00 300.00 1
CELL 400.00 120.00 0.00 1
CELL 400.00 120.00 300.00 1
CELL 400.00 130.00 0.00 1
CELL 400.00 130.00 300.00 1
CELL 400.00 140.00 0.00 1
CELL 400.00 140.00 300.00 1
CELL 400.00 150.00 0.00 1
CELL 400.00 150.00 300.00 1
CELL 400.00 160.00 0.00 1
CELL 400.00 160.00 300.00 1
CELL 400.00 170.00 0.00 1
CELL 400.00 170.00 300.00 1
CELL 400.00 180.00 0.00 1
CELL 400.00 180.00 300.00 1
CELL 400.00 190.00 0.00 1
CELL 400.00 190.00 300.00 1
CELL 400.00 200.00 0.00 1
CELL 400.00 200.00 300.00 1
CELL 400.00 210.00 0.00 1
CELL 400.00 210.00 300.00 1
CELL 400.00 220.00 0.00 1
CELL 400.00 220.00 300.00 1
CELL 400.00 230.00 0.00 1
CELL 400.00 230.00 300.00 1
CELL 400.00 240.00 0.00 1
CELL 400.00 240.00 300.00 1
CELL 400.00 250.00 0.00 1
CELL 400.00 250.00 300.00 1
CELL 400.00 260.00 0.00 1
CELL 400.00 260.00 300.00 1
CELL 400.00 270.00 0.00 1
CELL 400.00 270.00 300.00 1
CELL 400.00 280.00 0.00 1
CELL 400.00 280.00 300.00 1
CELL 400.00 290.00 0.00 1
CELL 400.00 290.00 300.00 1
CELL 400.00 300.00 0.00 1
CELL 400.00 300.00 300.00 1
CELL 400.00 310.00 0.00 1
CELL 400.00 310.00 300.00 1
CELL 400.00 320.00 0.00 1
CELL 400.00 320.00 300.00 1
CELL 400.00 330.00 0.00 1
CELL 400.00 330.00 300.00 1
CELL 400.00 340.00 0.00 1
CELL 400.00 340.00 300.00 1
CELL 400.00 350.00 0.00 1
CELL 400.00 350.00 300.00 1
CELL 400.00 360.00 0.00 1
CELL 400.00 360.00 300.00 1
CELL 400.00 370.00 0.00 1
CELL 400.00 370.00 300.00 1
CELL 400.00 380.00 0.00 1
CELL 400.00 380.00 300.00 1
CELL 400.00 390.00 0.00 1
CELL 400.00 390.00 300.00 1
CELL 400.00 400.00 0.00 1
CELL 400.00 400.00 300.00 1
CELL 400.00 410.00 0.00 1
CELL 400.00 410.00 300.00 1
CELL 400.00 420.00 0.00 1
CELL 400.00 420.00 300.00 1
CELL 400.00 430.00 0.00 1
CELL 400.00 430.00 300.00 1
CELL 400.00 440.00 0.00 1
CELL 400.00 440.00 300.00 1
CELL 400.00 450.00 0.00 1
CELL 400.00 450.00 300.00 1
CELL 400.00 460.00 0.00 1
CELL 400.00 460.00 300.00 1
CELL 400.00 470.00 0.00 1
CELL 400.00 470.00 300.00 1
CELL 400.00 480.00 0.00 1
CELL 400.00 480.00 300.00 1
CELL 400.00 490.00 0.00 1
CELL 400.00 490.00 300.00 1
CELL 400.00 500.00 0.00 1
CELL 400.00 500.00 300.00 1
CELL 400.00 510.00 0.00 1
CELL 400.00 510.00 300.00 1
CELL 400.00 520.00 0.00 1
CELL 400.00 520.00 300.00 1
CELL 400.00 530.00 0.00 1
CELL 400.00 530.00 300.00 1
CELL 400.00 540.00 0.00 1
CELL 400.00 540.00 300.00 1
CELL 400.00 550.00 0.00 1
CELL 400.00 550.00 300.00 1
CELL 400.00 560.00 0.00 1
CELL 400.00 560.00 300.00 1
CELL 400.00 570.00 0.00 1
CELL 400.00 570.00 300.00 1
CELL 400.00 580.00 0.00 1
CELL 400.00 580.00 300.00 1
CELL 400.00 590.00 0.00 1
CELL 400.00 590.00 300.00 1
CELL 400.00 600.00 0.00 1
CELL 400.00 600.00 300.00 1
CELL 400.00 610.00 0.00 1
CELL 400.00 610.00 300.00 1
CELL 400.00 620.00 0.00 1
CELL 400.00 620.00 300.00 1
CELL 400.00 630.00 0.00 1
CELL 400.00 630.00 300.00 1
CELL 400.00 640.00 0.00 1
CELL 400.00 640.00 300.00 1
CELL 400.00 650.00 0.00 1
CELL 400.00 650.00 300.00 1
CELL 400.00 660.00 0.00 1
CELL 400.00 660.00 300.00 1
CELL 400.00 670.00 0.00 1
CELL 400.00 670.00 300.00 1
CELL 400.00 680.00 0.00 1
CELL 400.00 680.00 300.00 1
CELL 400.00 690.00 0.00 1
CELL 400.00 690.00 300.00 1
CELL 400.00 700.00 0.00 1
CELL 400.00 700.00 300.00 1
CELL 400.00 710.00 0.00 1
CELL 400.00 710.00 300.00 1
CELL 400.00 720.00 0.00 1
CELL 400.00 720.00 300.00 1
CELL 400.00 730.00 0.00 1
CELL 400.00 730.00 300.00 1
CELL 400.00 740.00 0.00 1
CELL 400.00 740.00 300.00 1
CELL 400.00 750.00 0.00 1
CELL 400.00 750.00 300.00 1
CELL 400.00 760.00 0.00 1
CELL 400.00 760.00 300.00 1
CELL 400.00 770.00 0.00 1
CELL 400.00 770.00 300.00 1
CELL 400.00 780.00 0.00 1
CELL 400.00 780.00 300.00 1
CELL 400.00 790.00 0.00 1
CELL 400.00 790.00 300.00 1
CELL 400.00 800.00 300.00 1
CELL 410.00 0.00 300.00 1
CELL 410.00 10.00 0.00 1
CELL 410.00 10.00 300.00 1
CELL 410.00 20.00 0.00 1
CELL 410.00 20.00 300.00 1
CELL 410.00 30.00 0.00 1
CELL 410.00 30.00 300.00 1
CELL 410.00 40.00 0.00 1
CELL 410.00 40.00 300.00 1
CELL 410.00 50.00 0.00 1
CELL 410.00 50.00 300.00 1
CELL 410.00 60.00 0.00 1
CELL 410.00 60.00 300.00 1
CELL 410.00 70.00 0.00 1
CELL 410.00 70.00 300.00 1
CELL 410.00 80.00 0.00 1
CELL 410.00 80.00 300.00 1
CELL 410.00 90.00 0.00 1
CELL 410.00 90.00 300.00 1
CELL 410.00 100.00 0.00 1
CELL 410.00 100.00 300.00 1
CELL 410.00 110.00 0.00 1
CELL 410.00 110.00 300.00 1
CELL 410.00 120.00 0.00 1
CELL 410.00 120.00 300.00 1
CELL 410.00 130.00 0.00 1
CELL 410.00 130.00 300.00 1
CELL 410.00 140.00 0.00 1
CELL 410.00 140.00 300.00 1
CELL 410.00 150.00 0.00 1
CELL 410.00 150.00 300.00 1
CELL 410.00 160.00 0.00 1
CELL 410.00 160.00 300.00 1
CELL 410.00 170.00 0.00 1
CELL 410.00 170.00 300.00 1
CELL 410.00 180.00 0.00 1
CELL 410.00 180.00 300.00 1
CELL 410.00 190.00 0.00 1
CELL 410.00 190.00 300.00 1
CELL 410.00 200.00 0.00 1
CELL 410.00 200.00 300.00 1
CELL 410.00 210.00 0.00 1
CELL 410.00 210.00 300.00 1
CELL 410.00 220.00 0.00 1
CELL 410.00 220.00 300.00 1
CELL 410.00 230.00 0.00 1
CELL 410.00 230.00 300.00 1
CELL 410.00 240.00 0.00 1
CELL 410.00 240.00 300.00 1
CELL 410.00 250.00 0.00 1
CELL 410.00 250.00 300.00 1
CELL 410.00 260.00 0.00 1
CELL 410.00 260.00 300.00 1
CELL 410.00 270.00 0.00 1
CELL 410.00 270.00 300.00 1
CELL 410.00 280.00 0.00 1
CELL 410.00 280.00 300.00 1
CELL 410.00 290.00 0.00 1
CELL 410.00 290.00 300.00 1
CELL 410.00 300.00 0.00 1
CELL 410.00 300.00 300.00 1
CELL 410.00 310.00 0.00 1
CELL 410.00 310.00 300.00 1
CELL 410.00 320.00 0.00 1
CELL 410.00 320.00 300.00 1
CELL 410.00 330.00 0.00 1
CELL 410.00 330.00 300.00 1
CELL 410.00 340.00 0.00 1
CELL 410.00 340.00 300.00 1
CELL 410.00 350.00 0.00 1
CELL 410.00 350.00 300.00 1
CELL 410.00 360.00 0.00 1
CELL 410.00 360.00 300.00 1
CELL 410.00 370.00 0.00 1
CELL 410.00 370.00 300.00 1
CELL 410.00 380.00 0.00 1
CELL 410.00 380.00 300.00 1
CELL 410.00 390.00 0.00 1
CELL 410.00 390.00 300.00 1
CELL 410.00 400.00 0.00 1
CELL 410.00 400.00 300.00 1
CELL 410.00 410.00 0.00 1
CELL 410.00 410.00 300.00 1
CELL 410.00 420.00 0.00 1
CELL 410.00 420.00 300.00 1
CELL 410.00 430.00 0.00 1
CELL 410.00 430.00 300.00 1
CELL 410.00 440.00 0.00 1
CELL 410.00 440.00 300.00 1
CELL 410.00 450.00 0.00 1
CELL 410.00 450.00 300.00 1
CELL 410.00 460.00 0.00 1
CELL 410.00 460.00 300.00 1
CELL 410.00 470.00 0.00 1
CELL 410.00 470.00 300.00 1
CELL 410.00 480.00 0.00 1
CELL 410.00 480.00 300.00 1
CELL 410.00 490.00 0.00 1
CELL 410.00 490.00 300.00 1
CELL 410.00 500.00 0.00 1
CELL 410.00 500.00 300.00 1
CELL 410.00 510.00 0.00 1
CELL 410.00 510.00 300.00 1
CELL 410.00 520.00 0.00 1
CELL 410.00 520.00 300.00 1
CELL 410.00 530.00 0.00 1
CELL 410.00 530.00 300.00 1
CELL 410.00 540.00 0.00 1
CELL 410.00 540.00 300.00 1
CELL 410.00 550.00 0.00 1
CELL 410.00 550.00 300.00 1
CELL 410.00 560.00 0.00 1
CELL 410.00 560.00 300.00 1
CELL 410.00 570.00 0.00 1
CELL 410.00 570.00 300.00 1
CELL 410.00 580.00 0.00 1
CELL 410.00 580.00 300.00 1
CELL 410.00 590.00 0.00 1
CELL 410.00 590.00 300.00 1
CELL 410.00 600.00 0.00 1
CELL 410.00 600.00 300.00 1
CELL 410.00 610.00 0.00 1
CELL 410.00 610.00 300.00 1
CELL 410.00 620.00 0.00 1
CELL 410.00 620.00 300.00 1
CELL 410.00 630.00 0.00 1
CELL 410.00 630.00 300.00 1
CELL 410.00 640.00 0.00 1
CELL 410.00 640.00 300.00 1
CELL 410.00 650.00 0.00 1
CELL 410.00 650.00 300.00 1
CELL 410.00 660.00 0.00 1
CELL 410.00 660.00 300.00 1
CELL 410.00 670.00 0.00 1
CELL 410.00 670.00 300.00 1
CELL 410.00 680.00 0.00 1
CELL 410.00 680.00 300.00 1
CELL 410.00 690.00 0.00 1
CELL 410.00 690.00 300.00 1
CELL 410.00 700.00 0.00 1
CELL 410.00 700.00 300.00 1
CELL 410.00 710.00 0.00 1
CELL 410.00 710.00 300.00 1
CELL 410.00 720.00 0.00 1
CELL 410.00 720.00 300.00 1
CELL 410.00 730.00 0.00 1
CELL 410.00 730.00 300.00 1
CELL 410.00 740.00 0.00 1
CELL 410.00 740.00 300.00 1
CELL 410.00 750.00 0.00 1
CELL 410.00 750.00 300.00 1
CELL 410.00 760.00 0.00 1
CELL 410.00 760.00 300.00 1
CELL 410.00 770.00 0.00 1
CELL 410.00 770.00 300.00 1
CELL 410.00 780.00 0.00 1
CELL 410.00 780.00 300.00 1
CELL 410.00 790.00 0.00 1
CELL 410.00 790.00 300.00 1
CELL 410.00 800.00 300.00 1
CELL 420.00 0.00 300.00 1
CELL 420.00 10.00 0.00 1
CELL 420.00 10.00 300.00 1
CELL 420.00 20.00 0.00 1
CELL 420.00 20.00 300.00 1
CELL 420.00 30.00 0.00 1
CELL 420.00 30.00 300.00 1
CELL 420.00 40.00 0.00 1
CELL 420.00 40.00 300.00 1
CELL 420.00 50.00 0.00 1
CELL 420.00 50.00 300.00 1
CELL 420.00 60.00 0.00 1
CELL 420.00 60.00 300.00 1
CELL 420.00 70.00 0.00 1
CELL 420.00 70.00 300.00 1
CELL 420.00 80.00 0.00 1
CELL 420.00 80.00 300.00 1
CELL 420.00 90.00 0.00 1
CELL 420.00 90.00 300.00 1
CELL 420.00 100.00 0.00 1
CELL 420.00 100.00 300.00 1
CELL 420.00 110.00 0.00 1
CELL 420.00 110.00 300.00 1
CELL 420.00 120.00 0.00 1
CELL 420.00 120.00 300.00 1
CELL 420.00 130.00 0.00 1
CELL 420.00 130.00 300.00 1
CELL 420.00 140.00 0.00 1
CELL 420.00 140.00 300.00 1
CELL 420.00 150.00 0.00 1
CELL 420.00 150.00 300.00 1
CELL 420.00 160.00 0.00 1
CELL 420.00 160.00 300.00 1
CELL 420.00 170.00 0.00 1
CELL 420.00 170.00 300.00 1
CELL 420.00 180.00 0.00 1
CELL 420.00 180.00 300.00 1
CELL 420.00 190.00 0.00 1
CELL 420.00 190.00 300.00 1
CELL 420.00 200.00 0.00 1
CELL 420.00 200.00 300.00 1
CELL 420.00 210.00 0.00 1
CELL 420.00 210.00 300.00 1
CELL 420.00 220.00 0.00 1
CELL 420.00 220.00 300.00 1
CELL 420.00 230.00 0.00 1
CELL 420.00 230.00 300.00 1
CELL 420.00 240.00 0.00 1
CELL 420.00 240.00 300.00 1
CELL 420.00 250.00 0.00 1
CELL 420.00 250.00 300.00 1
CELL 420.00 260.00 0.00 1
CELL 420.00 260.00 300.00 1
CELL 420.00 270.00 0.00 1
CELL 420.00 270.00 300.00 1
CELL 420.00 280.00 0.00 1
CELL 420.00 280.00 300.00 1
CELL 420.00 290.00 0.00 1
CELL 420.00 290.00 300.00 1
CELL 420.00 300.00 0.00 1
CELL 420.00 300.00 300.00 1
CELL 420.00 310.00 0.00 1
CELL 420.00 310.00 300.00 1
CELL 420.00 320.00 0.00 1
CELL 420.00 320.00 300.00 1
CELL 420.00 330.00 0.00 1
CELL 420.00 330.00 300.00 1
CELL 420.00 340.00 0.00 1
CELL 420.00 340.00 300.00 1
CELL 420.00 350.00 0.00 1
CELL 420.00 350.00 300.00 1
CELL 420.00 360.00 0.00 1
CELL 420.00 360.00 300.00 1
CELL 420.00 370.00 0.00 1
CELL 420.00 370.00 300.00 1
CELL 420.00 380.00 0.00 1
CELL 420.00 380.00 300.00 1
CELL 420.00 390.00 0.00 1
CELL 420.00 390.00 300.00 1
CELL 420.00 400.00 0.00 1
CELL 420.00 400.00 300.00 1
CELL 420.00 410.00 0.00 1
CELL 420.00 410.00 300.00 1
CELL 420.00 420.00 0.00 1
CELL 420.00 420.00 300.00 1
CELL 420.00 430.00 0.00 1
CELL 420.00 430.00 300.00 1
CELL 420.00 440.00 0.00 1
CELL 420.00 440.00 300.00 1
CELL 420.00 450.00 0.00 1
CELL 420.00 450.00 300.00 1
CELL 420.00 460.00 0.00 1
CELL 420.00 460.00 300.00 1
CELL 420.00 470.00 0.00 1
CELL 420.00 470.00 300.00 1
CELL 420.00 480.00 0.00 1
CELL 420.00 480.00 300.00 1
CELL 420.00 490.00 0.00 1
CELL 420.00 490.00 300.00 1
CELL 420.00 500.00 0.00 1
CELL 420.00 500.00 300.00 1
CELL 420.00 510.00 0.00 1
CELL 420.00 510.00 300.00 1
CELL 420.00 520.00 0.00 1
CELL 420.00 520.00 300.00 1
CELL 420.00 530.00 0.00 1
CELL 420.00 530.00 300.00 1
CELL 420.00 540.00 0.00 1
CELL 420.00 540.00 300.00 1
CELL 420.00 550.00 0.00 1
CELL 420.00 550.00 300.00 1
CELL 420.00 560.00 0.00 1
CELL 420.00 560.00 300.00 1
CELL 420.00 570.00 0.00 1
CELL 420.00 570.00 300.00 1
CELL 420.00 580.00 0.00 1
CELL 420.00 580.00 300.00 1
CELL 420.00 590.00 0.00 1
CELL 420.00 590.00 300.00 1
CELL 420.00 600.00 0.00 1
CELL 420.00 600.00 300.00 1
CELL 420.00 610.00 0.00 1
CELL 420.00 610.00 300.00 1
CELL 420.00 620.00 0.00 1
CELL 420.00 620.00 300.00 1
CELL 420.00 630.00 0.00 1
CELL 420.00 630.00 300.00 1
CELL 420.00 640.00 0.00 1
CELL 420.00 640.00 300.00 1
CELL 420.00 650.00 0.00 1
CELL 420.00 650.00 300.00 1
CELL 420.00 660.00 0.00 1
CELL 420.00 660.00 300.00 1
CELL 420.00 670.00 0.00 1
CELL 420.00 670.00 300.00 1
CELL 420.00 680.00 0.00 1
CELL 420.00 680.00 300.00 1
CELL 420.00 690.00 0.00 1
CELL 420.00 690.00 300.00 1
CELL 420.00 700.00 0.00 1
CELL 420.00 700.00 300.00 1
CELL 420.00 710.00 0.00 1
CELL 420.00 710.00 300.00 1
CELL 420.00 720.00 0.00 1
CELL 420.00 720.00 300.00 1
CELL 420.00 730.00 0.00 1
CELL 420.00 730.00 300.00 1
CELL 420.00 740.00 0.00 1
CELL 420.00 740.00 300.00 1
CELL 420.00 750.00 0.00 1
CELL 420.00 750.00 300.00 1
CELL 420.00 760.00 0.00 1
CELL 420.00 760.00 300.00 1
CELL 420.00 770.00 0.00 1
CELL 420.00 770.00 300.00 1
CELL 420.00 780.00 0.00 1
CELL 420.00 780.00 300.00 1
CELL 420.00 790.00 0.00 1
CELL 420.00 790.00 300.00 1
CELL 420.00 800.00 300.00 1
CELL 430.00 0.00 300.00 1
CELL 430.00 10.00 0.00 1
CELL 430.00 10.00 300.00 1
CELL 430.00 20.00 0.00 1
CELL 430.00 20.00 300.00 1
CELL 430.00 30.00 0.00 1
CELL 430.00 30.00 300.00 1
CELL 430.00 40.00 0.00 1
CELL 430.00 40.00 300.00 1
CELL 430.00 50.00 0.00 1
CELL 430.00 50.00 300.00 1
CELL 430.00 60.00 0.00 1
CELL 430.00 60.00 300.00 1
CELL 430.00 70.00 0.00 1
CELL 430.00 70.00 300.00 1
CELL 430.00 80.00 0.00 1
CELL 430.00 80.00 300.00 1
CELL 430.00 90.00 0.00 1
CELL 430.00 90.00 300.00 1
CELL 430.00 100.00 0.00 1
CELL 430.00 100.00 300.00 1
CELL 430.00 110.00 0.00 1
CELL 430.00 110.00 300.00 1
CELL 430.00 120.00 0.00 1
CELL 430.00 120.00 300.00 1
CELL 430.00 130.00 0.00 1
CELL 430.00 130.00 300.00 1
CELL 430.00 140.00 0.00 1
CELL 430.00 140.00 300.00 1
CELL 430.00 150.00 0.00 1
CELL 430.00 150.00 300.00 1
CELL 430.00 160.00 0.00 1
CELL 430.00 160.00 300.00 1
CELL 430.00 170.00 0.00 1
CELL 430.00 170.00 300.00 1
CELL 430.00 180.00 0.00 1
CELL 430.00 180.00 300.00 1
CELL 430.00 190.00 0.00 1
CELL 430.00 190.00 300.00 1
CELL 430.00 200.00 0.00 1
CELL 430.00 200.00 300.00 1
CELL 430.00 210.00 0.00 1
CELL 430.00 210.00 300.00 1
CELL 430.00 220.00 0.00 1
CELL 430.00 220.00 300.00 1
CELL 430.00 230.00 0.00 1
CELL 430.00 230.00 300.00 1
CELL 430.00 240.00 0.00 1
CELL 430.00 240.00 300.00 1
CELL 430.00 250.00 0.00 1
CELL 430.00 250.00 300.00 1
CELL 430.00 260.00 0.00 1
CELL 430.00 260.00 300.00 1
CELL 430.00 270.00 0.00 1
CELL 430.00 270.00 300.00 1
CELL 430.00 280.00 0.00 1
CELL 430.00 280.00 300.00 1
CELL 430.00 290.00 0.00 1
CELL 430.00 290.00 300.00 1
CELL 430.00 300.00 0.00 1
CELL 430.00 300.00 300.00 1
CELL 430.00 310.00 0.00 1
CELL 430.00 310.00 300.00 1
CELL 430.00 320.00 0.00 1
CELL 430.00 320.00 300.00 1
CELL 430.00 330.00 0.00 1
CELL 430.00 330.00 300.00 1
CELL 430.00 340.00 0.00 1
CELL 430.00 340.00 300.00 1
CELL 430.00 350.00 0.00 1
CELL 430.00 350.00 300.00 1
CELL 430.00 360.00 0.00 1
CELL 430.00 360.00 300.00 1
CELL 430.00 370.00 0.00 1
CELL 430.00 370.00 300.00 1
CELL 430.00 380.00 0.00 1
CELL 430.00 380.00 300.00 1
CELL 430.00 390.00 0.00 1
CELL 430.00 390.00 300.00 1
CELL 430.00 400.00 0.00 1
CELL 430.00 400.00 300.00 1
CELL 430.00 410.00 0.00 1
CELL 430.00 410.00 300.00 1
CELL 430.00 420.00 0.00 1
CELL 430.00 420.00 300.00 1
CELL 430.00 430.00 0.00 1
CELL 430.00 430.00 300.00 1
CELL 430.00 440.00 0.00 1
CELL 430.00 440.00 300.00 1
CELL 430.00 450.00 0.00 1
CELL 430.00 450.00 300.00 1
CELL 430.00 460.00 0.00 1
CELL 430.00 460.00 300.00 1
CELL 430.00 470.00 0.00 1
CELL 430.00 470.00 300.00 1
CELL 430.00 480.00 0.00 1
CELL 430.00 480.00 300.00 1
CELL 430.00 490.00 0.00 1
CELL 430.00 490.00 300.00 1
CELL 430.00 500.00 0.00 1
CELL 430.00 500.00 300.00 1
CELL 430.00 510.00 0.00 1
CELL 430.00 510.00 300.00 1
CELL 430.00 520.00 0.00 1
CELL 430.00 520.00 300.00 1
CELL 430.00 530.00 0.00 1
CELL 430.00 530.00 300.00 1
CELL 430.00 540.00 0.00 1
CELL 430.00 540.00 300.00 1
CELL 430.00 550.00 0.00 1
CELL 430.00 550.00 300.00 1
CELL 430.00 560.00 0.00 1
CELL 430.00 560.00 300.00 1
CELL 430.00 570.00 0.00 1
CELL 430.00 570.00 300.00 1
CELL 430.00 580.00 0.00 1
CELL 430.00 580.00 300.00 1
CELL 430.00 590.00 0.00 1
CELL 430.00 590.00 300.00 1
CELL 430.00 600.00 0.00 1
CELL 430.00 600.00 300.00 1
CELL 430.00 610.00 0.00 1
CELL 430.00 610.00 300.00 1
CELL 430.00 620.00 0.00 1
CELL 430.00 620.00 300.00 1
CELL 430.00 630.00 0.00 1
CELL 430.00 630.00 300.00 1
CELL 430.00 640.00 0.00 1
CELL 430.00 640.00 300.00 1
CELL 430.00 650.00 0.00 1
CELL 430.00 650.00 300.00 1
CELL 430.00 660.00 0.00 1
CELL 430.00 660.00 300.00 1
CELL 430.00 670.00 0.00 1
CELL 430.00 670.00 300.00 1
CELL 430.00 680.00 0.00 1
CELL 430.00 680.00 300.00 1
CELL 430.00 690.00 0.00 1
CELL 430.00 690.00 300.00 1
CELL 430.00 700.00 0.00 1
CELL 430.00 700.00 300.00 1
CELL 430.00 710.00 0.00 1
CELL 430.00 710.00 300.00 1
CELL 430.00 720.00 0.00 1
CELL 430.00 720.00 300.00 1
CELL 430.00 730.00 0.00 1
CELL 430.00 730.00 300.00 1
CELL 430.00 740.00 0.00 1
CELL 430.00 740.00 300.00 1
CELL 430.00 750.00 0.00 1
CELL 430.00 750.00 300.00 1
CELL 430.00 760.00 0.00 1
CELL 430.00 760.00 300.00 1
CELL 430.00 770.00 0.00 1
CELL 430.00 770.00 300.00 1
CELL 430.00 780.00 0.00 1
CELL 430.00 780.00 300.00 1
CELL 430.00 790.00 0.00 1
CELL 430.00 790.00 300.00 1
CELL 430.00 800.00 300.00 1
CELL 440.00 0.00 300.00 1
CELL 440.00 10.00 0.00 1
CELL 440.00 10.00 300.00 1
CELL 440.00 20.00 0.00 1
CELL 440.00 20.00 300.00 1
CELL 440.00 30.00 0.00 1
CELL 440.00 30.00 300.00 1
CELL 440.00 40.00 0.00 1
CELL 440.00 40.00 300.00 1
CELL 440.00 50.00 0.00 1
CELL 440.00 50.00 300.00 1
CELL 440.00 60.00 0.00 1
CELL 440.00 60.00 300.00 1
CELL 440.00 70.00 0.00 1
CELL 440.00 70.00 300.00 1
CELL 440.00 80.00 0.00 1
CELL 440.00 80.00 300.00 1
CELL 440.00 90.00 0.00 1
CELL 440.00 90.00 300.00 1
CELL 440.00 100.00 0.00 1
CELL 440.00 100.00 300.00 1
CELL 440.00 110.00 0.00 1
CELL 440.00 110.00 300.00 1
CELL 440.00 120.00 0.00 1
CELL 440.00 120.00 300.00 1
CELL 440.00 130.00 0.00 1
CELL 440.00 130.00 300.00 1
CELL 440.00 140.00 0.00 1
CELL 440.00 140.00 300.00 1
CELL 440.00 150.00 0.00 1
CELL 440.00 150.00 300.00 1
CELL 440.00 160.00 0.00 1
CELL 440.00 160.00 300.00 1
CELL 440.00 170.00 0.00 1
CELL 440.00 170.00 300.00 1
CELL 440.00 180.00 0.00 1
CELL 440.00 180.00 300.00 1
CELL 440.00 190.00 0.00 1
CELL 440.00 190.00 300.00 1
CELL 440.00 200.00 0.00 1
CELL 440.00 200.00 300.00 1
CELL 440.00 210.00 0.00 1
CELL 440.00 210.00 300.00 1
CELL 440.00 220.00 0.00 1
CELL 440.00 220.00 300.00 1
CELL 440.00 230.00 0.00 1
CELL 440.00 230.00 300.00 1
CELL 440.00 240.00 0.00 1
CELL 440.00 240.00 300.00 1
CELL 440.00 250.00 0.00 1
CELL 440.00 250.00 300.00 1
CELL 440.00 260.00 0.00 1
CELL 440.00 260.00 300.00 1
CELL 440.00 270.00 0.00 1
CELL 440.00 270.00 300.00 1
CELL 440.00 280.00 0.00 1
CELL 440.00 280.00 300.00 1
CELL 440.00 290.00 0.00 1
CELL 440.00 290.00 300.00 1
CELL 440.00 300.00 0.00 1
CELL 440.00 300.00 300.00 1
CELL 440.00 310.00 0.00 1
CELL 440.00 310.00 300.00 1
CELL 440.00 320.00 0.00 1
CELL 440.00 320.00 300.00 1
CELL 440.00 330.00 0.00 1
CELL 440.00 330.00 300.00 1
CELL 440.00 340.00 0.00 1
CELL 440.00 340.00 300.00 1
CELL 440.00 350.00 0.00 1
CELL 440.00 350.00 300.00 1
CELL 440.00 360.00 0.00 1
CELL 440.00 360.00 300.00 1
CELL 440.00 370.00 0.00 1
CELL 440.00 370.00 300.00 1
CELL 440.00 380.00 0.00 1
CELL 440.00 380.00 300.00 1
CELL 440.00 390.00 0.00 1
CELL 440.00 390.00 300.00 1
CELL 440.00 400.00 0.00 1
CELL 440.00 400.00 300.00 1
CELL 440.00 410.00 0.00 1
CELL 440.00 410.00 300.00 1
CELL 440.00 420.00 0.00 1
CELL 440.00 420.00 300.00 1
CELL 440.00 430.00 0.00 1
CELL 440.00 430.00 300.00 1
CELL 440.00 440.00 0.00 1
CELL 440.00 440.00 300.00 1
CELL 440.00 450.00 0.00 1
CELL 440.00 450.00 300.00 1
CELL 440.00 460.00 0.00 1
CELL 440.00 460.00 300.00 1
CELL 440.00 470.00 0.00 1
CELL 440.00 470.00 300.00 1
CELL 440.00 480.00 0.00 1
CELL 440.00 480.00 300.00 1
CELL 440.00 490.00 0.00 1
CELL 440.00 490.00 300.00 1
CELL 440.00 500.00 0.00 1
CELL 440.00 500.00 300.00 1
CELL 440.00 510.00 0.00 1
CELL 440.00 510.00 300.00 1
CELL 440.00 520.00 0.00 1
CELL 440.00 520.00 300.00 1
CELL 440.00 530.00 0.00 1
CELL 440.00 530.00 300.00 1
CELL 440.00 540.00 0.00 1
CELL 440.00 540.00 300.00 1
CELL 440.00 550.00 0.00 1
CELL 440.00 550.00 300.00 1
CELL 440.00 560.00 0.00 1
CELL 440.00 560.00 300.00 1
CELL 440.00 570.00 0.00 1
CELL 440.00 570.00 300.00 1
CELL 440.00 580.00 0.00 1
CELL 440.00 580.00 300.00 1
CELL 440.00 590.00 0.00 1
CELL 440.00 590.00 300.00 1
CELL 440.00 600.00 0.00 1
CELL 440.00 600.00 300.00 1
CELL 440.00 610.00 0.00 1
CELL 440.00 610.00 300.00 1
CELL 440.00 620.00 0.00 1
CELL 440.00 620.00 300.00 1
CELL 440.00 630.00 0.00 1
CELL 440.00 630.00 300.00 1
CELL 440.00 640.00 0.00 1
CELL 440.00 640.00 300.00 1
CELL 440.00 650.00 0.00 1
CELL 440.00 650.00 300.00 1
CELL 440.00 660.00 0.00 1
CELL 440.00 660.00 300.00 1
CELL 440.00 670.00 0.00 1
CELL 440.00 670.00 300.00 1
CELL 440.00 680.00 0.00 1
CELL 440.00 680.00 300.00 1
CELL 440.00 690.00 0.00 1
CELL 440.00 690.00 300.00 1
CELL 440.00 700.00 0.00 1
CELL 440.00 700.00 300.00 1
CELL 440.00 710.00 0.00 1
CELL 440.00 710.00 300.00 1
CELL 440.00 720.00 0.00 1
CELL 440.00 720.00 300.00 1
CELL 440.00 730.00 0.00 1
CELL 440.00 730.00 300.00 1
CELL 440.00 740.00 0.00 1
CELL 440.00 740.00 300.00 1
CELL 440.00 750.00 0.00 1
CELL 440.00 750.00 300.00 1
CELL 440.00 760.00 0.00 1
CELL 440.00 760.00 300.00 1
CELL 440.00 770.00 0.00 1
CELL 440.00 770.00 300.00 1
CELL 440.00 780.00 0.00 1
CELL 440.00 780.00 300.00 1
CELL 440.00 790.00 0.00 1
CELL 440.00 790.00 300.00 1
CELL 440.00 800.00 300.00 1
CELL 450.00 0.00 300.00 1
CELL 450.00 10.00 0.00 1
CELL 450.00 10.00 300.00 1
CELL 450.00 20.00 0.00 1
CELL 450.00 20.00 300.00 1
CELL 450.00 30.00 0.00 1
CELL 450.00 30.00 300.00 1
CELL 450.00 40.00 0.00 1
CELL 450.00 40.00 300.00 1
CELL 450.00 50.00 0.00 1
CELL 450.00 50.00 300.00 1
CELL 450.00 60.00 0.00 1
CELL 450.00 60.00 300.00 1
CELL 450.00 70.00 0.00 1
CELL 450.00 70.00 300.00 1
CELL 450.00 80.00 0.00 1
CELL 450.00 80.00 300.00 1
CELL 450.00 90.00 0.00 1
CELL 450.00 90.00 300.00 1
CELL 450.00 100.00 0.00 1
CELL 450.00 100.00 300.00 1
CELL 450.00 110.00 0.00 1
CELL 450.00 110.00 300.00 1
CELL 450.00 120.00 0.00 1
CELL 450.00 120.00 300.00 1
CELL 450.00 130.00 0.00 1
CELL 450.00 130.00 300.00 1
CELL 450.00 140.00 0.00 1
CELL 450.00 140.00 300.00 1
CELL 450.00 150.00 0.00 1
CELL 450.00 150.00 300.00 1
CELL 450.00 160.00 0.00 1
CELL 450.00 160.00 300.00 1
CELL 450.00 170.00 0.00 1
CELL 450.00 170.00 300.00 1
CELL 450.00 180.00 0.00 1
CELL 450.00 180.00 300.00 1
CELL 450.00 190.00 0.00 1
CELL 450.00 190.00 300.00 1
CELL 450.00 200.00 0.00 1
CELL 450.00 200.00 300.00 1
CELL 450.00 210.00 0.00 1
CELL 450.00 210.00 300.00 1
CELL 450.00 220.00 0.00 1
CELL 450.00 220.00 300.00 1
CELL 450.00 230.00 0.00 1
CELL 450.00 230.00 300.00 1
CELL 450.00 240.00 0.00 1
CELL 450.00 240.00 300.00 1
CELL 450.00 250.00 0.00 1
CELL 450.00 250.00 300.00 1
CELL 450.00 260.00 0.00 1
CELL 450.00 260.00 300.00 1
CELL 450.00 270.00 0.00 1
CELL 450.00 270.00 300.00 1
CELL 450.00 280.00 0.00 1
CELL 450.00 280.00 300.00 1
CELL 450.00 290.00 0.00 1
CELL 450.00 290.00 300.00 1
CELL 450.00 300.00 0.00 1
CELL 450.00 300.00 300.00 1
CELL 450.00 310.00 0.00 1
CELL 450.00 310.00 300.00 1
CELL 450.00 320.00 0.00 1
CELL 450.00 320.00 300.00 1
CELL 450.00 330.00 0.00 1
CELL 450.00 330.00 300.00 1
CELL 450.00 340.00 0.00 1
CELL 450.00 340.00 300.00 1
CELL 450.00 350.00 0.00 1
CELL 450.00 350.00 300.00 1
CELL 450.00 360.00 0.00 1
CELL 450.00 360.00 300.00 1
CELL 450.00 370.00 0.00 1
CELL 450.00 370.00 300.00 1
CELL 450.00 380.00 0.00 1
CELL 450.00 380.00 300.00 1
CELL 450.00 390.00 0.00 1
CELL 450.00 390.00 300.00 1
CELL 450.00 400.00 0.00 1
CELL 450.00 400.00 300.00 1
CELL 450.00 410.00 0.00 1
CELL 450.00 410.00 300.00 1
CELL 450.00 420.00 0.00 1
CELL 450.00 420.00 300.00 1
CELL 450.00 430.00 0.00 1
CELL 450.00 430.00 300.00 1
CELL 450.00 440.00 0.00 1
CELL 450.00 440.00 300.00 1
CELL 450.00 450.00 0.00 1
CELL 450.00 450.00 300.00 1
CELL 450.00 460.00 0.00 1
CELL 450.00 460.00 300.00 1
CELL 450.00 470.00 0.00 1
CELL 450.00 470.00 300.00 1
CELL 450.00 480.00 0.00 1
CELL 450.00 480.00 300.00 1
CELL 450.00 490.00 0.00 1
CELL 450.00 490.00 300.00 1
CELL 450.00 500.00 0.00 1
CELL 450.00 500.00 300.00 1
CELL 450.00 510.00 0.00 1
CELL 450.00 510.00 300.00 1
CELL 450.00 520.00 0.00 1
CELL 450.00 520.00 300.00 1
CELL 450.00 530.00 0.00 1
CELL 450.00 530.00 300.00 1
CELL 450.00 540.00 0.00 1
CELL 450.00 540.00 300.00 1
CELL 450.00 550.00 0.00 1
CELL 450.00 550.00 300.00 1
CELL 450.00 560.00 0.00 1
CELL 450.00 560.00 300.00 1
CELL 450.00 570.00 0.00 1
CELL 450.00 570.00 300.00 1
CELL 450.00 580.00 0.00 1
CELL 450.00 580.00 300.00 1
CELL 450.00 590.00 0.00 1
CELL 450.00 590.00 300.00 1
CELL 450.00 600.00 0.00 1
CELL 450.00 600.00 300.00 1
CELL 450.00 610.00 0.00 1
CELL 450.00 610.00 300.00 1
CELL 450.00 620.00 0.00 1
CELL 450.00 620.00 300.00 1
CELL 450.00 630.00 0.00 1
CELL 450.00 630.00 300.00 1
CELL 450.00 640.00 0.00 1
CELL 450.00 640.00 300.00 1
CELL 450.00 650.00 0.00 1
CELL 450.00 650.00 300.00 1
CELL 450.00 660.00 0.00 1
CELL 450.00 660.00 300.00 1
CELL 450.00 670.00 0.00 1
CELL 450.00 670.00 300.00 1
CELL 450.00 680.00 0.00 1
CELL 450.00 680.00 300.00 1
CELL 450.00 690.00 0.00 1
CELL 450.00 690.00 300.00 1
CELL 450.00 700.00 0.00 1
CELL 450.00 700.00 300.00 1
CELL 450.00 710.00 0.00 1
CELL 450.00 710.00 300.00 1
CELL 450.00 720.00 0.00 1
CELL 450.00 720.00 300.00 1
CELL 450.00 730.00 0.00 1
CELL 450.00 730.00 300.00 1
CELL 450.00 740.00 0.00 1
CELL 450.00 740.00 300.00 1
CELL 450.00 750.00 0.00 1
CELL 450.00 750.00 300.00 1
CELL 450.00 760.00 0.00 1
CELL 450.00 760.00 300.00 1
CELL 450.00 770.00 0.00 1
CELL 450.00 770.00 300.00 1
CELL 450.00 780.00 0.00 1
CELL 450.00 780.00 300.00 1
CELL 450.00 790.00 0.00 1
CELL 450.00 790.00 300.00 1
CELL 450.00 800.00 300.00 1
CELL 460.00 0.00 300.00 1
CELL 460.00 10.00 0.00 1
CELL 460.00 10.00 300.00 1
CELL 460.00 20.00 0.00 1
CELL 460.00 20.00 300.00 1
CELL 460.00 30.00 0.00 1
CELL 460.00 30.00 300.00 1
CELL 460.00 40.00 0.00 1
CELL 460.00 40.00 300.00 1
CELL 460.00 50.00 0.00 1
CELL 460.00 50.00 300.00 1
CELL 460.00 60.00 0.00 1
CELL 460.00 60.00 300.00 1
CELL 460.00 70.00 0.00 1
CELL 460.00 70.00 300.00 1
CELL 460.00 80.00 0.00 1
CELL 460.00 80.00 300.00 1
CELL 460.00 90.00 0.00 1
CELL 460.00 90.00 300.00 1
CELL 460.00 100.00 0.00 1
CELL 460.00 100.00 300.00 1
CELL 460.00 110.00 0.00 1
CELL 460.00 110.00 300.00 1
CELL 460.00 120.00 0.00 1
CELL 460.00 120.00 300.00 1
CELL 460.00 130.00 0.00 1
CELL 460.00 130.00 300.00 1
CELL 460.00 140.00 0.00 1
CELL 460.00 140.00 300.00 1
CELL 460.00 150.00 0.00 1
CELL 460.00 150.00 300.00 1
CELL 460.00 160.00 0.00 1
CELL 460.00 160.00 300.00 1
CELL 460.00 170.00 0.00 1
CELL 460.00 170.00 300.00 1
CELL 460.00 180.00 0.00 1
CELL 460.00 180.00 300.00 1
CELL 460.00 190.00 0.00 1
CELL 460.00 190.00 300.00 1
CELL 460.00 200.00 0.00 1
CELL 460.00 200.00 300.00 1
CELL 460.00 210.00 0.00 1
CELL 460.00 210.00 300.00 1
CELL 460.00 220.00 0.00 1
CELL 460.00 220.00 300.00 1
CELL 460.00 230.00 0.00 1
CELL 460.00 230.00 300.00 1
CELL 460.00 240.00 0.00 1
CELL 460.00 240.00 300.00 1
CELL 460.00 250.00 0.00 1
CELL 460.00 250.00 300.00 1
CELL 460.00 260.00 0.00 1
CELL 460.00 260.00 300.00 1
CELL 460.00 270.00 0.00 1
CELL 460.00 270.00 300.00 1
CELL 460.00 280.00 0.00 1
CELL 460.00 280.00 300.00 1
CELL 460.00 290.00 0.00 1
CELL 460.00 290.00 300.00 1
CELL 460.00 300.00 0.00 1
CELL 460.00 300.00 300.00 1
CELL 460.00 310.00 0.00 1
CELL 460.00 310.00 300.00 1
CELL 460.00 320.00 0.00 1
CELL 460.00 320.00 300.00 1
CELL 460.00 330.00 0.00 1
CELL 460.00 330.00 300.00 1
CELL 460.00 340.00 0.00 1
CELL 460.00 340.00 300.00 1
CELL 460.00 350.00 0.00 1
CELL 460.00 350.00 300.00 1
CELL 460.00 360.00 0.00 1
CELL 460.00 360.00 300.00 1
CELL 460.00 370.00 0.00 1
CELL 460.00 370.00 300.00 1
CELL 460.00 380.00 0.00 1
CELL 460.00 380.00 300.00 1
CELL 460.00 390.00 0.00 1
CELL 460.00 390.00 300.00 1
CELL 460.00 400.00 0.00 1
CELL 460.00 400.00 300.00 1
CELL 460.00 410.00 0.00 1
CELL 460.00 410.00 300.00 1
CELL 460.00 420.00 0.00 1
CELL 460.00 420.00 300.00 1
CELL 460.00 430.00 0.00 1
CELL 460.00 430.00 300.00 1
CELL 460.00 440.00 0.00 1
CELL 460.00 440.00 300.00 1
CELL 460.00 450.00 0.00 1
CELL 460.00 450.00 300.00 1
CELL 460.00 460.00 0.00 1
CELL 460.00 460.00 300.00 1
CELL 460.00 470.00 0.00 1
CELL 460.00 470.00 300.00 1
CELL 460.00 480.00 0.00 1
CELL 460.00 480.00 300.00 1
CELL 460.00 490.00 0.00 1
CELL 460.00 490.00 300.00 1
CELL 460.00 500.00 0.00 1
CELL 460.00 500.00 300.00 1
CELL 460.00 510.00 0.00 1
CELL 460.00 510.00 300.00 1
CELL 460.00 520.00 0.00 1
CELL 460.00 520.00 300.00 1
CELL 460.00 530.00 0.00 1
CELL 460.00 530.00 300.00 1
CELL 460.00 540.00 0.00 1
CELL 460.00 540.00 300.00 1
CELL 460.00 550.00 0.00 1
CELL 460.00 550.00 300.00 1
CELL 460.00 560.00 0.00 1
CELL 460.00 560.00 300.00 1
CELL 460.00 570.00 0.00 1
CELL 460.00 570.00 300.00 1
CELL 460.00 580.00 0.00 1
CELL 460.00 580.00 300.00 1
CELL 460.00 590.00 0.00 1
CELL 460.00 590.00 300.00 1
CELL 460.00 600.00 0.00 1
CELL 460.00 600.00 300.00 1
CELL 460.00 610.00 0.00 1
CELL 460.00 610.00 300.00 1
CELL 460.00 620.00 0.00 1
CELL 460.00 620.00 300.00 1
CELL 460.00 630.00 0.00 1
CELL 460.00 630.00 300.00 1
CELL 460.00 640.00 0.00 1
CELL 460.00 640.00 300.00 1
CELL 460.00 650.00 0.00 1
CELL 460.00 650.00 300.00 1
CELL 460.00 660.00 0.00 1
CELL 460.00 660.00 300.00 1
CELL 460.00 670.00 0.00 1
CELL 460.00 670.00 300.00 1
CELL 460.00 680.00 0.00 1
CELL 460.00 680.00 300.00 1
CELL 460.00 690.00 0.00 1
CELL 460.00 690.00 300.00 1
CELL 460.00 700.00 0.00 1
CELL 460.00 700.00 300.00 1
CELL 460.00 710.00 0.00 1
CELL 460.00 710.00 300.00 1
CELL 460.00 720.00 0.00 1
CELL 460.00 720.00 300.00 1
CELL 460.00 730.00 0.00 1
CELL 460.00 730.00 300.00 1
CELL 460.00 740.00 0.00 1
CELL 460.00 740.00 300.00 1
CELL 460.00 750.00 0.00 1
CELL 460.00 750.00 300.00 1
CELL 460.00 760.00 0.00 1
CELL 460.00 760.00 300.00 1
CELL 460.00 770.00 0.00 1
CELL 460.00 770.00 300.00 1
CELL 460.00 780.00 0.00 1
CELL 460.00 780.00 300.00 1
CELL 460.00 790.00 0.00 1
CELL 460.00 790.00 300.00 1
CELL 460.00 800.00 300.00 1
CELL 470.00 0.00 300.00 1
CELL 470.00 10.00 0.00 1
CELL 470.00 10.00 300.00 1
CELL 470.00 20.00 0.00 1
CELL 470.00 20.00 300.00 1
CELL 470.00 30.00 0.00 1
CELL 470.00 30.00 300.00 1
CELL 470.00 40.00 0.00 1
CELL 470.00 40.00 300.00 1
CELL 470.00 50.00 0.00 1
CELL 470.00 50.00 300.00 1
CELL 470.00 60.00 0.00 1
CELL 470.00 60.00 300.00 1
CELL 470.00 70.00 0.00 1
CELL 470.00 70.00 300.00 1
CELL 470.00 80.00 0.00 1
CELL 470.00 80.00 300.00 1
CELL 470.00 90.00 0.00 1
CELL 470.00 90.00 300.00 1
CELL 470.00 100.00 0.00 1
CELL 470.00 100.00 300.00 1
CELL 470.00 110.00 0.00 1
CELL 470.00 110.00 300.00 1
CELL 470.00 120.00 0.00 1
CELL 470.00 120.00 300.00 1
CELL 470.00 130.00 0.00 1
CELL 470.00 130.00 300.00 1
CELL 470.00 140.00 0.00 1
CELL 470.00 140.00 300.00 1
CELL 470.00 150.00 0.00 1
CELL 470.00 150.00 300.00 1
CELL 470.00 160.00 0.00 1
CELL 470.00 160.00 300.00 1
CELL 470.00 170.00 0.00 1
CELL 470.00 170.00 300.00 1
CELL 470.00 180.00 0.00 1
CELL 470.00 180.00 300.00 1
CELL 470.00 190.00 0.00 1
CELL 470.00 190.00 300.00 1
CELL 470.00 200.00 0.00 1
CELL 470.00 200.00 300.00 1
CELL 470.00 210.00 0.00 1
CELL 470.00 210.00 300.00 1
CELL 470.00 220.00 0.00 1
CELL 470.00 220.00 300.00 1
CELL 470.00 230.00 0.00 1
CELL 470.00 230.00 300.00 1
CELL 470.00 240.00 0.00 1
CELL 470.00 240.00 300.00 1
CELL 470.00 250.00 0.00 1
CELL 470.00 250.00 300.00 1
CELL 470.00 260.00 0.00 1
CELL 470.00 260.00 300.00 1
CELL 470.00 270.00 0.00 1
CELL 470.00 270.00 300.00 1
CELL 470.00 280.00 0.00 1
CELL 470.00 280.00 300.00 1
CELL 470.00 290.00 0.00 1
CELL 470.00 290.00 300.00 1
CELL 470.00 300.00 0.00 1
CELL 470.00 300.00 300.00 1
CELL 470.00 310.00 0.00 1
CELL 470.00 310.00 300.00 1
CELL 470.00 320.00 0.00 1
CELL 470.00 320.00 300.00 1
CELL 470.00 330.00 0.00 1
CELL 470.00 330.00 300.00 1
CELL 470.00 340.00 0.00 1
CELL 470.00 340.00 300.00 1
CELL 470.00 350.00 0.00 1
CELL 470.00 350.00 300.00 1
CELL 470.00 360.00 0.00 1
CELL 470.00 360.00 300.00 1
CELL 470.00 370.00 0.00 1
CELL 470.00 370.00 300.00 1
CELL 470.00 380.00 0.00 1
CELL 470.00 380.00 300.00 1
CELL 470.00 390.00 0.00 1
CELL 470.00 390.00 300.00 1
CELL 470.00 400.00 0.00 1
CELL 470.00 400.00 300.00 1
CELL 470.00 410.00 0.00 1
CELL 470.00 410.00 300.00 1
CELL 470.00 420.00 0.00 1
CELL 470.00 420.00 300.00 1
CELL 470.00 430.00 0.00 1
CELL 470.00 430.00 300.00 1
CELL 470.00 440.00 0.00 1
CELL 470.00 440.00 300.00 1
CELL 470.00 450.00 0.00 1
CELL 470.00 450.00 300.00 1
CELL 470.00 460.00 0.00 1
CELL 470.00 460.00 300.00 1
CELL 470.00 470.00 0.00 1
CELL 470.00 470.00 300.00 1
CELL 470.00 480.00 0.00 1
CELL 470.00 480.00 300.00 1
CELL 470.00 490.00 0.00 1
CELL 470.00 490.00 300.00 1
CELL 470.00 500.00 0.00 1
CELL 470.00 500.00 300.00 1
CELL 470.00 510.00 0.00 1
CELL 470.00 510.00 300.00 1
CELL 470.00 520.00 0.00 1
CELL 470.00 520.00 300.00 1
CELL 470.00 530.00 0.00 1
CELL 470.00 530.00 300.00 1
CELL 470.00 540.00 0.00 1
CELL 470.00 540.00 300.00 1
CELL 470.00 550.00 0.00 1
CELL 470.00 550.00 300.00 1
CELL 470.00 560.00 0.00 1
CELL 470.00 560.00 300.00 1
CELL 470.00 570.00 0.00 1
CELL 470.00 570.00 300.00 1
CELL 470.00 580.00 0.00 1
CELL 470.00 580.00 300.00 1
CELL 470.00 590.00 0.00 1
CELL 470.00 590.00 300.00 1
CELL 470.00 600.00 0.00 1
CELL 470.00 600.00 300.00 1
CELL 470.00 610.00 0.00 1
CELL 470.00 610.00 300.00 1
CELL 470.00 620.00 0.00 1
CELL 470.00 620.00 300.00 1
CELL 470.00 630.00 0.00 1
CELL 470.00 630.00 300.00 1
CELL 470.00 640.00 0.00 1
CELL 470.00 640.00 300.00 1
CELL 470.00 650.00 0.00 1
CELL 470.00 650.00 300.00 1
CELL 470.00 660.00 0.00 1
CELL 470.00 660.00 300.00 1
CELL 470.00 670.00 0.00 1
CELL 470.00 670.00 300.00 1
CELL 470.00 680.00 0.00 1
CELL 470.00 680.00 300.00 1
CELL 470.00 690.00 0.00 1
CELL 470.00 690.00 300.00 1
CELL 470.00 700.00 0.00 1
CELL 470.00 700.00 300.00 1
CELL 470.00 710.00 0.00 1
CELL 470.00 710.00 300.00 1
CELL 470.00 720.00 0.00 1
CELL 470.00 720.00 300.00 1
CELL 470.00 730.00 0.00 1
CELL 470.00 730.00 300.00 1
CELL 470.00 740.00 0.00 1
CELL 470.00 740.00 300.00 1
CELL 470.00 750.00 0.00 1
CELL 470.00 750.00 300.00 1
CELL 470.00 760.00 0.00 1
CELL 470.00 760.00 300.00 1
CELL 470.00 770.00 0.00 1
CELL 470.00 770.00 300.00 1
CELL 470.00 780.00 0.00 1
CELL 470.00 780.00 300.00 1
CELL 470.00 790.00 0.00 1
CELL 470.00 790.00 300.00 1
CELL 470.00 800.00 300.00 1
CELL 480.00 0.00 300.00 1
CELL 480.00 10.00 0.00 1
CELL 480.00 10.00 300.00 1
CELL 480.00 20.00 0.00 1
CELL 480.00 20.00 300.00 1
CELL 480.00 30.00 0.00 1
CELL 480.00 30.00 300.00 1
CELL 480.00 40.00 0.00 1
CELL 480.00 40.00 300.00 1
CELL 480.00 50.00 0.00 1
CELL 480.00 50.00 300.00 1
CELL 480.00 60.00 0.00 1
CELL 480.00 60.00 300.00 1
CELL 480.00 70.00 0.00 1
CELL 480.00 70.00 300.00 1
CELL 480.00 80.00 0.00 1
CELL 480.00 80.00 300.00 1
CELL 480.00 90.00 0.00 1
CELL 480.00 90.00 300.00 1
CELL 480.00 100.00 0.00 1
CELL 480.00 100.00 300.00 1
CELL 480.00 110.00 0.00 1
CELL 480.00 110.00 300.00 1
CELL 480.00 120.00 0.00 1
CELL 480.00 120.00 300.00 1
CELL 480.00 130.00 0.00 1
CELL 480.00 130.00 300.00 1
CELL 480.00 140.00 0.00 1
CELL 480.00 140.00 300.00 1
CELL 480.00 150.00 0.00 1
CELL 480.00 150.00 300.00 1
CELL 480.00 160.00 0.00 1
CELL 480.00 160.00 300.00 1
CELL 480.00 170.00 0.00 1
CELL 480.00 170.00 300.00 1
CELL 480.00 180.00 0.00 1
CELL 480.00 180.00 300.00 1
CELL 480.00 190.00 0.00 1
CELL 480.00 190.00 300.00 1
CELL 480.00 200.00 0.00 1
CELL 480.00 200.00 300.00 1
CELL 480.00 210.00 0.00 1
CELL 480.00 210.00 300.00 1
CELL 480.00 220.00 0.00 1
CELL 480.00 220.00 300.00 1
CELL 480.00 230.00 0.00 1
CELL 480.00 230.00 300.00 1
CELL 480.00 240.00 0.00 1
CELL 480.00 240.00 300.00 1
CELL 480.00 250.00 0.00 1
CELL 480.00 250.00 300.00 1
CELL 480.00 260.00 0.00 1
CELL 480.00 260.00 300.00 1
CELL 480.00 270.00 0.00 1
CELL 480.00 270.00 300.00 1
CELL 480.00 280.00 0.00 1
CELL 480.00 280.00 300.00 1
CELL 480.00 290.00 0.00 1
CELL 480.00 290.00 300.00 1
CELL 480.00 300.00 0.00 1
CELL 480.00 300.00 300.00 1
CELL 480.00 310.00 0.00 1
CELL 480.00 310.00 300.00 1
CELL 480.00 320.00 0.00 1
CELL 480.00 320.00 300.00 1
CELL 480.00 330.00 0.00 1
CELL 480.00 330.00 300.00 1
CELL 480.00 340.00 0.00 1
CELL 480.00 340.00 300.00 1
CELL 480.00 350.00 0.00 1
CELL 480.00 350.00 300.00 1
CELL 480.00 360.00 0.00 1
CELL 480.00 360.00 300.00 1
CELL 480.00 370.00 0.00 1
CELL 480.00 370.00 300.00 1
CELL 480.00 380.00 0.00 1
CELL 480.00 380.00 300.00 1
CELL 480.00 390.00 0.00 1
CELL 480.00 390.00 300.00 1
CELL 480.00 400.00 0.00 1
CELL 480.00 400.00 300.00 1
CELL 480.00 410.00 0.00 1
CELL 480.00 410.00 300.00 1
CELL 480.00 420.00 0.00 1
CELL 480.00 420.00 300.00 1
CELL 480.00 430.00 0.00 1
CELL 480.00 430.00 300.00 1
CELL 480.00 440.00 0.00 1
CELL 480.00 440.00 300.00 1
CELL 480.00 450.00 0.00 1
CELL 480.00 450.00 300.00 1
CELL 480.00 460.00 0.00 1
CELL 480.00 460.00 300.00 1
CELL 480.00 470.00 0.00 1
CELL 480.00 470.00 300.00 1
CELL 480.00 480.00 0.00 1
CELL 480.00 480.00 300.00 1
CELL 480.00 490.00 0.00 1
CELL 480.00 490.00 300.00 1
CELL 480.00 500.00 0.00 1
CELL 480.00 500.00 300.00 1
CELL 480.00 510.00 0.00 1
CELL 480.00 510.00 300.00 1
CELL 480.00 520.00 0.00 1
CELL 480.00 520.00 300.00 1
CELL 480.00 530.00 0.00 1
CELL 480.00 530.00 300.00 1
CELL 480.00 540.00 0.00 1
CELL 480.00 540.00 300.00 1
CELL 480.00 550.00 0.00 1
CELL 480.00 550.00 300.00 1
CELL 480.00 560.00 0.00 1
CELL 480.00 560.00 300.00 1
CELL 480.00 570.00 0.00 1
CELL 480.00 570.00 300.00 1
CELL 480.00 580.00 0.00 1
CELL 480.00 580.00 300.00 1
CELL 480.00 590.00 0.00 1
CELL 480.00 590.00 300.00 1
CELL 480.00 600.00 0.00 1
CELL 480.00 600.00 300.00 1
CELL 480.00 610.00 0.00 1
CELL 480.00 610.00 300.00 1
CELL 480.00 620.00 0.00 1
CELL 480.00 620.00 300.00 1
CELL 480.00 630.00 0.00 1
CELL 480.00 630.00 300.00 1
CELL 480.00 640.00 0.00 1
CELL 480.00 640.00 300.00 1
CELL 480.00 650.00 0.00 1
CELL 480.00 650.00 300.00 1
CELL 480.00 660.00 0.00 1
CELL 480.00 660.00 300.00 1
CELL 480.00 670.00 0.00 1
CELL 480.00 670.00 300.00 1
CELL 480.00 680.00 0.00 1
CELL 480.00 680.00 300.00 1
CELL 480.00 690.00 0.00 1
CELL 480.00 690.00 300.00 1
CELL 480.00 700.00 0.00 1
CELL 480.00 700.00 300.00 1
CELL 480.00 710.00 0.00 1
CELL 480.00 710.00 300.00 1
CELL 480.00 720.00 0.00 1
CELL 480.00 720.00 300.00 1
CELL 480.00 730.00 0.00 1
CELL 480.00 730.00 300.00 1
CELL 480.00 740.00 0.00 1
CELL 480.00 740.00 300.00 1
CELL 480.00 750.00 0.00 1
CELL 480.00 750.00 300.00 1
CELL 480.00 760.00 0.00 1
CELL 480.00 760.00 300.00 1
CELL 480.00 770.00 0.00 1
CELL 480.00 770.00 300.00 1
CELL 480.00 780.00 0.00 1
CELL 480.00 780.00 300.00 1
CELL 480.00 790.00 0.00 1
CELL 480.00 790.00 300.00 1
CELL 480.00 800.00 300.00 1
CELL 490.00 0.00 300.00 1
CELL 490.00 10.00 0.00 1
CELL 490.00 10.00 300.00 1
CELL 490.00 20.00 0.00 1
CELL 490.00 20.00 300.00 1
CELL 490.00 30.00 0.00 1
CELL 490.00 30.00 300.00 1
CELL 490.00 40.00 0.00 1
CELL 490.00 40.00 300.00 1
CELL 490.00 50.00 0.00 1
CELL 490.00 50.00 300.00 1
CELL 490.00 60.00 0.00 1
CELL 490.00 60.00 300.00 1
CELL 490.00 70.00 0.00 1
CELL 490.00 70.00 300.00 1
CELL 490.00 80.00 0.00 1
CELL 490.00 80.00 300.00 1
CELL 490.00 90.00 0.00 1
CELL 490.00 90.00 300.00 1
CELL 490.00 100.00 0.00 1
CELL 490.00 100.00 300.00 1
CELL 490.00 110.00 0.00 1
CELL 490.00 110.00 300.00 1
CELL 490.00 120.00 0.00 1
CELL 490.00 120.00 300.00 1
CELL 490.00 130.00 0.00 1
CELL 490.00 130.00 300.00 1
CELL 490.00 140.00 0.00 1
CELL 490.00 140.00 300.00 1
CELL 490.00 150.00 0.00 1
CELL 490.00 150.00 300.00 1
CELL 490.00 160.00 0.00 1
CELL 490.00 160.00 300.00 1
CELL 490.00 170.00 0.00 1
CELL 490.00 170.00 300.00 1
CELL 490.00 180.00 0.00 1
CELL 490.00 180.00 300.00 1
CELL 490.00 190.00 0.00 1
CELL 490.00 190.00 300.00 1
CELL 490.00 200.00 0.00 1
CELL 490.00 200.00 300.00 1
CELL 490.00 210.00 0.00 1
CELL 490.00 210.00 300.00 1
CELL 490.00 220.00 0.00 1
CELL 490.00 220.00 300.00 1
CELL 490.00 230.00 0.00 1
CELL 490.00 230.00 300.00 1
CELL 490.00 240.00 0.00 1
CELL 490.00 240.00 300.00 1
CELL 490.00 250.00 0.00 1
CELL 490.00 250.00 300.00 1
CELL 490.00 260.00 0.00 1
CELL 490.00 260.00 300.00 1
CELL 490.00 270.00 0.00 1
CELL 490.00 270.00 300.00 1
CELL 490.00 280.00 0.00 1
CELL 490.00 280.00 300.00 1
CELL 490.00 290.00 0.00 1
CELL 490.00 290.00 300.00 1
CELL 490.00 300.00 0.00 1
CELL 490.00 300.00 300.00 1
CELL 490.00 310.00 0.00 1
CELL 490.00 310.00 300.00 1
CELL 490.00 320.00 0.00 1
CELL 490.00 320.00 300.00 1
CELL 490.00 330.00 0.00 1
CELL 490.00 330.00 300.00 1
CELL 490.00 340.00 0.00 1
CELL 490.00 340.00 300.00 1
CELL 490.00 350.00 0.00 1
CELL 490.00 350.00 300.00 1
CELL 490.00 360.00 0.00 1
CELL 490.00 360.00 300.00 1
CELL 490.00 370.00 0.00 1
CELL 490.00 370.00 300.00 1
CELL 490.00 380.00 0.00 1
CELL 490.00 380.00 300.00 1
CELL 490.00 390.00 0.00 1
CELL 490.00 390.00 300.00 1
CELL 490.00 400.00 0.00 1
CELL 490.00 400.00 300.00 1
CELL 490.00 410.00 0.00 1
CELL 490.00 410.00 300.00 1
CELL 490.00 420.00 0.00 1
CELL 490.00 420.00 300.00 1
CELL 490.00 430.00 0.00 1
CELL 490.00 430.00 300.00 1
CELL 490.00 440.00 0.00 1
CELL 490.00 440.00 300.00 1
CELL 490.00 450.00 0.00 1
CELL 490.00 450.00 300.00 1
CELL 490.00 460.00 0.00 1
CELL 490.00 460.00 300.00 1
CELL 490.00 470.00 0.00 1
CELL 490.00 470.00 300.00 1
CELL 490.00 480.00 0.00 1
CELL 490.00 480.00 300.00 1
CELL 490.00 490.00 0.00 1
CELL 490.00 490.00 300.00 1
CELL 490.00 500.00 0.00 1
CELL 490.00 500.00 300.00 1
CELL 490.00 510.00 0.00 1
CELL 490.00 510.00 300.00 1
CELL 490.00 520.00 0.00 1
CELL 490.00 520.00 300.00 1
CELL 490.00 530.00 0.00 1
CELL 490.00 530.00 300.00 1
CELL 490.00 540.00 0.00 1
CELL 490.00 540.00 300.00 1
CELL 490.00 550.00 0.00 1
CELL 490.00 550.00 300.00 1
CELL 490.00 560.00 0.00 1
CELL 490.00 560.00 300.00 1
CELL 490.00 570.00 0.00 1
CELL 490.00 570.00 300.00 1
CELL 490.00 580.00 0.00 1
CELL 490.00 580.00 300.00 1
CELL 490.00 590.00 0.00 1
CELL 490.00 590.00 300.00 1
CELL 490.00 600.00 0.00 1
CELL 490.00 600.00 300.00 1
CELL 490.00 610.00 0.00 1
CELL 490.00 610.00 300.00 1
CELL 490.00 620.00 0.00 1
CELL 490.00 620.00 300.00 1
CELL 490.00 630.00 0.00 1
CELL 490.00 630.00 300.00 1
CELL 490.00 640.00 0.00 1
CELL 490.00 640.00 300.00 1
CELL 490.00 650.00 0.00 1
CELL 490.00 650.00 300.00 1
CELL 490.00 660.00 0.00 1
CELL 490.00 660.00 300.00 1
CELL 490.00 670.00 0.00 1
CELL 490.00 670.00 300.00 1
CELL 490.00 680.00 0.00 1
CELL 490.00 680.00 300.00 1
CELL 490.00 690.00 0.00 1
CELL 490.00 690.00 300.00 1
CELL 490.00 700.00 0.00 1
CELL 490.00 700.00 300.00 1
CELL 490.00 710.00 0.00 1
CELL 490.00 710.00 300.00 1
CELL 490.00 720.00 0.00 1
CELL 490.00 720.00 300.00 1
CELL 490.00 730.00 0.00 1
CELL 490.00 730.00 300.00 1
CELL 490.00 740.00 0.00 1
CELL 490.00 740.00 300.00 1
CELL 490.00 750.00 0.00 1
CELL 490.00 750.00 300.00 1
CELL 490.00 760.00 0.00 1
CELL 490.00 760.00 300.00 1
CELL 490.00 770.00 0.00 1
CELL 490.00 770.00 300.00 1
CELL 490.00 780.00 0.00 1
CELL 490.00 780.00 300.00 1
CELL 490.00 790.00 0.00 1
CELL 490.00 790.00 300.00 1
CELL 490.00 800.00 300.00 1
CELL 500.00 0.00 300.00 1
CELL 500.00 10.00 0.00 1
CELL 500.00 10.00 300.00 1
CELL 500.00 20.00 0.00 1
CELL 500.00 20.00 300.00 1
CELL 500.00 30.00 0.00 1
CELL 500.00 30.00 300.00 1
CELL 500.00 40.00 0.00 1
CELL 500.00 40.00 300.00 1
CELL 500.00 50.00 0.00 1
CELL 500.00 50.00 300.00 1
CELL 500.00 60.00 0.00 1
CELL 500.00 60.00 300.00 1
CELL 500.00 70.00 0.00 1
CELL 500.00 70.00 300.00 1
CELL 500.00 80.00 0.00 1
CELL 500.00 80.00 300.00 1
CELL 500.00 90.00 0.00 1
CELL 500.00 90.00 300.00 1
CELL 500.00 100.00 0.00 1
CELL 500.00 100.00 300.00 1
CELL 500.00 110.00 0.00 1
CELL 500.00 110.00 300.00 1
CELL 500.00 120.00 0.00 1
CELL 500.00 120.00 300.00 1
CELL 500.00 130.00 0.00 1
CELL 500.00 130.00 300.00 1
CELL 500.00 140.00 0.00 1
CELL 500.00 140.00 300.00 1
CELL 500.00 150.00 0.00 1
CELL 500.00 150.00 300.00 1
CELL 500.00 160.00 0.00 1
CELL 500.00 160.00 300.00 1
CELL 500.00 170.00 0.00 1
CELL 500.00 170.00 300.00 1
CELL 500.00 180.00 0.00 1
CELL 500.00 180.00 300.00 1
CELL 500.00 190.00 0.00 1
CELL 500.00 190.00 300.00 1
CELL 500.00 200.00 0.00 1
CELL 500.00 200.00 300.00 1
CELL 500.00 210.00 0.00 1
CELL 500.00 210.00 300.00 1
CELL 500.00 220.00 0.00 1
CELL 500.00 220.00 300.00 1
CELL 500.00 230.00 0.00 1
CELL 500.00 230.00 300.00 1
CELL 500.00 240.00 0.00 1
CELL 500.00 240.00 300.00 1
CELL 500.00 250.00 0.00 1
CELL 500.00 250.00 300.00 1
CELL 500.00 260.00 0.00 1
CELL 500.00 260.00 300.00 1
CELL 500.00 270.00 0.00 1
CELL 500.00 270.00 300.00 1
CELL 500.00 280.00 0.00 1
CELL 500.00 280.00 300.00 1
CELL 500.00 290.00 0.00 1
CELL 500.00 290.00 300.00 1
CELL 500.00 300.00 0.00 1
CELL 500.00 300.00 300.00 1
CELL 500.00 310.00 0.00 1
CELL 500.00 310.00 300.00 1
CELL 500.00 320.00 0.00 1
CELL 500.00 320.00 300.00 1
CELL 500.00 330.00 0.00 1
CELL 500.00 330.00 300.00 1
CELL 500.00 340.00 0.00 1
CELL 500.00 340.00 300.00 1
CELL 500.00 350.00 0.00 1
CELL 500.00 350.00 300.00 1
CELL 500.00 360.00 0.00 1
CELL 500.00 360.00 300.00 1
CELL 500.00 370.00 0.00 1
CELL 500.00 370.00 300.00 1
CELL 500.00 380.00 0.00 1
CELL 500.00 380.00 300.00 1
CELL 500.00 390.00 0.00 1
CELL 500.00 390.00 300.00 1
CELL 500.00 400.00 0.00 1
CELL 500.00 400.00 300.00 1
CELL 500.00 410.00 0.00 1
CELL 500.00 410.00 300.00 1
CELL 500.00 420.00 0.00 1
CELL 500.00 420.00 300.00 1
CELL 500.00 430.00 0.00 1
CELL 500.00 430.00 300.00 1
CELL 500.00 440.00 0.00 1
CELL 500.00 440.00 300.00 1
CELL 500.00 450.00 0.00 1
CELL 500.00 450.00 300.00 1
CELL 500.00 460.00 0.00 1
CELL 500.00 460.00 300.00 1
CELL 500.00 470.00 0.00 1
CELL 500.00 470.00 300.00 1
CELL 500.00 480.00 0.00 1
CELL 500.00 480.00 300.00 1
CELL 500.00 490.00 0.00 1
CELL 500.00 490.00 300.00 1
CELL 500.00 500.00 0.00 1
CELL 500.00 500.00 300.00 1
CELL 500.00 510.00 0.00 1
CELL 500.00 510.00 300.00 1
CELL 500.00 520.00 0.00 1
CELL 500.00 520.00 300.00 1
CELL 500.00 530.00 0.00 1
CELL 500.00 530.00 300.00 1
CELL 500.00 540.00 0.00 1
CELL 500.00 540.00 300.00 1
CELL 500.00 550.00 0.00 1
CELL 500.00 550.00 300.00 1
CELL 500.00 560.00 0.00 1
CELL 500.00 560.00 300.00 1
CELL 500.00 570.00 0.00 1
CELL 500.00 570.00 300.00 1
CELL 500.00 580.00 0.00 1
CELL 500.00 580.00 300.00 1
CELL 500.00 590.00 0.00 1
CELL 500.00 590.00 300.00 1
CELL 500.00 600.00 0.00 1
CELL 500.00 600.00 300.00 1
CELL 500.00 610.00 0.00 1
CELL 500.00 610.00 300.00 1
CELL 500.00 620.00 0.00 1
CELL 500.00 620.00 300.00 1
CELL 500.00 630.00 0.00 1
CELL 500.00 630.00 300.00 1
CELL 500.00 640.00 0.00 1
CELL 500.00 640.00 300.00 1
CELL 500.00 650.00 0.00 1
CELL 500.00 650.00 300.00 1
CELL 500.00 660.00 0.00 1
CELL 500.00 660.00 300.00 1
CELL 500.00 670.00 0.00 1
CELL 500.00 670.00 300.00 1
CELL 500.00 680.00 0.00 1
CELL 500.00 680.00 300.00 1
CELL 500.00 690.00 0.00 1
CELL 500.00 690.00 300.00 1
CELL 500.00 700.00 0.00 1
CELL 500.00 700.00 300.00 1
CELL 500.00 710.00 0.00 1
CELL 500.00 710.00 300.00 1
CELL 500.00 720.00 0.00 1
CELL 500.00 720.00 300.00 1
CELL 500.00 730.00 0.00 1
CELL 500.00 730.00 300.00 1
CELL 500.00 740.00 0.00 1
CELL 500.00 740.00 300.00 1
CELL 500.00 750.00 0.00 1
CELL 500.00 750.00 300.00 1
CELL 500.00 760.00 0.00 1
CELL 500.00 760.00 300.00 1
CELL 500.00 770.00 0.00 1
CELL 500.00 770.00 300.00 1
CELL 500.00 780.00 0.00 1
CELL 500.00 780.00 300.00 1
CELL 500.00 790.00 0.00 1
CELL 500.00 790.00 300.00 1
CELL 500.00 800.00 300.00 1
CELL 510.00 0.00 300.00 1
CELL 510.00 10.00 0.00 1
CELL 510.00 10.00 300.00 1
CELL 510.00 20.00 0.00 1
CELL 510.00 20.00 300.00 1
CELL 510.00 30.00 0.00 1
CELL 510.00 30.00 300.00 1
CELL 510.00 40.00 0.00 1
CELL 510.00 40.00 300.00 1
CELL 510.00 50.00 0.00 1
CELL 510.00 50.00 300.00 1
CELL 510.00 60.00 0.00 1
CELL 510.00 60.00 300.00 1
CELL 510.00 70.00 0.00 1
CELL 510.00 70.00 300.00 1
CELL 510.00 80.00 0.00 1
CELL 510.00 80.00 300.00 1
CELL 510.00 90.00 0.00 1
CELL 510.00 90.00 300.00 1
CELL 510.00 100.00 0.00 1
CELL 510.00 100.00 300.00 1
CELL 510.00 110.00 0.00 1
CELL 510.00 110.00 300.00 1
CELL 510.00 120.00 0.00 1
CELL 510.00 120.00 300.00 1
CELL 510.00 130.00 0.00 1
CELL 510.00 130.00 300.00 1
CELL 510.00 140.00 0.00 1
CELL 510.00 140.00 300.00 1
CELL 510.00 150.00 0.00 1
CELL 510.00 150.00 300.00 1
CELL 510.00 160.00 0.00 1
CELL 510.00 160.00 300.00 1
CELL 510.00 170.00 0.00 1
CELL 510.00 170.00 300.00 1
CELL 510.00 180.00 0.00 1
CELL 510.00 180.00 300.00 1
CELL 510.00 190.00 0.00 1
CELL 510.00 190.00 300.00 1
CELL 510.00 200.00 0.00 1
CELL 510.00 200.00 300.00 1
CELL 510.00 210.00 0.00 1
CELL 510.00 210.00 300.00 1
CELL 510.00 220.00 0.00 1
CELL 510.00 220.00 300.00 1
CELL 510.00 230.00 0.00 1
CELL 510.00 230.00 300.00 1
CELL 510.00 240.00 0.00 1
CELL 510.00 240.00 300.00 1
CELL 510.00 250.00 0.00 1
CELL 510.00 250.00 300.00 1
CELL 510.00 260.00 0.00 1
CELL 510.00 260.00 300.00 1
CELL 510.00 270.00 0.00 1
CELL 510.00 270.00 300.00 1
CELL 510.00 280.00 0.00 1
CELL 510.00 280.00 300.00 1
CELL 510.00 290.00 0.00 1
CELL 510.00 290.00 300.00 1
CELL 510.00 300.00 0.00 1
CELL 510.00 300.00 300.00 1
CELL 510.00 310.00 0.00 1
CELL 510.00 310.00 300.00 1
CELL 510.00 320.00 0.00 1
CELL 510.00 320.00 300.00 1
CELL 510.00 330.00 0.00 1
CELL 510.00 330.00 300.00 1
CELL 510.00 340.00 0.00 1
CELL 510.00 340.00 300.00 1
CELL 510.00 350.00 0.00 1
CELL 510.00 350.00 300.00 1
CELL 510.00 360.00 0.00 1
CELL 510.00 360.00 300.00 1
CELL 510.00 370.00 0.00 1
CELL 510.00 370.00 300.00 1
CELL 510.00 380.00 0.00 1
CELL 510.00 380.00 300.00 1
CELL 510.00 390.00 0.00 1
CELL 510.00 390.00 300.00 1
CELL 510.00 400.00 0.00 1
CELL 510.00 400.00 300.00 1
CELL 510.00 410.00 0.00 1
CELL 510.00 410.00 300.00 1
CELL 510.00 420.00 0.00 1
CELL 510.00 420.00 300.00 1
CELL 510.00 430.00 0.00 1
CELL 510.00 430.00 300.00 1
CELL 510.00 440.00 0.00 1
CELL 510.00 440.00 300.00 1
CELL 510.00 450.00 0.00 1
CELL 510.00 450.00 300.00 1
CELL 510.00 460.00 0.00 1
CELL 510.00 460.00 300.00 1
CELL 510.00 470.00 0.00 1
CELL 510.00 470.00 300.00 1
CELL 510.00 480.00 0.00 1
CELL 510.00 480.00 300.00 1
CELL 510.00 490.00 0.00 1
CELL 510.00 490.00 300.00 1
CELL 510.00 500.00 0.00 1
CELL 510.00 500.00 300.00 1
CELL 510.00 510.00 0.00 1
CELL 510.00 510.00 300.00 1
CELL 510.00 520.00 0.00 1
CELL 510.00 520.00 300.00 1
CELL 510.00 530.00 0.00 1
CELL 510.00 530.00 300.00 1
CELL 510.00 540.00 0.00 1
CELL 510.00 540.00 300.00 1
CELL 510.00 550.00 0.00 1
CELL 510.00 550.00 300.00 1
CELL 510.00 560.00 0.00 1
CELL 510.00 560.00 300.00 1
CELL 510.00 570.00 0.00 1
CELL 510.00 570.00 300.00 1
CELL 510.00 580.00 0.00 1
CELL 510.00 580.00 300.00 1
CELL 510.00 590.00 0.00 1
CELL 510.00 590.00 300.00 1
CELL 510.00 600.00 0.00 1
CELL 510.00 600.00 300.00 1
CELL 510.00 610.00 0.00 1
CELL 510.00 610.00 300.00 1
CELL 510.00 620.00 0.00 1
CELL 510.00 620.00 300.00 1
CELL 510.00 630.00 0.00 1
CELL 510.00 630.00 300.00 1
CELL 510.00 640.00 0.00 1
CELL 510.00 640.00 300.00 1
CELL 510.00 650.00 0.00 1
CELL 510.00 650.00 300.00 1
CELL 510.00 660.00 0.00 1
CELL 510.00 660.00 300.00 1
CELL 510.00 670.00 0.00 1
CELL 510.00 670.00 300.00 1
CELL 510.00 680.00 0.00 1
CELL 510.00 680.00 300.00 1
CELL 510.00 690.00 0.00 1
CELL 510.00 690.00 300.00 1
CELL 510.00 700.00 0.00 1
CELL 510.00 700.00 300.00 1
CELL 510.00 710.00 0.00 1
CELL 510.00 710.00 300.00 1
CELL 510.00 720.00 0.00 1
CELL 510.00 720.00 300.00 1
CELL 510.00 730.00 0.00 1
CELL 510.00 730.00 300.00 1
CELL 510.00 740.00 0.00 1
CELL 510.00 740.00 300.00 1
CELL 510.00 750.00 0.00 1
CELL 510.00 750.00 300.00 1
CELL 510.00 760.00 0.00 1
CELL 510.00 760.00 300.00 1
CELL 510.00 770.00 0.00 1
CELL 510.00 770.00 300.00 1
CELL 510.00 780.00 0.00 1
CELL 510.00 780.00 300.00 1
CELL 510.00 790.00 0.00 1
CELL 510.00 790.00 300.00 1
CELL 510.00 800.00 300.00 1
CELL 520.00 0.00 300.00 1
CELL 520.00 10.00 0.00 1
CELL 520.00 10.00 300.00 1
CELL 520.00 20.00 0.00 1
CELL 520.00 20.00 300.00 1
CELL 520.00 30.00 0.00 1
CELL 520.00 30.00 300.00 1
CELL 520.00 40.00 0.00 1
CELL 520.00 40.00 300.00 1
CELL 520.00 50.00 0.00 1
CELL 520.00 50.00 300.00 1
CELL 520.00 60.00 0.00 1
CELL 520.00 60.00 300.00 1
CELL 520.00 70.00 0.00 1
CELL 520.00 70.00 300.00 1
CELL 520.00 80.00 0.00 1
CELL 520.00 80.00 300.00 1
CELL 520.00 90.00 0.00 1
CELL 520.00 90.00 300.00 1
CELL 520.00 100.00 0.00 1
CELL 520.00 100.00 300.00 1
CELL 520.00 110.00 0.00 1
CELL 520.00 110.00 300.00 1
CELL 520.00 120.00 0.00 1
CELL 520.00 120.00 300.00 1
CELL 520.00 130.00 0.00 1
CELL 520.00 130.00 300.00 1
CELL 520.00 140.00 0.00 1
CELL 520.00 140.00 300.00 1
CELL 520.00 150.00 0.00 1
CELL 520.00 150.00 300.00 1
CELL 520.00 160.00 0.00 1
CELL 520.00 160.00 300.00 1
CELL 520.00 170.00 0.00 1
CELL 520.00 170.00 300.00 1
CELL 520.00 180.00 0.00 1
CELL 520.00 180.00 300.00 1
CELL 520.00 190.00 0.00 1
CELL 520.00 190.00 300.00 1
CELL 520.00 200.00 0.00 1
CELL 520.00 200.00 300.00 1
CELL 520.00 210.00 0.00 1
CELL 520.00 210.00 300.00 1
CELL 520.00 220.00 0.00 1
CELL 520.00 220.00 300.00 1
CELL 520.00 230.00 0.00 1
CELL 520.00 230.00 300.00 1
CELL 520.00 240.00 0.00 1
CELL 520.00 240.00 300.00 1
CELL 520.00 250.00 0.00 1
CELL 520.00 250.00 300.00 1
CELL 520.00 260.00 0.00 1
CELL 520.00 260.00 300.00 1
CELL 520.00 270.00 0.00 1
CELL 520.00 270.00 300.00 1
CELL 520.00 280.00 0.00 1
CELL 520.00 280.00 300.00 1
CELL 520.00 290.00 0.00 1
CELL 520.00 290.00 300.00 1
CELL 520.00 300.00 0.00 1
CELL 520.00 300.00 300.00 1
CELL 520.00 310.00 0.00 1
CELL 520.00 310.00 300.00 1
CELL 520.00 320.00 0.00 1
CELL 520.00 320.00 300.00 1
CELL 520.00 330.00 0.00 1
CELL 520.00 330.00 300.00 1
CELL 520.00 340.00 0.00 1
CELL 520.00 340.00 300.00 1
CELL 520.00 350.00 0.00 1
CELL 520.00 350.00 300.00 1
CELL 520.00 360.00 0.00 1
CELL 520.00 360.00 300.00 1
CELL 520.00 370.00 0.00 1
CELL 520.00 370.00 300.00 1
CELL 520.00 380.00 0.00 1
CELL 520.00 380.00 300.00 1
CELL 520.00 390.00 0.00 1
CELL 520.00 390.00 300.00 1
CELL 520.00 400.00 0.00 1
CELL 520.00 400.00 300.00 1
CELL 520.00 410.00 0.00 1
CELL 520.00 410.00 300.00 1
CELL 520.00 420.00 0.00 1
CELL 520.00 420.00 300.00 1
CELL 520.00 430.00 0.00 1
CELL 520.00 430.00 300.00 1
CELL 520.00 440.00 0.00 1
CELL 520.00 440.00 300.00 1
CELL 520.00 450.00 0.00 1
CELL 520.00 450.00 300.00 1
CELL 520.00 460.00 0.00 1
CELL 520.00 460.00 300.00 1
CELL 520.00 470.00 0.00 1
CELL 520.00 470.00 300.00 1
CELL 520.00 480.00 0.00 1
CELL 520.00 480.00 300.00 1
CELL 520.00 490.00 0.00 1
CELL 520.00 490.00 300.00 1
CELL 520.00 500.00 0.00 1
CELL 520.00 500.00 300.00 1
CELL 520.00 510.00 0.00 1
CELL 520.00 510.00 300.00 1
CELL 520.00 520.00 0.00 1
CELL 520.00 520.00 300.00 1
CELL 520.00 530.00 0.00 1
CELL 520.00 530.00 300.00 1
CELL 520.00 540.00 0.00 1
CELL 520.00 540.00 300.00 1
CELL 520.00 550.00 0.00 1
CELL 520.00 550.00 300.00 1
CELL 520.00 560.00 0.00 1
CELL 520.00 560.00 300.00 1
CELL 520.00 570.00 0.00 1
CELL 520.00 570.00 300.00 1
CELL 520.00 580.00 0.00 1
CELL 520.00 580.00 300.00 1
CELL 520.00 590.00 0.00 1
CELL 520.00 590.00 300.00 1
CELL 520.00 600.00 0.00 1
CELL 520.00 600.00 300.00 1
CELL 520.00 610.00 0.00 1
CELL 520.00 610.00 300.00 1
CELL 520.00 620.00 0.00 1
CELL 520.00 620.00 300.00 1
CELL 520.00 630.00 0.00 1
CELL 520.00 630.00 300.00 1
CELL 520.00 640.00 0.00 1
CELL 520.00 640.00 300.00 1
CELL 520.00 650.00 0.00 1
CELL 520.00 650.00 300.00 1
CELL 520.00 660.00 0.00 1
CELL 520.00 660.00 300.00 1
CELL 520.00 670.00 0.00 1
CELL 520.00 670.00 300.00 1
CELL 520.00 680.00 0.00 1
CELL 520.00 680.00 300.00 1
CELL 520.00 690.00 0.00 1
CELL 520.00 690.00 300.00 1
CELL 520.00 700.00 0.00 1
CELL 520.00 700.00 300.00 1
CELL 520.00 710.00 0.00 1
CELL 520.00 710.00 300.00 1
CELL 520.00 720.00 0.00 1
CELL 520.00 720.00 300.00 1
CELL 520.00 730.00 0.00 1
CELL 520.00 730.00 300.00 1
CELL 520.00 740.00 0.00 1
CELL 520.00 740.00 300.00 1
CELL 520.00 750.00 0.00 1
CELL 520.00 750.00 300.00 1
CELL 520.00 760.00 0.00 1
CELL 520.00 760.00 300.00 1
CELL 520.00 770.00 0.00 1
CELL 520.00 770.00 300.00 1
CELL 520.00 780.00 0.00 1
CELL 520.00 780.00 300.00 1
CELL 520.00 790.00 0.00 1
CELL 520.00 790.00 300.00 1
CELL 520.00 800.00 300.00 1
CELL 530.00 0.00 300.00 1
CELL 530.00 10.00 0.00 1
CELL 530.00 10.00 300.00 1
CELL 530.00 20.00 0.00 1
CELL 530.00 20.00 300.00 1
CELL 530.00 30.00 0.00 1
CELL 530.00 30.00 300.00 1
CELL 530.00 40.00 0.00 1
CELL 530.00 40.00 300.00 1
CELL 530.00 50.00 0.00 1
CELL 530.00 50.00 300.00 1
CELL 530.00 60.00 0.00 1
CELL 530.00 60.00 300.00 1
CELL 530.00 70.00 0.00 1
CELL 530.00 70.00 300.00 1
CELL 530.00 80.00 0.00 1
CELL 530.00 80.00 300.00 1
CELL 530.00 90.00 0.00 1
CELL 530.00 90.00 300.00 1
CELL 530.00 100.00 0.00 1
CELL 530.00 100.00 300.00 1
CELL 530.00 110.00 0.00 1
CELL 530.00 110.00 300.00 1
CELL 530.00 120.00 0.00 1
CELL 530.00 120.00 300.00 1
CELL 530.00 130.00 0.00 1
CELL 530.00 130.00 300.00 1
CELL 530.00 140.00 0.00 1
CELL 530.00 140.00 300.00 1
CELL 530.00 150.00 0.00 1
CELL 530.00 150.00 300.00 1
CELL 530.00 160.00 0.00 1
CELL 530.00 160.00 300.00 1
CELL 530.00 170.00 0.00 1
CELL 530.00 170.00 300.00 1
CELL 530.00 180.00 0.00 1
CELL 530.00 180.00 300.00 1
CELL 530.00 190.00 0.00 1
CELL 530.00 190.00 300.00 1
CELL 530.00 200.00 0.00 1
CELL 530.00 200.00 300.00 1
CELL 530.00 210.00 0.00 1
CELL 530.00 210.00 300.00 1
CELL 530.00 220.00 0.00 1
CELL 530.00 220.00 300.00 1
CELL 530.00 230.00 0.00 1
CELL 530.00 230.00 300.00 1
CELL 530.00 240.00 0.00 1
CELL 530.00 240.00 300.00 1
CELL 530.00 250.00 0.00 1
CELL 530.00 250.00 300.00 1
CELL 530.00 260.00 0.00 1
CELL 530.00 260.00 300.00 1
CELL 530.00 270.00 0.00 1
CELL 530.00 270.00 300.00 1
CELL 530.00 280.00 0.00 1
CELL 530.00 280.00 300.00 1
CELL 530.00 290.00 0.00 1
CELL 530.00 290.00 300.00 1
CELL 530.00 300.00 0.00 1
CELL 530.00 300.00 300.00 1
CELL 530.00 310.00 0.00 1
CELL 530.00 310.00 300.00 1
CELL 530.00 320.00 0.00 1
CELL 530.00 320.00 300.00 1
CELL 530.00 330.00 0.00 1
CELL 530.00 330.00 300.00 1
CELL 530.00 340.00 0.00 1
CELL 530.00 340.00 300.00 1
CELL 530.00 350.00 0.00 1
CELL 530.00 350.00 300.00 1
CELL 530.00 360.00 0.00 1
CELL 530.00 360.00 300.00 1
CELL 530.00 370.00 0.00 1
CELL 530.00 370.00 300.00 1
CELL 530.00 380.00 0.00 1
CELL 530.00 380.00 300.00 1
CELL 530.00 390.00 0.00 1
CELL 530.00 390.00 300.00 1
CELL 530.00 400.00 0.00 1
CELL 530.00 400.00 300.00 1
CELL 530.00 410.00 0.00 1
CELL 530.00 410.00 300.00 1
CELL 530.00 420.00 0.00 1
CELL 530.00 420.00 300.00 1
CELL 530.00 430.00 0.00 1
CELL 530.00 430.00 300.00 1
CELL 530.00 440.00 0.00 1
CELL 530.00 440.00 300.00 1
CELL 530.00 450.00 0.00 1
CELL 530.00 450.00 300.00 1
CELL 530.00 460.00 0.00 1
CELL 530.00 460.00 300.00 1
CELL 530.00 470.00 0.00 1
CELL 530.00 470.00 300.00 1
CELL 530.00 480.00 0.00 1
CELL 530.00 480.00 300.00 1
CELL 530.00 490.00 0.00 1
CELL 530.00 490.00 300.00 1
CELL 530.00 500.00 0.00 1
CELL 530.00 500.00 300.00 1
CELL 530.00 510.00 0.00 1
CELL 530.00 510.00 300.00 1
CELL 530.00 520.00 0.00 1
CELL 530.00 520.00 300.00 1
CELL 530.00 530.00 0.00 1
CELL 530.00 530.00 300.00 1
CELL 530.00 540.00 0.00 1
CELL 530.00 540.00 300.00 1
CELL 530.00 550.00 0.00 1
CELL 530.00 550.00 300.00 1
CELL 530.00 560.00 0.00 1
CELL 530.00 560.00 300.00 1
CELL 530.00 570.00 0.00 1
CELL 530.00 570.00 300.00 1
CELL 530.00 580.00 0.00 1
CELL 530.00 580.00 300.00 1
CELL 530.00 590.00 0.00 1
CELL 530.00 590.00 300.00 1
CELL 530.00 600.00 0.00 1
CELL 530.00 600.00 300.00 1
CELL 530.00 610.00 0.00 1
CELL 530.00 610.00 300.00 1
CELL 530.00 620.00 0.00 1
CELL 530.00 620.00 300.00 1
CELL 530.00 630.00 0.00 1
CELL 530.00 630.00 300.00 1
CELL 530.00 640.00 0.00 1
CELL 530.00 640.00 300.00 1
CELL 530.00 650.00 0.00 1
CELL 530.00 650.00 300.00 1
CELL 530.00 660.00 0.00 1
CELL 530.00 660.00 300.00 1
CELL 530.00 670.00 0.00 1
CELL 530.00 670.00 300.00 1
CELL 530.00 680.00 0.00 1
CELL 530.00 680.00 300.00 1
CELL 530.00 690.00 0.00 1
CELL 530.00 690.00 300.00 1
CELL 530.00 700.00 0.00 1
CELL 530.00 700.00 300.00 1
CELL 530.00 710.00 0.00 1
CELL 530.00 710.00 300.00 1
CELL 530.00 720.00 0.00 1
CELL 530.00 720.00 300.00 1
CELL 530.00 730.00 0.00 1
CELL 530.00 730.00 300.00 1
CELL 530.00 740.00 0.00 1
CELL 530.00 740.00 300.00 1
CELL 530.00 750.00 0.00 1
CELL 530.00 750.00 300.00 1
CELL 530.00 760.00 0.00 1
CELL 530.00 760.00 300.00 1
CELL 530.00 770.00 0.00 1
CELL 530.00 770.00 300.00 1
CELL 530.00 780.00 0.00 1
CELL 530.00 780.00 300.00 1
CELL 530.00 790.00 0.00 1
CELL 530.00 790.00 300.00 1
CELL 530.00 800.00 300.00 1
CELL 540.00 0.00 300.00 1
CELL 540.00 10.00 0.00 1
CELL 540.00 10.00 300.00 1
CELL 540.00 20.00 0.00 1
CELL 540.00 20.00 300.00 1
CELL 540.00 30.00 0.00 1
CELL 540.00 30.00 300.00 1
CELL 540.00 40.00 0.00 1
CELL 540.00 40.00 300.00 1
CELL 540.00 50.00 0.00 1
CELL 540.00 50.00 300.00 1
CELL 540.00 60.00 0.00 1
CELL 540.00 60.00 300.00 1
CELL 540.00 70.00 0.00 1
CELL 540.00 70.00 300.00 1
CELL 540.00 80.00 0.00 1
CELL 540.00 80.00 300.00 1
CELL 540.00 90.00 0.00 1
CELL 540.00 90.00 300.00 1
CELL 540.00 100.00 0.00 1
CELL 540.00 100.00 300.00 1
CELL 540.00 110.00 0.00 1
CELL 540.00 110.00 300.00 1
CELL 540.00 120.00 0.00 1
CELL 540.00 120.00 300.00 1
CELL 540.00 130.00 0.00 1
CELL 540.00 130.00 300.00 1
CELL 540.00 140.00 0.00 1
CELL 540.00 140.00 300.00 1
CELL 540.00 150.00 0.00 1
CELL 540.00 150.00 300.00 1
CELL 540.00 160.00 0.00 1
CELL 540.00 160.00 300.00 1
CELL 540.00 170.00 0.00 1
CELL 540.00 170.00 300.00 1
CELL 540.00 180.00 0.00 1
CELL 540.00 180.00 300.00 1
CELL 540.00 190.00 0.00 1
CELL 540.00 190.00 300.00 1
CELL 540.00 200.00 0.00 1
CELL 540.00 200.00 300.00 1
CELL 540.00 210.00 0.00 1
CELL 540.00 210.00 300.00 1
CELL 540.00 220.00 0.00 1
CELL 540.00 220.00 300.00 1
CELL 540.00 230.00 0.00 1
CELL 540.00 230.00 300.00 1
CELL 540.00 240.00 0.00 1
CELL 540.00 240.00 300.00 1
CELL 540.00 250.00 0.00 1
CELL 540.00 250.00 300.00 1
CELL 540.00 260.00 0.00 1
CELL 540.00 260.00 300.00 1
CELL 540.00 270.00 0.00 1
CELL 540.00 270.00 300.00 1
CELL 540.00 280.00 0.00 1
CELL 540.00 280.00 300.00 1
CELL 540.00 290.00 0.00 1
CELL 540.00 290.00 300.00 1
CELL 540.00 300.00 0.00 1
CELL 540.00 300.00 300.00 1
CELL 540.00 310.00 0.00 1
CELL 540.00 310.00 300.00 1
CELL 540.00 320.00 0.00 1
CELL 540.00 320.00 300.00 1
CELL 540.00 330.00 0.00 1
CELL 540.00 330.00 300.00 1
CELL 540.00 340.00 0.00 1
CELL 540.00 340.00 300.00 1
CELL 540.00 350.00 0.00 1
CELL 540.00 350.00 300.00 1
CELL 540.00 360.00 0.00 1
CELL 540.00 360.00 300.00 1
CELL 540.00 370.00 0.00 1
CELL 540.00 370.00 300.00 1
CELL 540.00 380.00 0.00 1
CELL 540.00 380.00 300.00 1
CELL 540.00 390.00 0.00 1
CELL 540.00 390.00 300.00 1
CELL 540.00 400.00 0.00 1
CELL 540.00 400.00 300.00 1
CELL 540.00 410.00 0.00 1
CELL 540.00 410.00 300.00 1
CELL 540.00 420.00 0.00 1
CELL 540.00 420.00 300.00 1
CELL 540.00 430.00 0.00 1
CELL 540.00 430.00 300.00 1
CELL 540.00 440.00 0.00 1
CELL 540.00 440.00 300.00 1
CELL 540.00 450.00 0.00 1
CELL 540.00 450.00 300.00 1
CELL 540.00 460.00 0.00 1
CELL 540.00 460.00 300.00 1
CELL 540.00 470.00 0.00 1
CELL 540.00 470.00 300.00 1
CELL 540.00 480.00 0.00 1
CELL 540.00 480.00 300.00 1
CELL 540.00 490.00 0.00 1
CELL 540.00 490.00 300.00 1
CELL 540.00 500.00 0.00 1
CELL 540.00 500.00 300.00 1
CELL 540.00 510.00 0.00 1
CELL 540.00 510.00 300.00 1
CELL 540.00 520.00 0.00 1
CELL 540.00 520.00 300.00 1
CELL 540.00 530.00 0.00 1
CELL 540.00 530.00 300.00 1
CELL 540.00 540.00 0.00 1
CELL 540.00 540.00 300.00 1
CELL 540.00 550.00 0.00 1
CELL 540.00 550.00 300.00 1
CELL 540.00 560.00 0.00 1
CELL 540.00 560.00 300.00 1
CELL 540.00 570.00 0.00 1
CELL 540.00 570.00 300.00 1
CELL 540.00 580.00 0.00 1
CELL 540.00 580.00 300.00 1
CELL 540.00 590.00 0.00 1
CELL 540.00 590.00 300.00 1
CELL 540.00 600.00 0.00 1
CELL 540.00 600.00 300.00 1
CELL 540.00 610.00 0.00 1
CELL 540.00 610.00 300.00 1
CELL 540.00 620.00 0.00 1
CELL 540.00 620.00 300.00 1
CELL 540.00 630.00 0.00 1
CELL 540.00 630.00 300.00 1
CELL 540.00 640.00 0.00 1
CELL 540.00 640.00 300.00 1
CELL 540.00 650.00 0.00 1
CELL 540.00 650.00 300.00 1
CELL 540.00 660.00 0.00 1
CELL 540.00 660.00 300.00 1
CELL 540.00 670.00 0.00 1
CELL 540.00 670.00 300.00 1
CELL 540.00 680.00 0.00 1
CELL 540.00 680.00 300.00 1
CELL 540.00 690.00 0.00 1
CELL 540.00 690.00 300.00 1
CELL 540.00 700.00 0.00 1
CELL 540.00 700.00 300.00 1
CELL 540.00 710.00 0.00 1
CELL 540.00 710.00 300.00 1
CELL 540.00 720.00 0.00 1
CELL 540.00 720.00 300.00 1
CELL 540.00 730.00 0.00 1
CELL 540.00 730.00 300.00 1
CELL 540.00 740.00 0.00 1
CELL 540.00 740.00 300.00 1
CELL 540.00 750.00 0.00 1
CELL 540.00 750.00 300.00 1
CELL 540.00 760.00 0.00 1
CELL 540.00 760.00 300.00 1
CELL 540.00 770.00 0.00 1
CELL 540.00 770.00 300.00 1
CELL 540.00 780.00 0.00 1
CELL 540.00 780.00 300.00 1
CELL 540.00 790.00 0.00 1
CELL 540.00 790.00 300.00 1
CELL 540.00 800.00 300.00 1
CELL 550.00 0.00 300.00 1
CELL 550.00 10.00 0.00 1
CELL 550.00 10.00 300.00 1
CELL 550.00 20.00 0.00 1
CELL 550.00 20.00 300.00 1
CELL 550.00 30.00 0.00 1
CELL 550.00 30.00 300.00 1
CELL 550.00 40.00 0.00 1
CELL 550.00 40.00 300.00 1
CELL 550.00 50.00 0.00 1
CELL 550.00 50.00 300.00 1
CELL 550.00 60.00 0.00 1
CELL 550.00 60.00 300.00 1
CELL 550.00 70.00 0.00 1
CELL 550.00 70.00 300.00 1
CELL 550.00 80.00 0.00 1
CELL 550.00 80.00 300.00 1
CELL 550.00 90.00 0.00 1
CELL 550.00 90.00 300.00 1
CELL 550.00 100.00 0.00 1
CELL 550.00 100.00 300.00 1
CELL 550.00 110.00 0.00 1
CELL 550.00 110.00 300.00 1
CELL 550.00 120.00 0.00 1
CELL 550.00 120.00 300.00 1
CELL 550.00 130.00 0.00 1
CELL 550.00 130.00 300.00 1
CELL 550.00 140.00 0.00 1
CELL 550.00 140.00 300.00 1
CELL 550.00 150.00 0.00 1
CELL 550.00 150.00 300.00 1
CELL 550.00 160.00 0.00 1
CELL 550.00 160.00 300.00 1
CELL 550.00 170.00 0.00 1
CELL 550.00 170.00 300.00 1
CELL 550.00 180.00 0.00 1
CELL 550.00 180.00 300.00 1
CELL 550.00 190.00 0.00 1
CELL 550.00 190.00 300.00 1
CELL 550.00 200.00 0.00 1
CELL 550.00 200.00 300.00 1
CELL 550.00 210.00 0.00 1
CELL 550.00 210.00 300.00 1
CELL 550.00 220.00 0.00 1
CELL 550.00 220.00 300.00 1
CELL 550.00 230.00 0.00 1
CELL 550.00 230.00 300.00 1
CELL 550.00 240.00 0.00 1
CELL 550.00 240.00 300.00 1
CELL 550.00 250.00 0.00 1
CELL 550.00 250.00 300.00 1
CELL 550.00 260.00 0.00 1
CELL 550.00 260.00 300.00 1
CELL 550.00 270.00 0.00 1
CELL 550.00 270.00 300.00 1
CELL 550.00 280.00 0.00 1
CELL 550.00 280.00 300.00 1
CELL 550.00 290.00 0.00 1
CELL 550.00 290.00 300.00 1
CELL 550.00 300.00 0.00 1
CELL 550.00 300.00 300.00 1
CELL 550.00 310.00 0.00 1
CELL 550.00 310.00 300.00 1
CELL 550.00 320.00 0.00 1
CELL 550.00 320.00 300.00 1
CELL 550.00 330.00 0.00 1
CELL 550.00 330.00 300.00 1
CELL 550.00 340.00 0.00 1
CELL 550.00 340.00 300.00 1
CELL 550.00 350.00 0.00 1
CELL 550.00 350.00 300.00 1
CELL 550.00 360.00 0.00 1
CELL 550.00 360.00 300.00 1
CELL 550.00 370.00 0.00 1
CELL 550.00 370.00 300.00 1
CELL 550.00 380.00 0.00 1
CELL 550.00 380.00 300.00 1
CELL 550.00 390.00 0.00 1
CELL 550.00 390.00 300.00 1
CELL 550.00 400.00 0.00 1
CELL 550.00 400.00 300.00 1
CELL 550.00 410.00 0.00 1
CELL 550.00 410.00 300.00 1
CELL 550.00 420.00 0.00 1
CELL 550.00 420.00 300.00 1
CELL 550.00 430.00 0.00 1
CELL 550.00 430.00 300.00 1
CELL 550.00 440.00 0.00 1
CELL 550.00 440.00 300.00 1
CELL 550.00 450.00 0.00 1
CELL 550.00 450.00 300.00 1
CELL 550.00 460.00 0.00 1
CELL 550.00 460.00 300.00 1
CELL 550.00 470.00 0.00 1
CELL 550.00 470.00 300.00 1
CELL 550.00 480.00 0.00 1
CELL 550.00 480.00 300.00 1
CELL 550.00 490.00 0.00 1
CELL 550.00 490.00 300.00 1
CELL 550.00 500.00 0.00 1
CELL 550.00 500.00 300.00 1
CELL 550.00 510.00 0.00 1
CELL 550.00 510.00 300.00 1
CELL 550.00 520.00 0.00 1
CELL 550.00 520.00 300.00 1
CELL 550.00 530.00 0.00 1
CELL 550.00 530.00 300.00 1
CELL 550.00 540.00 0.00 1
CELL 550.00 540.00 300.00 1
CELL 550.00 550.00 0.00 1
CELL 550.00 550.00 300.00 1
CELL 550.00 560.00 0.00 1
CELL 550.00 560.00 300.00 1
CELL 550.00 570.00 0.00 1
CELL 550.00 570.00 300.00 1
CELL 550.00 580.00 0.00 1
CELL 550.00 580.00 300.00 1
CELL 550.00 590.00 0.00 1
CELL 550.00 590.00 300.00 1
CELL 550.00 600.00 0.00 1
CELL 550.00 600.00 300.00 1
CELL 550.00 610.00 0.00 1
CELL 550.00 610.00 300.00 1
CELL 550.00 620.00 0.00 1
CELL 550.00 620.00 300.00 1
CELL 550.00 630.00 0.00 1
CELL 550.00 630.00 300.00 1
CELL 550.00 640.00 0.00 1
CELL 550.00 640.00 300.00 1
CELL 550.00 650.00 0.00 1
CELL 550.00 650.00 300.00 1
CELL 550.00 660.00 0.00 1
CELL 550.00 660.00 300.00 1
CELL 550.00 670.00 0.00 1
CELL 550.00 670.00 300.00 1
CELL 550.00 680.00 0.00 1
CELL 550.00 680.00 300.00 1
CELL 550.00 690.00 0.00 1
CELL 550.00 690.00 300.00 1
CELL 550.00 700.00 0.00 1
CELL 550.00 700.00 300.00 1
CELL 550.00 710.00 0.00 1
CELL 550.00 710.00 300.00 1
CELL 550.00 720.00 0.00 1
CELL 550.00 720.00 300.00 1
CELL 550.00 730.00 0.00 1
CELL 550.00 730.00 300.00 1
CELL 550.00 740.00 0.00 1
CELL 550.00 740.00 300.00 1
CELL 550.00 750.00 0.00 1
CELL 550.00 750.00 300.00 1
CELL 550.00 760.00 0.00 1
CELL 550.00 760.00 300.00 1
CELL 550.00 770.00 0.00 1
CELL 550.00 770.00 300.00 1
CELL 550.00 780.00 0.00 1
CELL 550.00 780.00 300.00 1
CELL 550.00 790.00 0.00 1
CELL 550.00 790.00 300.00 1
CELL 550.00 800.00 300.00 1
CELL 560.00 0.00 300.00 1
CELL 560.00 10.00 0.00 1
CELL 560.00 10.00 300.00 1
CELL 560.00 20.00 0.00 1
CELL 560.00 20.00 300.00 1
CELL 560.00 30.00 0.00 1
CELL 560.00 30.00 300.00 1
CELL 560.00 40.00 0.00 1
CELL 560.00 40.00 300.00 1
CELL 560.00 50.00 0.00 1
CELL 560.00 50.00 300.00 1
CELL 560.00 60.00 0.00 1
CELL 560.00 60.00 300.00 1
CELL 560.00 70.00 0.00 1
CELL 560.00 70.00 300.00 1
CELL 560.00 80.00 0.00 1
CELL 560.00 80.00 300.00 1
CELL 560.00 90.00 0.00 1
CELL 560.00 90.00 300.00 1
CELL 560.00 100.00 0.00 1
CELL 560.00 100.00 300.00 1
CELL 560.00 110.00 0.00 1
CELL 560.00 110.00 300.00 1
CELL 560.00 120.00 0.00 1
CELL 560.00 120.00 300.00 1
CELL 560.00 130.00 0.00 1
CELL 560.00 130.00 300.00 1
CELL 560.00 140.00 0.00 1
CELL 560.00 140.00 300.00 1
CELL 560.00 150.00 0.00 1
CELL 560.00 150.00 300.00 1
CELL 560.00 160.00 0.00 1
CELL 560.00 160.00 300.00 1
CELL 560.00 170.00 0.00 1
CELL 560.00 170.00 300.00 1
CELL 560.00 180.00 0.00 1
CELL 560.00 180.00 300.00 1
CELL 560.00 190.00 0.00 1
CELL 560.00 190.00 300.00 1
CELL 560.00 200.00 0.00 1
CELL 560.00 200.00 300.00 1
CELL 560.00 210.00 0.00 1
CELL 560.00 210.00 300.00 1
CELL 560.00 220.00 0.00 1
CELL 560.00 220.00 300.00 1
CELL 560.00 230.00 0.00 1
CELL 560.00 230.00 300.00 1
CELL 560.00 240.00 0.00 1
CELL 560.00 240.00 300.00 1
CELL 560.00 250.00 0.00 1
CELL 560.00 250.00 300.00 1
CELL 560.00 260.00 0.00 1
CELL 560.00 260.00 300.00 1
CELL 560.00 270.00 0.00 1
CELL 560.00 270.00 300.00 1
CELL 560.00 280.00 0.00 1
CELL 560.00 280.00 300.00 1
CELL 560.00 290.00 0.00 1
CELL 560.00 290.00 300.00 1
CELL 560.00 300.00 0.00 1
CELL 560.00 300.00 300.00 1
CELL 560.00 310.00 0.00 1
CELL 560.00 310.00 300.00 1
CELL 560.00 320.00 0.00 1
CELL 560.00 320.00 300.00 1
CELL 560.00 330.00 0.00 1
CELL 560.00 330.00 300.00 1
CELL 560.00 340.00 0.00 1
CELL 560.00 340.00 300.00 1
CELL 560.00 350.00 0.00 1
CELL 560.00 350.00 300.00 1
CELL 560.00 360.00 0.00 1
CELL 560.00 360.00 300.00 1
CELL 560.00 370.00 0.00 1
CELL 560.00 370.00 300.00 1
CELL 560.00 380.00 0.00 1
CELL 560.00 380.00 300.00 1
CELL 560.00 390.00 0.00 1
CELL 560.00 390.00 300.00 1
CELL 560.00 400.00 0.00 1
CELL 560.00 400.00 300.00 1
CELL 560.00 410.00 0.00 1
CELL 560.00 410.00 300.00 1
CELL 560.00 420.00 0.00 1
CELL 560.00 420.00 300.00 1
CELL 560.00 430.00 0.00 1
CELL 560.00 430.00 300.00 1
CELL 560.00 440.00 0.00 1
CELL 560.00 440.00 300.00 1
CELL 560.00 450.00 0.00 1
CELL 560.00 450.00 300.00 1
CELL 560.00 460.00 0.00 1
CELL 560.00 460.00 300.00 1
CELL 560.00 470.00 0.00 1
CELL 560.00 470.00 300.00 1
CELL 560.00 480.00 0.00 1
CELL 560.00 480.00 300.00 1
CELL 560.00 490.00 0.00 1
CELL 560.00 490.00 300.00 1
CELL 560.00 500.00 0.00 1
CELL 560.00 500.00 300.00 1
CELL 560.00 510.00 0.00 1
CELL 560.00 510.00 300.00 1
CELL 560.00 520.00 0.00 1
CELL 560.00 520.00 300.00 1
CELL 560.00 530.00 0.00 1
CELL 560.00 530.00 300.00 1
CELL 560.00 540.00 0.00 1
CELL 560.00 540.00 300.00 1
CELL 560.00 550.00 0.00 1
CELL 560.00 550.00 300.00 1
CELL 560.00 560.00 0.00 1
CELL 560.00 560.00 300.00 1
CELL 560.00 570.00 0.00 1
CELL 560.00 570.00 300.00 1
CELL 560.00 580.00 0.00 1
CELL 560.00 580.00 300.00 1
CELL 560.00 590.00 0.00 1
CELL 560.00 590.00 300.00 1
CELL 560.00 600.00 0.00 1
CELL 560.00 600.00 300.00 1
CELL 560.00 610.00 0.00 1
CELL 560.00 610.00 300.00 1
CELL 560.00 620.00 0.00 1
CELL 560.00 620.00 300.00 1
CELL 560.00 630.00 0.00 1
CELL 560.00 630.00 300.00 1
CELL 560.00 640.00 0.00 1
CELL 560.00 640.00 300.00 1
CELL 560.00 650.00 0.00 1
CELL 560.00 650.00 300.00 1
CELL 560.00 660.00 0.00 1
CELL 560.00 660.00 300.00 1
CELL 560.00 670.00 0.00 1
CELL 560.00 670.00 300.00 1
CELL 560.00 680.00 0.00 1
CELL 560.00 680.00 300.00 1
CELL 560.00 690.00 0.00 1
CELL 560.00 690.00 300.00 1
CELL 560.00 700.00 0.00 1
CELL 560.00 700.00 300.00 1
CELL 560.00 710.00 0.00 1
CELL 560.00 710.00 300.00 1
CELL 560.00 720.00 0.00 1
CELL 560.00 720.00 300.00 1
CELL 560.00 730.00 0.00 1
CELL 560.00 730.00 300.00 1
CELL 560.00 740.00 0.00 1
CELL 560.00 740.00 300.00 1
CELL 560.00 750.00 0.00 1
CELL 560.00 750.00 300.00 1
CELL 560.00 760.00 0.00 1
CELL 560.00 760.00 300.00 1
CELL 560.00 770.00 0.00 1
CELL 560.00 770.00 300.00 1
CELL 560.00 780.00 0.00 1
CELL 560.00 780.00 300.00 1
CELL 560.00 790.00 0.00 1
CELL 560.00 790.00 300.00 1
CELL 560.00 800.00 300.00 1
CELL 570.00 0.00 300.00 1
CELL 570.00 10.00 0.00 1
CELL 570.00 10.00 300.00 1
CELL 570.00 20.00 0.00 1
CELL 570.00 20.00 300.00 1
CELL 570.00 30.00 0.00 1
CELL 570.00 30.00 300.00 1
CELL 570.00 40.00 0.00 1
CELL 570.00 40.00 300.00 1
CELL 570.00 50.00 0.00 1
CELL 570.00 50.00 300.00 1
CELL 570.00 60.00 0.00 1
CELL 570.00 60.00 300.00 1
CELL 570.00 70.00 0.00 1
CELL 570.00 70.00 300.00 1
CELL 570.00 80.00 0.00 1
CELL 570.00 80.00 300.00 1
CELL 570.00 90.00 0.00 1
CELL 570.00 90.00 300.00 1
CELL 570.00 100.00 0.00 1
CELL 570.00 100.00 300.00 1
CELL 570.00 110.00 0.00 1
CELL 570.00 110.00 300.00 1
CELL 570.00 120.00 0.00 1
CELL 570.00 120.00 300.00 1
CELL 570.00 130.00 0.00 1
CELL 570.00 130.00 300.00 1
CELL 570.00 140.00 0.00 1
CELL 570.00 140.00 300.00 1
CELL 570.00 150.00 0.00 1
CELL 570.00 150.00 300.00 1
CELL 570.00 160.00 0.00 1
CELL 570.00 160.00 300.00 1
CELL 570.00 170.00 0.00 1
CELL 570.00 170.00 300.00 1
CELL 570.00 180.00 0.00 1
CELL 570.00 180.00 300.00 1
CELL 570.00 190.00 0.00 1
CELL 570.00 190.00 300.00 1
CELL 570.00 200.00 0.00 1
CELL 570.00 200.00 300.00 1
CELL 570.00 210.00 0.00 1
CELL 570.00 210.00 300.00 1
CELL 570.00 220.00 0.00 1
CELL 570.00 220.00 300.00 1
CELL 570.00 230.00 0.00 1
CELL 570.00 230.00 300.00 1
CELL 570.00 240.00 0.00 1
CELL 570.00 240.00 300.00 1
CELL 570.00 250.00 0.00 1
CELL 570.00 250.00 300.00 1
CELL 570.00 260.00 0.00 1
CELL 570.00 260.00 300.00 1
CELL 570.00 270.00 0.00 1
CELL 570.00 270.00 300.00 1
CELL 570.00 280.00 0.00 1
CELL 570.00 280.00 300.00 1
CELL 570.00 290.00 0.00 1
CELL 570.00 290.00 300.00 1
CELL 570.00 300.00 0.00 1
CELL 570.00 300.00 300.00 1
CELL 570.00 310.00 0.00 1
CELL 570.00 310.00 300.00 1
CELL 570.00 320.00 0.00 1
CELL 570.00 320.00 300.00 1
CELL 570.00 330.00 0.00 1
CELL 570.00 330.00 300.00 1
CELL 570.00 340.00 0.00 1
CELL 570.00 340.00 300.00 1
CELL 570.00 350.00 0.00 1
CELL 570.00 350.00 300.00 1
CELL 570.00 360.00 0.00 1
CELL 570.00 360.00 300.00 1
CELL 570.00 370.00 0.00 1
CELL 570.00 370.00 300.00 1
CELL 570.00 380.00 0.00 1
CELL 570.00 380.00 300.00 1
CELL 570.00 390.00 0.00 1
CELL 570.00 390.00 300.00 1
CELL 570.00 400.00 0.00 1
CELL 570.00 400.00 300.00 1
CELL 570.00 410.00 0.00 1
CELL 570.00 410.00 300.00 1
CELL 570.00 420.00 0.00 1
CELL 570.00 420.00 300.00 1
CELL 570.00 430.00 0.00 1
CELL 570.00 430.00 300.00 1
CELL 570.00 440.00 0.00 1
CELL 570.00 440.00 300.00 1
CELL 570.00 450.00 0.00 1
CELL 570.00 450.00 300.00 1
CELL 570.00 460.00 0.00 1
CELL 570.00 460.00 300.00 1
CELL 570.00 470.00 0.00 1
CELL 570.00 470.00 300.00 1
CELL 570.00 480.00 0.00 1
CELL 570.00 480.00 300.00 1
CELL 570.00 490.00 0.00 1
CELL 570.00 490.00 300.00 1
CELL 570.00 500.00 0.00 1
CELL 570.00 500.00 300.00 1
CELL 570.00 510.00 0.00 1
CELL 570.00 510.00 300.00 1
CELL 570.00 520.00 0.00 1
CELL 570.00 520.00 300.00 1
CELL 570.00 530.00 0.00 1
CELL 570.00 530.00 300.00 1
CELL 570.00 540.00 0.00 1
CELL 570.00 540.00 300.00 1
CELL 570.00 550.00 0.00 1
CELL 570.00 550.00 300.00 1
CELL 570.00 560.00 0.00 1
CELL 570.00 560.00 300.00 1
CELL 570.00 570.00 0.00 1
CELL 570.00 570.00 300.00 1
CELL 570.00 580.00 0.00 1
CELL 570.00 580.00 300.00 1
CELL 570.00 590.00 0.00 1
CELL 570.00 590.00 300.00 1
CELL 570.00 600.00 0.00 1
CELL 570.00 600.00 300.00 1
CELL 570.00 610.00 0.00 1
CELL 570.00 610.00 300.00 1
CELL 570.00 620.00 0.00 1
CELL 570.00 620.00 300.00 1
CELL 570.00 630.00 0.00 1
CELL 570.00 630.00 300.00 1
CELL 570.00 640.00 0.00 1
CELL 570.00 640.00 300.00 1
CELL 570.00 650.00 0.00 1
CELL 570.00 650.00 300.00 1
CELL 570.00 660.00 0.00 1
CELL 570.00 660.00 300.00 1
CELL 570.00 670.00 0.00 1
CELL 570.00 670.00 300.00 1
CELL 570.00 680.00 0.00 1
CELL 570.00 680.00 300.00 1
CELL 570.00 690.00 0.00 1
CELL 570.00 690.00 300.00 1
CELL 570.00 700.00 0.00 1
CELL 570.00 700.00 300.00 1
CELL 570.00 710.00 0.00 1
CELL 570.00 710.00 300.00 1
CELL 570.00 720.00 0.00 1
CELL 570.00 720.00 300.00 1
CELL 570.00 730.00 0.00 1
CELL 570.00 730.00 300.00 1
CELL 570.00 740.00 0.00 1
CELL 570.00 740.00 300.00 1
CELL 570.00 750.00 0.00 1
CELL 570.00 750.00 300.00 1
CELL 570.00 760.00 0.00 1
CELL 570.00 760.00 300.00 1
CELL 570.00 770.00 0.00 1
CELL 570.00 770.00 300.00 1
CELL 570.00 780.00 0.00 1
CELL 570.00 780.00 300.00 1
CELL 570.00 790.00 0.00 1
CELL 570.00 790.00 300.00 1
CELL 570.00 800.00 300.00 1
CELL 580.00 0.00 300.00 1
CELL 580.00 10.00 0.00 1
CELL 580.00 10.00 300.00 1
CELL 580.00 20.00 0.00 1
CELL 580.00 20.00 300.00 1
CELL 580.00 30.00 0.00 1
CELL 580.00 30.00 300.00 1
CELL 580.00 40.00 0.00 1
CELL 580.00 40.00 300.00 1
CELL 580.00 50.00 0.00 1
CELL 580.00 50.00 300.00 1
CELL 580.00 60.00 0.00 1
CELL 580.00 60.00 300.00 1
CELL 580.00 70.00 0.00 1
CELL 580.00 70.00 300.00 1
CELL 580.00 80.00 0.00 1
CELL 580.00 80.00 300.00 1
CELL 580.00 90.00 0.00 1
CELL 580.00 90.00 300.00 1
CELL 580.00 100.00 0.00 1
CELL 580.00 100.00 300.00 1
CELL 580.00 110.00 0.00 1
CELL 580.00 110.00 300.00 1
CELL 580.00 120.00 0.00 1
CELL 580.00 120.00 300.00 1
CELL 580.00 130.00 0.00 1
CELL 580.00 130.00 300.00 1
CELL 580.00 140.00 0.00 1
CELL 580.00 140.00 300.00 1
CELL 580.00 150.00 0.00 1
CELL 580.00 150.00 300.00 1
CELL 580.00 160.00 0.00 1
CELL 580.00 160.00 300.00 1
CELL 580.00 170.00 0.00 1
CELL 580.00 170.00 300.00 1
CELL 580.00 180.00 0.00 1
CELL 580.00 180.00 300.00 1
CELL 580.00 190.00 0.00 1
CELL 580.00 190.00 300.00 1
CELL 580.00 200.00 0.00 1
CELL 580.00 200.00 300.00 1
CELL 580.00 210.00 0.00 1
CELL 580.00 210.00 300.00 1
CELL 580.00 220.00 0.00 1
CELL 580.00 220.00 300.00 1
CELL 580.00 230.00 0.00 1
CELL 580.00 230.00 300.00 1
CELL 580.00 240.00 0.00 1
CELL 580.00 240.00 300.00 1
CELL 580.00 250.00 0.00 1
CELL 580.00 250.00 300.00 1
CELL 580.00 260.00 0.00 1
CELL 580.00 260.00 300.00 1
CELL 580.00 270.00 0.00 1
CELL 580.00 270.00 300.00 1
CELL 580.00 280.00 0.00 1
CELL 580.00 280.00 300.00 1
CELL 580.00 290.00 0.00 1
CELL 580.00 290.00 300.00 1
CELL 580.00 300.00 0.00 1
CELL 580.00 300.00 300.00 1
CELL 580.00 310.00 0.00 1
CELL 580.00 310.00 300.00 1
CELL 580.00 320.00 0.00 1
CELL 580.00 320.00 300.00 1
CELL 580.00 330.00 0.00 1
CELL 580.00 330.00 300.00 1
CELL 580.00 340.00 0.00 1
CELL 580.00 340.00 300.00 1
CELL 580.00 350.00 0.00 1
CELL 580.00 350.00 300.00 1
CELL 580.00 360.00 0.00 1
CELL 580.00 360.00 300.00 1
CELL 580.00 370.00 0.00 1
CELL 580.00 370.00 300.00 1
CELL 580.00 380.00 0.00 1
CELL 580.00 380.00 300.00 1
CELL 580.00 390.00 0.00 1
CELL 580.00 390.00 300.00 1
CELL 580.00 400.00 0.00 1
CELL 580.00 400.00 300.00 1
CELL 580.00 410.00 0.00 1
CELL 580.00 410.00 300.00 1
CELL 580.00 420.00 0.00 1
CELL 580.00 420.00 300.00 1
CELL 580.00 430.00 0.00 1
CELL 580.00 430.00 300.00 1
CELL 580.00 440.00 0.00 1
CELL 580.00 440.00 300.00 1
CELL 580.00 450.00 0.00 1
CELL 580.00 450.00 300.00 1
CELL 580.00 460.00 0.00 1
CELL 580.00 460.00 300.00 1
CELL 580.00 470.00 0.00 1
CELL 580.00 470.00 300.00 1
CELL 580.00 480.00 0.00 1
CELL 580.00 480.00 300.00 1
CELL 580.00 490.00 0.00 1
CELL 580.00 490.00 300.00 1
CELL 580.00 500.00 0.00 1
CELL 580.00 500.00 300.00 1
CELL 580.00 510.00 0.00 1
CELL 580.00 510.00 300.00 1
CELL 580.00 520.00 0.00 1
CELL 580.00 520.00 300.00 1
CELL 580.00 530.00 0.00 1
CELL 580.00 530.00 300.00 1
CELL 580.00 540.00 0.00 1
CELL 580.00 540.00 300.00 1
CELL 580.00 550.00 0.00 1
CELL 580.00 550.00 300.00 1
CELL 580.00 560.00 0.00 1
CELL 580.00 560.00 300.00 1
CELL 580.00 570.00 0.00 1
CELL 580.00 570.00 300.00 1
CELL 580.00 580.00 0.00 1
CELL 580.00 580.00 300.00 1
CELL 580.00 590.00 0.00 1
CELL 580.00 590.00 300.00 1
CELL 580.00 600.00 0.00 1
CELL 580.00 600.00 300.00 1
CELL 580.00 610.00 0.00 1
CELL 580.00 610.00 300.00 1
CELL 580.00 620.00 0.00 1
CELL 580.00 620.00 300.00 1
CELL 580.00 630.00 0.00 1
CELL 580.00 630.00 300.00 1
CELL 580.00 640.00 0.00 1
CELL 580.00 640.00 300.00 1
CELL 580.00 650.00 0.00 1
CELL 580.00 650.00 300.00 1
CELL 580.00 660.00 0.00 1
CELL 580.00 660.00 300.00 1
CELL 580.00 670.00 0.00 1
CELL 580.00 670.00 300.00 1
CELL 580.00 680.00 0.00 1
CELL 580.00 680.00 300.00 1
CELL 580.00 690.00 0.00 1
CELL 580.00 690.00 300.00 1
CELL 580.00 700.00 0.00 1
CELL 580.00 700.00 300.00 1
CELL 580.00 710.00 0.00 1
CELL 580.00 710.00 300.00 1
CELL 580.00 720.00 0.00 1
CELL 580.00 720.00 300.00 1
CELL 580.00 730.00 0.00 1
CELL 580.00 730.00 300.00 1
CELL 580.00 740.00 0.00 1
CELL 580.00 740.00 300.00 1
CELL 580.00 750.00 0.00 1
CELL 580.00 750.00 300.00 1
CELL 580.00 760.00 0.00 1
CELL 580.00 760.00 300.00 1
CELL 580.00 770.00 0.00 1
CELL 580.00 770.00 300.00 1
CELL 580.00 780.00 0.00 1
CELL 580.00 780.00 300.00 1
CELL 580.00 790.00 0.00 1
CELL 580.00 790.00 300.00 1
CELL 580.00 800.00 300.00 1
CELL 590.00 0.00 300.00 1
CELL 590.00 10.00 0.00 1
CELL 590.00 10.00 300.00 1
CELL 590.00 20.00 0.00 1
CELL 590.00 20.00 300.00 1
CELL 590.00 30.00 0.00 1
CELL 590.00 30.00 300.00 1
CELL 590.00 40.00 0.00 1
CELL 590.00 40.00 300.00 1
CELL 590.00 50.00 0.00 1
CELL 590.00 50.00 300.00 1
CELL 590.00 60.00 0.00 1
CELL 590.00 60.00 300.00 1
CELL 590.00 70.00 0.00 1
CELL 590.00 70.00 300.00 1
CELL 590.00 80.00 0.00 1
CELL 590.00 80.00 300.00 1
CELL 590.00 90.00 0.00 1
CELL 590.00 90.00 300.00 1
CELL 590.00 100.00 0.00 1
CELL 590.00 100.00 300.00 1
CELL 590.00 110.00 0.00 1
CELL 590.00 110.00 300.00 1
CELL 590.00 120.00 0.00 1
CELL 590.00 120.00 300.00 1
CELL 590.00 130.00 0.00 1
CELL 590.00 130.00 300.00 1
CELL 590.00 140.00 0.00 1
CELL 590.00 140.00 300.00 1
CELL 590.00 150.00 0.00 1
CELL 590.00 150.00 300.00 1
CELL 590.00 160.00 0.00 1
CELL 590.00 160.00 300.00 1
CELL 590.00 170.00 0.00 1
CELL 590.00 170.00 300.00 1
CELL 590.00 180.00 0.00 1
CELL 590.00 180.00 300.00 1
CELL 590.00 190.00 0.00 1
CELL 590.00 190.00 300.00 1
CELL 590.00 200.00 0.00 1
CELL 590.00 200.00 300.00 1
CELL 590.00 210.00 0.00 1
CELL 590.00 210.00 300.00 1
CELL 590.00 220.00 0.00 1
CELL 590.00 220.00 300.00 1
CELL 590.00 230.00 0.00 1
CELL 590.00 230.00 300.00 1
CELL 590.00 240.00 0.00 1
CELL 590.00 240.00 300.00 1
CELL 590.00 250.00 0.00 1
CELL 590.00 250.00 300.00 1
CELL 590.00 260.00 0.00 1
CELL 590.00 260.00 300.00 1
CELL 590.00 270.00 0.00 1
CELL 590.00 270.00 300.00 1
CELL 590.00 280.00 0.00 1
CELL 590.00 280.00 300.00 1
CELL 590.00 290.00 0.00 1
CELL 590.00 290.00 300.00 1
CELL 590.00 300.00 0.00 1
CELL 590.00 300.00 300.00 1
CELL 590.00 310.00 0.00 1
CELL 590.00 310.00 300.00 1
CELL 590.00 320.00 0.00 1
CELL 590.00 320.00 300.00 1
CELL 590.00 330.00 0.00 1
CELL 590.00 330.00 300.00 1
CELL 590.00 340.00 0.00 1
CELL 590.00 340.00 300.00 1
CELL 590.00 350.00 0.00 1
CELL 590.00 350.00 300.00 1
CELL 590.00 360.00 0.00 1
CELL 590.00 360.00 300.00 1
CELL 590.00 370.00 0.00 1
CELL 590.00 370.00 300.00 1
CELL 590.00 380.00 0.00 1
CELL 590.00 380.00 300.00 1
CELL 590.00 390.00 0.00 1
CELL 590.00 390.00 300.00 1
CELL 590.00 400.00 0.00 1
CELL 590.00 400.00 300.00 1
CELL 590.00 410.00 0.00 1
CELL 590.00 410.00 300.00 1
CELL 590.00 420.00 0.00 1
CELL 590.00 420.00 300.00 1
CELL 590.00 430.00 0.00 1
CELL 590.00 430.00 300.00 1
CELL 590.00 440.00 0.00 1
CELL 590.00 440.00 300.00 1
CELL 590.00 450.00 0.00 1
CELL 590.00 450.00 300.00 1
CELL 590.00 460.00 0.00 1
CELL 590.00 460.00 300.00 1
CELL 590.00 470.00 0.00 1
CELL 590.00 470.00 300.00 1
CELL 590.00 480.00 0.00 1
CELL 590.00 480.00 300.00 1
CELL 590.00 490.00 0.00 1
CELL 590.00 490.00 300.00 1
CELL 590.00 500.00 0.00 1
CELL 590.00 500.00 300.00 1
CELL 590.00 510.00 0.00 1
CELL 590.00 510.00 300.00 1
CELL 590.00 520.00 0.00 1
CELL 590.00 520.00 300.00 1
CELL 590.00 530.00 0.00 1
CELL 590.00 530.00 300.00 1
CELL 590.00 540.00 0.00 1
CELL 590.00 540.00 300.00 1
CELL 590.00 550.00 0.00 1
CELL 590.00 550.00 300.00 1
CELL 590.00 560.00 0.00 1
CELL 590.00 560.00 300.00 1
CELL 590.00 570.00 0.00 1
CELL 590.00 570.00 300.00 1
CELL 590.00 580.00 0.00 1
CELL 590.00 580.00 300.00 1
CELL 590.00 590.00 0.00 1
CELL 590.00 590.00 300.00 1
CELL 590.00 600.00 0.00 1
CELL 590.00 600.00 300.00 1
CELL 590.00 610.00 0.00 1
CELL 590.00 610.00 300.00 1
CELL 590.00 620.00 0.00 1
CELL 590.00 620.00 300.00 1
CELL 590.00 630.00 0.00 1
CELL 590.00 630.00 300.00 1
CELL 590.00 640.00 0.00 1
CELL 590.00 640.00 300.00 1
CELL 590.00 650.00 0.00 1
CELL 590.00 650.00 300.00 1
CELL 590.00 660.00 0.00 1
CELL 590.00 660.00 300.00 1
CELL 590.00 670.00 0.00 1
CELL 590.00 670.00 300.00 1
CELL 590.00 680.00 0.00 1
CELL 590.00 680.00 300.00 1
CELL 590.00 690.00 0.00 1
CELL 590.00 690.00 300.00 1
CELL 590.00 700.00 0.00 1
CELL 590.00 700.00 300.00 1
CELL 590.00 710.00 0.00 1
CELL 590.00 710.00 300.00 1
CELL 590.00 720.00 0.00 1
CELL 590.00 720.00 300.00 1
CELL 590.00 730.00 0.00 1
CELL 590.00 730.00 300.00 1
CELL 590.00 740.00 0.00 1
CELL 590.00 740.00 300.00 1
CELL 590.00 750.00 0.00 1
CELL 590.00 750.00 300.00 1
CELL 590.00 760.00 0.00 1
CELL 590.00 760.00 300.00 1
CELL 590.00 770.00 0.00 1
CELL 590.00 770.00 300.00 1
CELL 590.00 780.00 0.00 1
CELL 590.00 780.00 300.00 1
CELL 590.00 790.00 0.00 1
CELL 590.00 790.00 300.00 1
CELL 590.00 800.00 300.00 1
CELL 600.00 0.00 300.00 1
CELL 600.00 10.00 0.00 1
CELL 600.00 10.00 300.00 1
CELL 600.00 20.00 0.00 1
CELL 600.00 20.00 300.00 1
CELL 600.00 30.00 0.00 1
CELL 600.00 30.00 300.00 1
CELL 600.00 40.00 0.00 1
CELL 600.00 40.00 300.00 1
CELL 600.00 50.00 0.00 1
CELL 600.00 50.00 300.00 1
CELL 600.00 60.00 0.00 1
CELL 600.00 60.00 300.00 1
CELL 600.00 70.00 0.00 1
CELL 600.00 70.00 300.00 1
CELL 600.00 80.00 0.00 1
CELL 600.00 80.00 300.00 1
CELL 600.00 90.00 0.00 1
CELL 600.00 90.00 300.00 1
CELL 600.00 100.00 0.00 1
CELL 600.00 100.00 300.00 1
CELL 600.00 110.00 0.00 1
CELL 600.00 110.00 300.00 1
CELL 600.00 120.00 0.00 1
CELL 600.00 120.00 300.00 1
CELL 600.00 130.00 0.00 1
CELL 600.00 130.00 300.00 1
CELL 600.00 140.00 0.00 1
CELL 600.00 140.00 300.00 1
CELL 600.00 150.00 0.00 1
CELL 600.00 150.00 300.00 1
CELL 600.00 160.00 0.00 1
CELL 600.00 160.00 300.00 1
CELL 600.00 170.00 0.00 1
CELL 600.00 170.00 300.00 1
CELL 600.00 180.00 0.00 1
CELL 600.00 180.00 300.00 1
CELL 600.00 190.00 0.00 1
CELL 600.00 190.00 300.00 1
CELL 600.00 200.00 0.00 1
CELL 600.00 200.00 300.00 1
CELL 600.00 210.00 0.00 1
CELL 600.00 210.00 300.00 1
CELL 600.00 220.00 0.00 1
CELL 600.00 220.00 300.00 1
CELL 600.00 230.00 0.00 1
CELL 600.00 230.00 300.00 1
CELL 600.00 240.00 0.00 1
CELL 600.00 240.00 300.00 1
CELL 600.00 250.00 0.00 1
CELL 600.00 250.00 300.00 1
CELL 600.00 260.00 0.00 1
CELL 600.00 260.00 300.00 1
CELL 600.00 270.00 0.00 1
CELL 600.00 270.00 300.00 1
CELL 600.00 280.00 0.00 1
CELL 600.00 280.00 300.00 1
CELL 600.00 290.00 0.00 1
CELL 600.00 290.00 300.00 1
CELL 600.00 300.00 0.00 1
CELL 600.00 300.00 300.00 1
CELL 600.00 310.00 0.00 1
CELL 600.00 310.00 300.00 1
CELL 600.00 320.00 0.00 1
CELL 600.00 320.00 300.00 1
CELL 600.00 330.00 0.00 1
CELL 600.00 330.00 300.00 1
CELL 600.00 340.00 0.00 1
CELL 600.00 340.00 300.00 1
CELL 600.00 350.00 0.00 1
CELL 600.00 350.00 300.00 1
CELL 600.00 360.00 0.00 1
CELL 600.00 360.00 300.00 1
CELL 600.00 370.00 0.00 1
CELL 600.00 370.00 300.00 1
CELL 600.00 380.00 0.00 1
CELL 600.00 380.00 300.00 1
CELL 600.00 390.00 0.00 1
CELL 600.00 390.00 300.00 1
CELL 600.00 400.00 300.00 1
CELL 600.00 410.00 300.00 1
CELL 600.00 420.00 300.00 1
CELL 600.00 430.00 300.00 1
CELL 600.00 440.00 300.00 1
CELL 600.00 450.00 300.00 1
CELL 600.00 460.00 300.00 1
CELL 600.00 470.00 300.00 1
CELL 600.00 480.00 300.00 1
CELL 600.00 490.00 300.00 1
CELL 600.00 500.00 300.00 1
CELL 600.00 510.00 300.00 1
CELL 600.00 520.00 300.00 1
CELL 600.00 530.00 300.00 1
CELL 600.00 540.00 300.00 1
CELL 600.00 550.00 300.00 1
CELL 600.00 560.00 300.00 1
CELL 600.00 570.00 300.00 1
CELL 600.00 580.00 300.00 1
CELL 600.00 590.00 300.00 1
CELL 600.00 600.00 300.00 1
CELL 600.00 610.00 300.00 1
CELL 600.00 620.00 300.00 1
CELL 600.00 630.00 300.00 1
CELL 600.00 640.00 300.00 1
CELL 600.00 650.00 300.00 1
CELL 600.00 660.00 300.00 1
CELL 600.00 670.00 300.00 1
CELL 600.00 680.00 300.00 1
CELL 600.00 690.00 300.00 1
CELL 600.00 700.00 300.00 1
CELL 600.00 710.00 300.00 1
CELL 600.00 720.00 300.00 1
CELL 600.00 730.00 300.00 1
CELL 600.00 740.00 300.00 1
CELL 600.00 750.00 300.00 1
CELL 600.00 760.00 300.00 1
CELL 600.00 770.00 300.00 1
CELL 600.00 780.00 300.00 1
CELL 600.00 790.00 300.00 1
CELL 600.00 800.00 300.00 1
CELL 610.00 0.00 300.00 1
CELL 610.00 10.00 0.00 1
CELL 610.00 10.00 300.00 1
CELL 610.00 20.00 0.00 1
CELL 610.00 20.00 300.00 1
CELL 610.00 30.00 0.00 1
CELL 610.00 30.00 300.00 1
CELL 610.00 40.00 0.00 1
CELL 610.00 40.00 300.00 1
CELL 610.00 50.00 0.00 1
CELL 610.00 50.00 300.00 1
CELL 610.00 60.00 0.00 1
CELL 610.00 60.00 300.00 1
CELL 610.00 70.00 0.00 1
CELL 610.00 70.00 300.00 1
CELL 610.00 80.00 0.00 1
CELL 610.00 80.00 300.00 1
CELL 610.00 90.00 0.00 1
CELL 610.00 90.00 300.00 1
CELL 610.00 100.00 0.00 1
CELL 610.00 100.00 300.00 1
CELL 610.00 110.00 0.00 1
CELL 610.00 110.00 300.00 1
CELL 610.00 120.00 0.00 1
CELL 610.00 120.00 300.00 1
CELL 610.00 130.00 0.00 1
CELL 610.00 130.00 300.00 1
CELL 610.00 140.00 0.00 1
CELL 610.00 140.00 300.00 1
CELL 610.00 150.00 0.00 1
CELL 610.00 150.00 300.00 1
CELL 610.00 160.00 0.00 1
CELL 610.00 160.00 300.00 1
CELL 610.00 170.00 0.00 1
CELL 610.00 170.00 300.00 1
CELL 610.00 180.00 0.00 1
CELL 610.00 180.00 300.00 1
CELL 610.00 190.00 0.00 1
CELL 610.00 190.00 300.00 1
CELL 610.00 200.00 0.00 1
CELL 610.00 200.00 300.00 1
CELL 610.00 210.00 0.00 1
CELL 610.00 210.00 300.00 1
CELL 610.00 220.00 0.00 1
CELL 610.00 220.00 300.00 1
CELL 610.00 230.00 0.00 1
CELL 610.00 230.00 300.00 1
CELL 610.00 240.00 0.00 1
CELL 610.00 240.00 300.00 1
CELL 610.00 250.00 0.00 1
CELL 610.00 250.00 300.00 1
CELL 610.00 260.00 0.00 1
CELL 610.00 260.00 300.00 1
CELL 610.00 270.00 0.00 1
CELL 610.00 270.00 300.00 1
CELL 610.00 280.00 0.00 1
CELL 610.00 280.00 300.00 1
CELL 610.00 290.00 0.00 1
CELL 610.00 290.00 300.00 1
CELL 610.00 300.00 0.00 1
CELL 610.00 300.00 300.00 1
CELL 610.00 310.00 0.00 1
CELL 610.00 310.00 300.00 1
CELL 610.00 320.00 0.00 1
CELL 610.00 320.00 300.00 1
CELL 610.00 330.00 0.00 1
CELL 610.00 330.00 300.00 1
CELL 610.00 340.00 0.00 1
CELL 610.00 340.00 300.00 1
CELL 610.00 350.00 0.00 1
CELL 610.00 350.00 300.00 1
CELL 610.00 360.00 0.00 1
CELL 610.00 360.00 300.00 1
CELL 610.00 370.00 0.00 1
CELL 610.00 370.00 300.00 1
CELL 610.00 380.00 0.00 1
CELL 610.00 380.00 300.00 1
CELL 610.00 390.00 0.00 1
CELL 610.00 390.00 300.00 1
CELL 610.00 400.00 300.00 1
CELL 620.00 0.00 300.00 1
CELL 620.00 10.00 0.00 1
CELL 620.00 10.00 300.00 1
CELL 620.00 20.00 0.00 1
CELL 620.00 20.00 300.00 1
CELL 620.00 30.00 0.00 1
CELL 620.00 30.00 300.00 1
CELL 620.00 40.00 0.00 1
CELL 620.00 40.00 300.00 1
CELL 620.00 50.00 0.00 1
CELL 620.00 50.00 300.00 1
CELL 620.00 60.00 0.00 1
CELL 620.00 60.00 300.00 1
CELL 620.00 70.00 0.00 1
CELL 620.00 70.00 300.00 1
CELL 620.00 80.00 0.00 1
CELL 620.00 80.00 300.00 1
CELL 620.00 90.00 0.00 1
CELL 620.00 90.00 300.00 1
CELL 620.00 100.00 0.00 1
CELL 620.00 100.00 300.00 1
CELL 620.00 110.00 0.00 1
CELL 620.00 110.00 300.00 1
CELL 620.00 120.00 0.00 1
CELL 620.00 120.00 300.00 1
CELL 620.00 130.00 0.00 1
CELL 620.00 130.00 300.00 1
CELL 620.00 140.00 0.00 1
CELL 620.00 140.00 300.00 1
CELL 620.00 150.00 0.00 1
CELL 620.00 150.00 300.00 1
CELL 620.00 160.00 0.00 1
CELL 620.00 160.00 300.00 1
CELL 620.00 170.00 0.00 1
CELL 620.00 170.00 300.00 1
CELL 620.00 180.00 0.00 1
CELL 620.00 180.00 300.00 1
CELL 620.00 190.00 0.00 1
CELL 620.00 190.00 300.00 1
CELL 620.00 200.00 0.00 1
CELL 620.00 200.00 300.00 1
CELL 620.00 210.00 0.00 1
CELL 620.00 210.00 300.00 1
CELL 620.00 220.00 0.00 1
CELL 620.00 220.00 300.00 1
CELL 620.00 230.00 0.00 1
CELL 620.00 230.00 300.00 1
CELL 620.00 240.00 0.00 1
CELL 620.00 240.00 300.00 1
CELL 620.00 250.00 0.00 1
CELL 620.00 250.00 300.00 1
CELL 620.00 260.00 0.00 1
CELL 620.00 260.00 300.00 1
CELL 620.00 270.00 0.00 1
CELL 620.00 270.00 300.00 1
CELL 620.00 280.00 0.00 1
CELL 620.00 280.00 300.00 1
CELL 620.00 290.00 0.00 1
CELL 620.00 290.00 300.00 1
CELL 620.00 300.00 0.00 1
CELL 620.00 300.00 300.00 1
CELL 620.00 310.00 0.00 1
CELL 620.00 310.00 300.00 1
CELL 620.00 320.00 0.00 1
CELL 620.00 320.00 300.00 1
CELL 620.00 330.00 0.00 1
CELL 620.00 330.00 300.00 1
CELL 620.00 340.00 0.00 1
CELL 620.00 340.00 300.00 1
CELL 620.00 350.00 0.00 1
CELL 620.00 350.00 300.00 1
CELL 620.00 360.00 0.00 1
CELL 620.00 360.00 300.00 1
CELL 620.00 370.00 0.00 1
CELL 620.00 370.00 300.00 1
CELL 620.00 380.00 0.00 1
CELL 620.00 380.00 300.00 1
CELL 620.00 390.00 0.00 1
CELL 620.00 390.00 300.00 1
CELL 620.00 400.00 300.00 1
CELL 630.00 0.00 300.00 1
CELL 630.00 10.00 0.00 1
CELL 630.00 10.00 300.00 1
CELL 630.00 20.00 0.00 1
CELL 630.00 20.00 300.00 1
CELL 630.00 30.00 0.00 1
CELL 630.00 30.00 300.00 1
CELL 630.00 40.00 0.00 1
CELL 630.00 40.00 300.00 1
CELL 630.00 50.00 0.00 1
CELL 630.00 50.00 300.00 1
CELL 630.00 60.00 0.00 1
CELL 630.00 60.00 300.00 1
CELL 630.00 70.00 0.00 1
CELL 630.00 70.00 300.00 1
CELL 630.00 80.00 0.00 1
CELL 630.00 80.00 300.00 1
CELL 630.00 90.00 0.00 1
CELL 630.00 90.00 300.00 1
CELL 630.00 100.00 0.00 1
CELL 630.00 100.00 300.00 1
CELL 630.00 110.00 0.00 1
CELL 630.00 110.00 300.00 1
CELL 630.00 120.00 0.00 1
CELL 630.00 120.00 300.00 1
CELL 630.00 130.00 0.00 1
CELL 630.00 130.00 300.00 1
CELL 630.00 140.00 0.00 1
CELL 630.00 140.00 300.00 1
CELL 630.00 150.00 0.00 1
CELL 630.00 150.00 300.00 1
CELL 630.00 160.00 0.00 1
CELL 630.00 160.00 300.00 1
CELL 630.00 170.00 0.00 1
CELL 630.00 170.00 300.00 1
CELL 630.00 180.00 0.00 1
CELL 630.00 180.00 300.00 1
CELL 630.00 190.00 0.00 1
CELL 630.00 190.00 300.00 1
CELL 630.00 200.00 0.00 1
CELL 630.00 200.00 300.00 1
CELL 630.00 210.00 0.00 1
CELL 630.00 210.00 300.00 1
CELL 630.00 220.00 0.00 1
CELL 630.00 220.00 300.00 1
CELL 630.00 230.00 0.00 1
CELL 630.00 230.00 300.00 1
CELL 630.00 240.00 0.00 1
CELL 630.00 240.00 300.00 1
CELL 630.00 250.00 0.00 1
CELL 630.00 250.00 300.00 1
CELL 630.00 260.00 0.00 1
CELL 630.00 260.00 300.00 1
CELL 630.00 270.00 0.00 1
CELL 630.00 270.00 300.00 1
CELL 630.00 280.00 0.00 1
CELL 630.00 280.00 300.00 1
CELL 630.00 290.00 0.00 1
CELL 630.00 290.00 300.00 1
CELL 630.00 300.00 0.00 1
CELL 630.00 300.00 300.00 1
CELL 630.00 310.00 0.00 1
CELL 630.00 310.00 300.00 1
CELL 630.00 320.00 0.00 1
CELL 630.00 320.00 300.00 1
CELL 630.00 330.00 0.00 1
CELL 630.00 330.00 300.00 1
CELL 630.00 340.00 0.00 1
CELL 630.00 340.00 300.00 1
CELL 630.00 350.00 0.00 1
CELL 630.00 350.00 300.00 1
CELL 630.00 360.00 0.00 1
CELL 630.00 360.00 300.00 1
CELL 630.00 370.00 0.00 1
CELL 630.00 370.00 300.00 1
CELL 630.00 380.00 0.00 1
CELL 630.00 380.00 300.00 1
CELL 630.00 390.00 0.00 1
CELL 630.00 390.00 300.00 1
CELL 630.00 400.00 300.00 1
CELL 640.00 0.00 300.00 1
CELL 640.00 10.00 0.00 1
CELL 640.00 10.00 300.00 1
CELL 640.00 20.00 0.00 1
CELL 640.00 20.00 300.00 1
CELL 640.00 30.00 0.00 1
CELL 640.00 30.00 300.00 1
CELL 640.00 40.00 0.00 1
CELL 640.00 40.00 300.00 1
CELL 640.00 50.00 0.00 1
CELL 640.00 50.00 300.00 1
CELL 640.00 60.00 0.00 1
CELL 640.00 60.00 300.00 1
CELL 640.00 70.00 0.00 1
CELL 640.00 70.00 300.00 1
CELL 640.00 80.00 0.00 1
CELL 640.00 80.00 300.00 1
CELL 640.00 90.00 0.00 1
CELL 640.00 90.00 300.00 1
CELL 640.00 100.00 0.00 1
CELL 640.00 100.00 300.00 1
CELL 640.00 110.00 0.00 1
CELL 640.00 110.00 300.00 1
CELL 640.00 120.00 0.00 1
CELL 640.00 120.00 300.00 1
CELL 640.00 130.00 0.00 1
CELL 640.00 130.00 300.00 1
CELL 640.00 140.00 0.00 1
CELL 640.00 140.00 300.00 1
CELL 640.00 150.00 0.00 1
CELL 640.00 150.00 300.00 1
CELL 640.00 160.00 0.00 1
CELL 640.00 160.00 300.00 1
CELL 640.00 170.00 0.00 1
CELL 640.00 170.00 300.00 1
CELL 640.00 180.00 0.00 1
CELL 640.00 180.00 300.00 1
CELL 640.00 190.00 0.00 1
CELL 640.00 190.00 300.00 1
CELL 640.00 200.00 0.00 1
CELL 640.00 200.00 300.00 1
CELL 640.00 210.00 0.00 1
CELL 640.00 210.00 300.00 1
CELL 640.00 220.00 0.00 1
CELL 640.00 220.00 300.00 1
CELL 640.00 230.00 0.00 1
CELL 640.00 230.00 300.00 1
CELL 640.00 240.00 0.00 1
CELL 640.00 240.00 300.00 1
CELL 640.00 250.00 0.00 1
CELL 640.00 250.00 300.00 1
CELL 640.00 260.00 0.00 1
CELL 640.00 260.00 300.00 1
CELL 640.00 270.00 0.00 1
CELL 640.00 270.00 300.00 1
CELL 640.00 280.00 0.00 1
CELL 640.00 280.00 300.00 1
CELL 640.00 290.00 0.00 1
CELL 640.00 290.00 300.00 1
CELL 640.00 300.00 0.00 1
CELL 640.00 300.00 300.00 1
CELL 640.00 310.00 0.00 1
CELL 640.00 310.00 300.00 1
CELL 640.00 320.00 0.00 1
CELL 640.00 320.00 300.00 1
CELL 640.00 330.00 0.00 1
CELL 640.00 330.00 300.00 1
CELL 640.00 340.00 0.00 1
CELL 640.00 340.00 300.00 1
CELL 640.00 350.00 0.00 1
CELL 640.00 350.00 300.00 1
CELL 640.00 360.00 0.00 1
CELL 640.00 360.00 300.00 1
CELL 640.00 370.00 0.00 1
CELL 640.00 370.00 300.00 1
CELL 640.00 380.00 0.00 1
CELL 640.00 380.00 300.00 1
CELL 640.00 390.00 0.00 1
CELL 640.00 390.00 300.00 1
CELL 640.00 400.00 300.00 1
CELL 650.00 0.00 300.00 1
CELL 650.00 10.00 0.00 1
CELL 650.00 10.00 300.00 1
CELL 650.00 20.00 0.00 1
CELL 650.00 20.00 300.00 1
CELL 650.00 30.00 0.00 1
CELL 650.00 30.00 300.00 1
CELL 650.00 40.00 0.00 1
CELL 650.00 40.00 300.00 1
CELL 650.00 50.00 0.00 1
CELL 650.00 50.00 300.00 1
CELL 650.00 60.00 0.00 1
CELL 650.00 60.00 300.00 1
CELL 650.00 70.00 0.00 1
CELL 650.00 70.00 300.00 1
CELL 650.00 80.00 0.00 1
CELL 650.00 80.00 300.00 1
CELL 650.00 90.00 0.00 1
CELL 650.00 90.00 300.00 1
CELL 650.00 100.00 0.00 1
CELL 650.00 100.00 300.00 1
CELL 650.00 110.00 0.00 1
CELL 650.00 110.00 300.00 1
CELL 650.00 120.00 0.00 1
CELL 650.00 120.00 300.00 1
CELL 650.00 130.00 0.00 1
CELL 650.00 130.00 300.00 1
CELL 650.00 140.00 0.00 1
CELL 650.00 140.00 300.00 1
CELL 650.00 150.00 0.00 1
CELL 650.00 150.00 300.00 1
CELL 650.00 160.00 0.00 1
CELL 650.00 160.00 300.00 1
CELL 650.00 170.00 0.00 1
CELL 650.00 170.00 300.00 1
CELL 650.00 180.00 0.00 1
CELL 650.00 180.00 300.00 1
CELL 650.00 190.00 0.00 1
CELL 650.00 190.00 300.00 1
CELL 650.00 200.00 0.00 1
CELL 650.00 200.00 300.00 1
CELL 650.00 210.00 0.00 1
CELL 650.00 210.00 300.00 1
CELL 650.00 220.00 0.00 1
CELL 650.00 220.00 300.00 1
CELL 650.00 230.00 0.00 1
CELL 650.00 230.00 300.00 1
CELL 650.00 240.00 0.00 1
CELL 650.00 240.00 300.00 1
CELL 650.00 250.00 0.00 1
CELL 650.00 250.00 300.00 1
CELL 650.00 260.00 0.00 1
CELL 650.00 260.00 300.00 1
CELL 650.00 270.00 0.00 1
CELL 650.00 270.00 300.00 1
CELL 650.00 280.00 0.00 1
CELL 650.00 280.00 300.00 1
CELL 650.00 290.00 0.00 1
CELL 650.00 290.00 300.00 1
CELL 650.00 300.00 0.00 1
CELL 650.00 300.00 300.00 1
CELL 650.00 310.00 0.00 1
CELL 650.00 310.00 300.00 1
CELL 650.00 320.00 0.00 1
CELL 650.00 320.00 300.00 1
CELL 650.00 330.00 0.00 1
CELL 650.00 330.00 300.00 1
CELL 650.00 340.00 0.00 1
CELL 650.00 340.00 300.00 1
CELL 650.00 350.00 0.00 1
CELL 650.00 350.00 300.00 1
CELL 650.00 360.00 0.00 1
CELL 650.00 360.00 300.00 1
CELL 650.00 370.00 0.00 1
CELL 650.00 370.00 300.00 1
CELL 650.00 380.00 0.00 1
CELL 650.00 380.00 300.00 1
CELL 650.00 390.00 0.00 1
CELL 650.00 390.00 300.00 1
CELL 650.00 400.00 300.00 1
CELL 660.00 0.00 300.00 1
CELL 660.00 10.00 0.00 1
CELL 660.00 10.00 300.00 1
CELL 660.00 20.00 0.00 1
CELL 660.00 20.00 300.00 1
CELL 660.00 30.00 0.00 1
CELL 660.00 30.00 300.00 1
CELL 660.00 40.00 0.00 1
CELL 660.00 40.00 300.00 1
CELL 660.00 50.00 0.00 1
CELL 660.00 50.00 300.00 1
CELL 660.00 60.00 0.00 1
CELL 660.00 60.00 300.00 1
CELL 660.00 70.00 0.00 1
CELL 660.00 70.00 300.00 1
CELL 660.00 80.00 0.00 1
CELL 660.00 80.00 300.00 1
CELL 660.00 90.00 0.00 1
CELL 660.00 90.00 300.00 1
CELL 660.00 100.00 0.00 1
CELL 660.00 100.00 300.00 1
CELL 660.00 110.00 0.00 1
CELL 660.00 110.00 300.00 1
CELL 660.00 120.00 0.00 1
CELL 660.00 120.00 300.00 1
CELL 660.00 130.00 0.00 1
CELL 660.00 130.00 300.00 1
CELL 660.00 140.00 0.00 1
CELL 660.00 140.00 300.00 1
CELL 660.00 150.00 0.00 1
CELL 660.00 150.00 300.00 1
CELL 660.00 160.00 0.00 1
CELL 660.00 160.00 300.00 1
CELL 660.00 170.00 0.00 1
CELL 660.00 170.00 300.00 1
CELL 660.00 180.00 0.00 1
CELL 660.00 180.00 300.00 1
CELL 660.00 190.00 0.00 1
CELL 660.00 190.00 300.00 1
CELL 660.00 200.00 0.00 1
CELL 660.00 200.00 300.00 1
CELL 660.00 210.00 0.00 1
CELL 660.00 210.00 300.00 1
CELL 660.00 220.00 0.00 1
CELL 660.00 220.00 300.00 1
CELL 660.00 230.00 0.00 1
CELL 660.00 230.00 300.00 1
CELL 660.00 240.00 0.00 1
CELL 660.00 240.00 300.00 1
CELL 660.00 250.00 0.00 1
CELL 660.00 250.00 300.00 1
CELL 660.00 260.00 0.00 1
CELL 660.00 260.00 300.00 1
CELL 660.00 270.00 0.00 1
CELL 660.00 270.00 300.00 1
CELL 660.00 280.00 0.00 1
CELL 660.00 280.00 300.00 1
CELL 660.00 290.00 0.00 1
CELL 660.00 290.00 300.00 1
CELL 660.00 300.00 0.00 1
CELL 660.00 300.00 300.00 1
CELL 660.00 310.00 0.00 1
CELL 660.00 310.00 300.00 1
CELL 660.00 320.00 0.00 1
CELL 660.00 320.00 300.00 1
CELL 660.00 330.00 0.00 1
CELL 660.00 330.00 300.00 1
CELL 660.00 340.00 0.00 1
CELL 660.00 340.00 300.00 1
CELL 660.00 350.00 0.00 1
CELL 660.00 350.00 300.00 1
CELL 660.00 360.00 0.00 1
CELL 660.00 360.00 300.00 1
CELL 660.00 370.00 0.00 1
CELL 660.00 370.00 300.00 1
CELL 660.00 380.00 0.00 1
CELL 660.00 380.00 300.00 1
CELL 660.00 390.00 0.00 1
CELL 660.00 390.00 300.00 1
CELL 660.00 400.00 300.00 1
CELL 670.00 0.00 300.00 1
CELL 670.00 10.00 0.00 1
CELL 670.00 10.00 300.00 1
CELL 670.00 20.00 0.00 1
CELL 670.00 20.00 300.00 1
CELL 670.00 30.00 0.00 1
CELL 670.00 30.00 300.00 1
CELL 670.00 40.00 0.00 1
CELL 670.00 40.00 300.00 1
CELL 670.00 50.00 0.00 1
CELL 670.00 50.00 300.00 1
CELL 670.00 60.00 0.00 1
CELL 670.00 60.00 300.00 1
CELL 670.00 70.00 0.00 1
CELL 670.00 70.00 300.00 1
CELL 670.00 80.00 0.00 1
CELL 670.00 80.00 300.00 1
CELL 670.00 90.00 0.00 1
CELL 670.00 90.00 300.00 1
CELL 670.00 100.00 0.00 1
CELL 670.00 100.00 300.00 1
CELL 670.00 110.00 0.00 1
CELL 670.00 110.00 300.00 1
CELL 670.00 120.00 0.00 1
CELL 670.00 120.00 300.00 1
CELL 670.00 130.00 0.00 1
CELL 670.00 130.00 300.00 1
CELL 670.00 140.00 0.00 1
CELL 670.00 140.00 300.00 1
CELL 670.00 150.00 0.00 1
CELL 670.00 150.00 300.00 1
CELL 670.00 160.00 0.00 1
CELL 670.00 160.00 300.00 1
CELL 670.00 170.00 0.00 1
CELL 670.00 170.00 300.00 1
CELL 670.00 180.00 0.00 1
CELL 670.00 180.00 300.00 1
CELL 670.00 190.00 0.00 1
CELL 670.00 190.00 300.00 1
CELL 670.00 200.00 0.00 1
CELL 670.00 200.00 300.00 1
CELL 670.00 210.00 0.00 1
CELL 670.00 210.00 300.00 1
CELL 670.00 220.00 0.00 1
CELL 670.00 220.00 300.00 1
CELL 670.00 230.00 0.00 1
CELL 670.00 230.00 300.00 1
CELL 670.00 240.00 0.00 1
CELL 670.00 240.00 300.00 1
CELL 670.00 250.00 0.00 1
CELL 670.00 250.00 300.00 1
CELL 670.00 260.00 0.00 1
CELL 670.00 260.00 300.00 1
CELL 670.00 270.00 0.00 1
CELL 670.00 270.00 300.00 1
CELL 670.00 280.00 0.00 1
CELL 670.00 280.00 300.00 1
CELL 670.00 290.00 0.00 1
CELL 670.00 290.00 300.00 1
CELL 670.00 300.00 0.00 1
CELL 670.00 300.00 300.00 1
CELL 670.00 310.00 0.00 1
CELL 670.00 310.00 300.00 1
CELL 670.00 320.00 0.00 1
CELL 670.00 320.00 300.00 1
CELL 670.00 330.00 0.00 1
CELL 670.00 330.00 300.00 1
CELL 670.00 340.00 0.00 1
CELL 670.00 340.00 300.00 1
CELL 670.00 350.00 0.00 1
CELL 670.00 350.00 300.00 1
CELL 670.00 360.00 0.00 1
CELL 670.00 360.00 300.00 1
CELL 670.00 370.00 0.00 1
CELL 670.00 370.00 300.00 1
CELL 670.00 380.00 0.00 1
CELL 670.00 380.00 300.00 1
CELL 670.00 390.00 0.00 1
CELL 670.00 390.00 300.00 1
CELL 670.00 400.00 300.00 1
CELL 680.00 0.00 300.00 1
CELL 680.00 10.00 0.00 1
CELL 680.00 10.00 300.00 1
CELL 680.00 20.00 0.00 1
CELL 680.00 20.00 300.00 1
CELL 680.00 30.00 0.00 1
CELL 680.00 30.00 300.00 1
CELL 680.00 40.00 0.00 1
CELL 680.00 40.00 300.00 1
CELL 680.00 50.00 0.00 1
CELL 680.00 50.00 300.00 1
CELL 680.00 60.00 0.00 1
CELL 680.00 60.00 300.00 1
CELL 680.00 70.00 0.00 1
CELL 680.00 70.00 300.00 1
CELL 680.00 80.00 0.00 1
CELL 680.00 80.00 300.00 1
CELL 680.00 90.00 0.00 1
CELL 680.00 90.00 300.00 1
CELL 680.00 100.00 0.00 1
CELL 680.00 100.00 300.00 1
CELL 680.00 110.00 0.00 1
CELL 680.00 110.00 300.00 1
CELL 680.00 120.00 0.00 1
CELL 680.00 120.00 300.00 1
CELL 680.00 130.00 0.00 1
CELL 680.00 130.00 300.00 1
CELL 680.00 140.00 0.00 1
CELL 680.00 140.00 300.00 1
CELL 680.00 150.00 0.00 1
CELL 680.00 150.00 300.00 1
CELL 680.00 160.00 0.00 1
CELL 680.00 160.00 300.00 1
CELL 680.00 170.00 0.00 1
CELL 680.00 170.00 300.00 1
CELL 680.00 180.00 0.00 1
CELL 680.00 180.00 300.00 1
CELL 680.00 190.00 0.00 1
CELL 680.00 190.00 300.00 1
CELL 680.00 200.00 0.00 1
CELL 680.00 200.00 300.00 1
CELL 680.00 210.00 0.00 1
CELL 680.00 210.00 300.00 1
CELL 680.00 220.00 0.00 1
CELL 680.00 220.00 300.00 1
CELL 680.00 230.00 0.00 1
CELL 680.00 230.00 300.00 1
CELL 680.00 240.00 0.00 1
CELL 680.00 240.00 300.00 1
CELL 680.00 250.00 0.00 1
CELL 680.00 250.00 300.00 1
CELL 680.00 260.00 0.00 1
CELL 680.00 260.00 300.00 1
CELL 680.00 270.00 0.00 1
CELL 680.00 270.00 300.00 1
CELL 680.00 280.00 0.00 1
CELL 680.00 280.00 300.00 1
CELL 680.00 290.00 0.00 1
CELL 680.00 290.00 300.00 1
CELL 680.00 300.00 0.00 1
CELL 680.00 300.00 300.00 1
CELL 680.00 310.00 0.00 1
CELL 680.00 310.00 300.00 1
CELL 680.00 320.00 0.00 1
CELL 680.00 320.00 300.00 1
CELL 680.00 330.00 0.00 1
CELL 680.00 330.00 300.00 1
CELL 680.00 340.00 0.00 1
CELL 680.00 340.00 300.00 1
CELL 680.00 350.00 0.00 1
CELL 680.00 350.00 300.00 1
CELL 680.00 360.00 0.00 1
CELL 680.00 360.00 300.00 1
CELL 680.00 370.00 0.00 1
CELL 680.00 370.00 300.00 1
CELL 680.00 380.00 0.00 1
CELL 680.00 380.00 300.00 1
CELL 680.00 390.00 0.00 1
CELL 680.00 390.00 300.00 1
CELL 680.00 400.00 300.00 1
CELL 690.00 0.00 300.00 1
CELL 690.00 10.00 0.00 1
CELL 690.00 10.00 300.00 1
CELL 690.00 20.00 0.00 1
CELL 690.00 20.00 300.00 1
CELL 690.00 30.00 0.00 1
CELL 690.00 30.00 300.00 1
CELL 690.00 40.00 0.00 1
CELL 690.00 40.00 300.00 1
CELL 690.00 50.00 0.00 1
CELL 690.00 50.00 300.00 1
CELL 690.00 60.00 0.00 1
CELL 690.00 60.00 300.00 1
CELL 690.00 70.00 0.00 1
CELL 690.00 70.00 300.00 1
CELL 690.00 80.00 0.00 1
CELL 690.00 80.00 300.00 1
CELL 690.00 90.00 0.00 1
CELL 690.00 90.00 300.00 1
CELL 690.00 100.00 0.00 1
CELL 690.00 100.00 300.00 1
CELL 690.00 110.00 0.00 1
CELL 690.00 110.00 300.00 1
CELL 690.00 120.00 0.00 1
CELL 690.00 120.00 300.00 1
CELL 690.00 130.00 0.00 1
CELL 690.00 130.00 300.00 1
CELL 690.00 140.00 0.00 1
CELL 690.00 140.00 300.00 1
CELL 690.00 150.00 0.00 1
CELL 690.00 150.00 300.00 1
CELL 690.00 160.00 0.00 1
CELL 690.00 160.00 300.00 1
CELL 690.00 170.00 0.00 1
CELL 690.00 170.00 300.00 1
CELL 690.00 180.00 0.00 1
CELL 690.00 180.00 300.00 1
CELL 690.00 190.00 0.00 1
CELL 690.00 190.00 300.00 1
CELL 690.00 200.00 0.00 1
CELL 690.00 200.00 300.00 1
CELL 690.00 210.00 0.00 1
CELL 690.00 210.00 300.00 1
CELL 690.00 220.00 0.00 1
CELL 690.00 220.00 300.00 1
CELL 690.00 230.00 0.00 1
CELL 690.00 230.00 300.00 1
CELL 690.00 240.00 0.00 1
CELL 690.00 240.00 300.00 1
CELL 690.00 250.00 0.00 1
CELL 690.00 250.00 300.00 1
CELL 690.00 260.00 0.00 1
CELL 690.00 260.00 300.00 1
CELL 690.00 270.00 0.00 1
CELL 690.00 270.00 300.00 1
CELL 690.00 280.00 0.00 1
CELL 690.00 280.00 300.00 1
CELL 690.00 290.00 0.00 1
CELL 690.00 290.00 300.00 1
CELL 690.00 300.00 0.00 1
CELL 690.00 300.00 300.00 1
CELL 690.00 310.00 0.00 1
CELL 690.00 310.00 300.00 1
CELL 690.00 320.00 0.00 1
CELL 690.00 320.00 300.00 1
CELL 690.00 330.00 0.00 1
CELL 690.00 330.00 300.00 1
CELL 690.00 340.00 0.00 1
CELL 690.00 340.00 300.00 1
CELL 690.00 350.00 0.00 1
CELL 690.00 350.00 300.00 1
CELL 690.00 360.00 0.00 1
CELL 690.00 360.00 300.00 1
CELL 690.00 370.00 0.00 1
CELL 690.00 370.00 300.00 1
CELL 690.00 380.00 0.00 1
CELL 690.00 380.00 300.00 1
CELL 690.00 390.00 0.00 1
CELL 690.00 390.00 300.00 1
CELL 690.00 400.00 300.00 1
CELL 700.00 0.00 300.00 1
CELL 700.00 10.00 0.00 1
CELL 700.00 10.00 300.00 1
CELL 700.00 20.00 0.00 1
CELL 700.00 20.00 300.00 1
CELL 700.00 30.00 0.00 1
CELL 700.00 30.00 300.00 1
CELL 700.00 40.00 0.00 1
CELL 700.00 40.00 300.00 1
CELL 700.00 50.00 0.00 1
CELL 700.00 50.00 300.00 1
CELL 700.00 60.00 0.00 1
CELL 700.00 60.00 300.00 1
CELL 700.00 70.00 0.00 1
CELL 700.00 70.00 300.00 1
CELL 700.00 80.00 0.00 1
CELL 700.00 80.00 300.00 1
CELL 700.00 90.00 0.00 1
CELL 700.00 90.00 300.00 1
CELL 700.00 100.00 0.00 1
CELL 700.00 100.00 300.00 1
CELL 700.00 110.00 0.00 1
CELL 700.00 110.00 300.00 1
CELL 700.00 120.00 0.00 1
CELL 700.00 120.00 300.00 1
CELL 700.00 130.00 0.00 1
CELL 700.00 130.00 300.00 1
CELL 700.00 140.00 0.00 1
CELL 700.00 140.00 300.00 1
CELL 700.00 150.00 0.00 1
CELL 700.00 150.00 300.00 1
CELL 700.00 160.00 0.00 1
CELL 700.00 160.00 300.00 1
CELL 700.00 170.00 0.00 1
CELL 700.00 170.00 300.00 1
CELL 700.00 180.00 0.00 1
CELL 700.00 180.00 300.00 1
CELL 700.00 190.00 0.00 1
CELL 700.00 190.00 300.00 1
CELL 700.00 200.00 0.00 1
CELL 700.00 200.00 300.00 1
CELL 700.00 210.00 0.00 1
CELL 700.00 210.00 300.00 1
CELL 700.00 220.00 0.00 1
CELL 700.00 220.00 300.00 1
CELL 700.00 230.00 0.00 1
CELL 700.00 230.00 300.00 1
CELL 700.00 240.00 0.00 1
CELL 700.00 240.00 300.00 1
CELL 700.00 250.00 0.00 1
CELL 700.00 250.00 300.00 1
CELL 700.00 260.00 0.00 1
CELL 700.00 260.00 300.00 1
CELL 700.00 270.00 0.00 1
CELL 700.00 270.00 300.00 1
CELL 700.00 280.00 0.00 1
CELL 700.00 280.00 300.00 1
CELL 700.00 290.00 0.00 1
CELL 700.00 290.00 300.00 1
CELL 700.00 300.00 0.00 1
CELL 700.00 300.00 300.00 1
CELL 700.00 310.00 0.00 1
CELL 700.00 310.00 300.00 1
CELL 700.00 320.00 0.00 1
CELL 700.00 320.00 300.00 1
CELL 700.00 330.00 0.00 1
CELL 700.00 330.00 300.00 1
CELL 700.00 340.00 0.00 1
CELL 700.00 340.00 300.00 1
CELL 700.00 350.00 0.00 1
CELL 700.00 350.00 300.00 1
CELL 700.00 360.00 0.00 1
CELL 700.00 360.00 300.00 1
CELL 700.00 370.00 0.00 1
CELL 700.00 370.00 300.00 1
CELL 700.00 380.00 0.00 1
CELL 700.00 380.00 300.00 1
CELL 700.00 390.00 0.00 1
CELL 700.00 390.00 300.00 1
CELL 700.00 400.00 300.00 1
CELL 710.00 0.00 300.00 1
CELL 710.00 10.00 0.00 1
CELL 710.00 10.00 300.00 1
CELL 710.00 20.00 0.00 1
CELL 710.00 20.00 300.00 1
CELL 710.00 30.00 0.00 1
CELL 710.00 30.00 300.00 1
CELL 710.00 40.00 0.00 1
CELL 710.00 40.00 300.00 1
CELL 710.00 50.00 0.00 1
CELL 710.00 50.00 300.00 1
CELL 710.00 60.00 0.00 1
CELL 710.00 60.00 300.00 1
CELL 710.00 70.00 0.00 1
CELL 710.00 70.00 300.00 1
CELL 710.00 80.00 0.00 1
CELL 710.00 80.00 300.00 1
CELL 710.00 90.00 0.00 1
CELL 710.00 90.00 300.00 1
CELL 710.00 100.00 0.00 1
CELL 710.00 100.00 300.00 1
CELL 710.00 110.00 0.00 1
CELL 710.00 110.00 300.00 1
CELL 710.00 120.00 0.00 1
CELL 710.00 120.00 300.00 1
CELL 710.00 130.00 0.00 1
CELL 710.00 130.00 300.00 1
CELL 710.00 140.00 0.00 1
CELL 710.00 140.00 300.00 1
CELL 710.00 150.00 0.00 1
CELL 710.00 150.00 300.00 1
CELL 710.00 160.00 0.00 1
CELL 710.00 160.00 300.00 1
CELL 710.00 170.00 0.00 1
CELL 710.00 170.00 300.00 1
CELL 710.00 180.00 0.00 1
CELL 710.00 180.00 300.00 1
CELL 710.00 190.00 0.00 1
CELL 710.00 190.00 300.00 1
CELL 710.00 200.00 0.00 1
CELL 710.00 200.00 300.00 1
CELL 710.00 210.00 0.00 1
CELL 710.00 210.00 300.00 1
CELL 710.00 220.00 0.00 1
CELL 710.00 220.00 300.00 1
CELL 710.00 230.00 0.00 1
CELL 710.00 230.00 300.00 1
CELL 710.00 240.00 0.00 1
CELL 710.00 240.00 300.00 1
CELL 710.00 250.00 0.00 1
CELL 710.00 250.00 300.00 1
CELL 710.00 260.00 0.00 1
CELL 710.00 260.00 300.00 1
CELL 710.00 270.00 0.00 1
CELL 710.00 270.00 300.00 1
CELL 710.00 280.00 0.00 1
CELL 710.00 280.00 300.00 1
CELL 710.00 290.00 0.00 1
CELL 710.00 290.00 300.00 1
CELL 710.00 300.00 0.00 1
CELL 710.00 300.00 300.00 1
CELL 710.00 310.00 0.00 1
CELL 710.00 310.00 300.00 1
CELL 710.00 320.00 0.00 1
CELL 710.00 320.00 300.00 1
CELL 710.00 330.00 0.00 1
CELL 710.00 330.00 300.00 1
CELL 710.00 340.00 0.00 1
CELL 710.00 340.00 300.00 1
CELL 710.00 350.00 0.00 1
CELL 710.00 350.00 300.00 1
CELL 710.00 360.00 0.00 1
CELL 710.00 360.00 300.00 1
CELL 710.00 370.00 0.00 1
CELL 710.00 370.00 300.00 1
CELL 710.00 380.00 0.00 1
CELL 710.00 380.00 300.00 1
CELL 710.00 390.00 0.00 1
CELL 710.00 390.00 300.00 1
CELL 710.00 400.00 300.00 1
CELL 720.00 0.00 300.00 1
CELL 720.00 10.00 0.00 1
CELL 720.00 10.00 300.00 1
CELL 720.00 20.00 0.00 1
CELL 720.00 20.00 300.00 1
CELL 720.00 30.00 0.00 1
CELL 720.00 30.00 300.00 1
CELL 720.00 40.00 0.00 1
CELL 720.00 40.00 300.00 1
CELL 720.00 50.00 0.00 1
CELL 720.00 50.00 300.00 1
CELL 720.00 60.00 0.00 1
CELL 720.00 60.00 300.00 1
CELL 720.00 70.00 0.00 1
CELL 720.00 70.00 300.00 1
CELL 720.00 80.00 0.00 1
CELL 720.00 80.00 300.00 1
CELL 720.00 90.00 0.00 1
CELL 720.00 90.00 300.00 1
CELL 720.00 100.00 0.00 1
CELL 720.00 100.00 300.00 1
CELL 720.00 110.00 0.00 1
CELL 720.00 110.00 300.00 1
CELL 720.00 120.00 0.00 1
CELL 720.00 120.00 300.00 1
CELL 720.00 130.00 0.00 1
CELL 720.00 130.00 300.00 1
CELL 720.00 140.00 0.00 1
CELL 720.00 140.00 300.00 1
CELL 720.00 150.00 0.00 1
CELL 720.00 150.00 300.00 1
CELL 720.00 160.00 0.00 1
CELL 720.00 160.00 300.00 1
CELL 720.00 170.00 0.00 1
CELL 720.00 170.00 300.00 1
CELL 720.00 180.00 0.00 1
CELL 720.00 180.00 300.00 1
CELL 720.00 190.00 0.00 1
CELL 720.00 190.00 300.00 1
CELL 720.00 200.00 0.00 1
CELL 720.00 200.00 300.00 1
CELL 720.00 210.00 0.00 1
CELL 720.00 210.00 300.00 1
CELL 720.00 220.00 0.00 1
CELL 720.00 220.00 300.00 1
CELL 720.00 230.00 0.00 1
CELL 720.00 230.00 300.00 1
CELL 720.00 240.00 0.00 1
CELL 720.00 240.00 300.00 1
CELL 720.00 250.00 0.00 1
CELL 720.00 250.00 300.00 1
CELL 720.00 260.00 0.00 1
CELL 720.00 260.00 300.00 1
CELL 720.00 270.00 0.00 1
CELL 720.00 270.00 300.00 1
CELL 720.00 280.00 0.00 1
CELL 720.00 280.00 300.00 1
CELL 720.00 290.00 0.00 1
CELL 720.00 290.00 300.00 1
CELL 720.00 300.00 0.00 1
CELL 720.00 300.00 300.00 1
CELL 720.00 310.00 0.00 1
CELL 720.00 310.00 300.00 1
CELL 720.00 320.00 0.00 1
CELL 720.00 320.00 300.00 1
CELL 720.00 330.00 0.00 1
CELL 720.00 330.00 300.00 1
CELL 720.00 340.00 0.00 1
CELL 720.00 340.00 300.00 1
CELL 720.00 350.00 0.00 1
CELL 720.00 350.00 300.00 1
CELL 720.00 360.00 0.00 1
CELL 720.00 360.00 300.00 1
CELL 720.00 370.00 0.00 1
CELL 720.00 370.00 300.00 1
CELL 720.00 380.00 0.00 1
CELL 720.00 380.00 300.00 1
CELL 720.00 390.00 0.00 1
CELL 720.00 390.00 300.00 1
CELL 720.00 400.00 300.00 1
CELL 730.00 0.00 300.00 1
CELL 730.00 10.00 0.00 1
CELL 730.00 10.00 300.00 1
CELL 730.00 20.00 0.00 1
CELL 730.00 20.00 300.00 1
CELL 730.00 30.00 0.00 1
CELL 730.00 30.00 300.00 1
CELL 730.00 40.00 0.00 1
CELL 730.00 40.00 300.00 1
CELL 730.00 50.00 0.00 1
CELL 730.00 50.00 300.00 1
CELL 730.00 60.00 0.00 1
CELL 730.00 60.00 300.00 1
CELL 730.00 70.00 0.00 1
CELL 730.00 70.00 300.00 1
CELL 730.00 80.00 0.00 1
CELL 730.00 80.00 300.00 1
CELL 730.00 90.00 0.00 1
CELL 730.00 90.00 300.00 1
CELL 730.00 100.00 0.00 1
CELL 730.00 100.00 300.00 1
CELL 730.00 110.00 0.00 1
CELL 730.00 110.00 300.00 1
CELL 730.00 120.00 0.00 1
CELL 730.00 120.00 300.00 1
CELL 730.00 130.00 0.00 1
CELL 730.00 130.00 300.00 1
CELL 730.00 140.00 0.00 1
CELL 730.00 140.00 300.00 1
CELL 730.00 150.00 0.00 1
CELL 730.00 150.00 300.00 1
CELL 730.00 160.00 0.00 1
CELL 730.00 160.00 300.00 1
CELL 730.00 170.00 0.00 1
CELL 730.00 170.00 300.00 1
CELL 730.00 180.00 0.00 1
CELL 730.00 180.00 300.00 1
CELL 730.00 190.00 0.00 1
CELL 730.00 190.00 300.00 1
CELL 730.00 200.00 0.00 1
CELL 730.00 200.00 300.00 1
CELL 730.00 210.00 0.00 1
CELL 730.00 210.00 300.00 1
CELL 730.00 220.00 0.00 1
CELL 730.00 220.00 300.00 1
CELL 730.00 230.00 0.00 1
CELL 730.00 230.00 300.00 1
CELL 730.00 240.00 0.00 1
CELL 730.00 240.00 300.00 1
CELL 730.00 250.00 0.00 1
CELL 730.00 250.00 300.00 1
CELL 730.00 260.00 0.00 1
CELL 730.00 260.00 300.00 1
CELL 730.00 270.00 0.00 1
CELL 730.00 270.00 300.00 1
CELL 730.00 280.00 0.00 1
CELL 730.00 280.00 300.00 1
CELL 730.00 290.00 0.00 1
CELL 730.00 290.00 300.00 1
CELL 730.00 300.00 0.00 1
CELL 730.00 300.00 300.00 1
CELL 730.00 310.00 0.00 1
CELL 730.00 310.00 300.00 1
CELL 730.00 320.00 0.00 1
CELL 730.00 320.00 300.00 1
CELL 730.00 330.00 0.00 1
CELL 730.00 330.00 300.00 1
CELL 730.00 340.00 0.00 1
CELL 730.00 340.00 300.00 1
CELL 730.00 350.00 0.00 1
CELL 730.00 350.00 300.00 1
CELL 730.00 360.00 0.00 1
CELL 730.00 360.00 300.00 1
CELL 730.00 370.00 0.00 1
CELL 730.00 370.00 300.00 1
CELL 730.00 380.00 0.00 1
CELL 730.00 380.00 300.00 1
CELL 730.00 390.00 0.00 1
CELL 730.00 390.00 300.00 1
CELL 730.00 400.00 300.00 1
CELL 740.00 0.00 300.00 1
CELL 740.00 10.00 0.00 1
CELL 740.00 10.00 300.00 1
CELL 740.00 20.00 0.00 1
CELL 740.00 20.00 300.00 1
CELL 740.00 30.00 0.00 1
CELL 740.00 30.00 300.00 1
CELL 740.00 40.00 0.00 1
CELL 740.00 40.00 300.00 1
CELL 740.00 50.00 0.00 1
CELL 740.00 50.00 300.00 1
CELL 740.00 60.00 0.00 1
CELL 740.00 60.00 300.00 1
CELL 740.00 70.00 0.00 1
CELL 740.00 70.00 300.00 1
CELL 740.00 80.00 0.00 1
CELL 740.00 80.00 300.00 1
CELL 740.00 90.00 0.00 1
CELL 740.00 90.00 300.00 1
CELL 740.00 100.00 0.00 1
CELL 740.00 100.00 300.00 1
CELL 740.00 110.00 0.00 1
CELL 740.00 110.00 300.00 1
CELL 740.00 120.00 0.00 1
CELL 740.00 120.00 300.00 1
CELL 740.00 130.00 0.00 1
CELL 740.00 130.00 300.00 1
CELL 740.00 140.00 0.00 1
CELL 740.00 140.00 300.00 1
CELL 740.00 150.00 0.00 1
CELL 740.00 150.00 300.00 1
CELL 740.00 160.00 0.00 1
CELL 740.00 160.00 300.00 1
CELL 740.00 170.00 0.00 1
CELL 740.00 170.00 300.00 1
CELL 740.00 180.00 0.00 1
CELL 740.00 180.00 300.00 1
CELL 740.00 190.00 0.00 1
CELL 740.00 190.00 300.00 1
CELL 740.00 200.00 0.00 1
CELL 740.00 200.00 300.00 1
CELL 740.00 210.00 0.00 1
CELL 740.00 210.00 300.00 1
CELL 740.00 220.00 0.00 1
CELL 740.00 220.00 300.00 1
CELL 740.00 230.00 0.00 1
CELL 740.00 230.00 300.00 1
CELL 740.00 240.00 0.00 1
CELL 740.00 240.00 300.00 1
CELL 740.00 250.00 0.00 1
CELL 740.00 250.00 300.00 1
CELL 740.00 260.00 0.00 1
CELL 740.00 260.00 300.00 1
CELL 740.00 270.00 0.00 1
CELL 740.00 270.00 300.00 1
CELL 740.00 280.00 0.00 1
CELL 740.00 280.00 300.00 1
CELL 740.00 290.00 0.00 1
CELL 740.00 290.00 300.00 1
CELL 740.00 300.00 0.00 1
CELL 740.00 300.00 300.00 1
CELL 740.00 310.00 0.00 1
CELL 740.00 310.00 300.00 1
CELL 740.00 320.00 0.00 1
CELL 740.00 320.00 300.00 1
CELL 740.00 330.00 0.00 1
CELL 740.00 330.00 300.00 1
CELL 740.00 340.00 0.00 1
CELL 740.00 340.00 300.00 1
CELL 740.00 350.00 0.00 1
CELL 740.00 350.00 300.00 1
CELL 740.00 360.00 0.00 1
CELL 740.00 360.00 300.00 1
CELL 740.00 370.00 0.00 1
CELL 740.00 370.00 300.00 1
CELL 740.00 380.00 0.00 1
CELL 740.00 380.00 300.00 1
CELL 740.00 390.00 0.00 1
CELL 740.00 390.00 300.00 1
CELL 740.00 400.00 300.00 1
CELL 750.00 0.00 300.00 1
CELL 750.00 10.00 0.00 1
CELL 750.00 10.00 300.00 1
CELL 750.00 20.00 0.00 1
CELL 750.00 20.00 300.00 1
CELL 750.00 30.00 0.00 1
CELL 750.00 30.00 300.00 1
CELL 750.00 40.00 0.00 1
CELL 750.00 40.00 300.00 1
CELL 750.00 50.00 0.00 1
CELL 750.00 50.00 300.00 1
CELL 750.00 60.00 0.00 1
CELL 750.00 60.00 300.00 1
CELL 750.00 70.00 0.00 1
CELL 750.00 70.00 300.00 1
CELL 750.00 80.00 0.00 1
CELL 750.00 80.00 300.00 1
CELL 750.00 90.00 0.00 1
CELL 750.00 90.00 300.00 1
CELL 750.00 100.00 0.00 1
CELL 750.00 100.00 300.00 1
CELL 750.00 110.00 0.00 1
CELL 750.00 110.00 300.00 1
CELL 750.00 120.00 0.00 1
CELL 750.00 120.00 300.00 1
CELL 750.00 130.00 0.00 1
CELL 750.00 130.00 300.00 1
CELL 750.00 140.00 0.00 1
CELL 750.00 140.00 300.00 1
CELL 750.00 150.00 0.00 1
CELL 750.00 150.00 300.00 1
CELL 750.00 160.00 0.00 1
CELL 750.00 160.00 300.00 1
CELL 750.00 170.00 0.00 1
CELL 750.00 170.00 300.00 1
CELL 750.00 180.00 0.00 1
CELL 750.00 180.00 300.00 1
CELL 750.00 190.00 0.00 1
CELL 750.00 190.00 300.00 1
CELL 750.00 200.00 0.00 1
CELL 750.00 200.00 300.00 1
CELL 750.00 210.00 0.00 1
CELL 750.00 210.00 300.00 1
CELL 750.00 220.00 0.00 1
CELL 750.00 220.00 300.00 1
CELL 750.00 230.00 0.00 1
CELL 750.00 230.00 300.00 1
CELL 750.00 240.00 0.00 1
CELL 750.00 240.00 300.00 1
CELL 750.00 250.00 0.00 1
CELL 750.00 250.00 300.00 1
CELL 750.00 260.00 0.00 1
CELL 750.00 260.00 300.00 1
CELL 750.00 270.00 0.00 1
CELL 750.00 270.00 300.00 1
CELL 750.00 280.00 0.00 1
CELL 750.00 280.00 300.00 1
CELL 750.00 290.00 0.00 1
CELL 750.00 290.00 300.00 1
CELL 750.00 300.00 0.00 1
CELL 750.00 300.00 300.00 1
CELL 750.00 310.00 0.00 1
CELL 750.00 310.00 300.00 1
CELL 750.00 320.00 0.00 1
CELL 750.00 320.00 300.00 1
CELL 750.00 330.00 0.00 1
CELL 750.00 330.00 300.00 1
CELL 750.00 340.00 0.00 1
CELL 750.00 340.00 300.00 1
CELL 750.00 350.00 0.00 1
CELL 750.00 350.00 300.00 1
CELL 750.00 360.00 0.00 1
CELL 750.00 360.00 300.00 1
CELL 750.00 370.00 0.00 1
CELL 750.00 370.00 300.00 1
CELL 750.00 380.00 0.00 1
CELL 750.00 380.00 300.00 1
CELL 750.00 390.00 0.00 1
CELL 750.00 390.00 300.00 1
CELL 750.00 400.00 300.00 1
CELL 760.00 0.00 300.00 1
CELL 760.00 10.00 0.00 1
CELL 760.00 10.00 300.00 1
CELL 760.00 20.00 0.00 1
CELL 760.00 20.00 300.00 1
CELL 760.00 30.00 0.00 1
CELL 760.00 30.00 300.00 1
CELL 760.00 40.00 0.00 1
CELL 760.00 40.00 300.00 1
CELL 760.00 50.00 0.00 1
CELL 760.00 50.00 300.00 1
CELL 760.00 60.00 0.00 1
CELL 760.00 60.00 300.00 1
CELL 760.00 70.00 0.00 1
CELL 760.00 70.00 300.00 1
CELL 760.00 80.00 0.00 1
CELL 760.00 80.00 300.00 1
CELL 760.00 90.00 0.00 1
CELL 760.00 90.00 300.00 1
CELL 760.00 100.00 0.00 1
CELL 760.00 100.00 300.00 1
CELL 760.00 110.00 0.00 1
CELL 760.00 110.00 300.00 1
CELL 760.00 120.00 0.00 1
CELL 760.00 120.00 300.00 1
CELL 760.00 130.00 0.00 1
CELL 760.00 130.00 300.00 1
CELL 760.00 140.00 0.00 1
CELL 760.00 140.00 300.00 1
CELL 760.00 150.00 0.00 1
CELL 760.00 150.00 300.00 1
CELL 760.00 160.00 0.00 1
CELL 760.00 160.00 300.00 1
CELL 760.00 170.00 0.00 1
CELL 760.00 170.00 300.00 1
CELL 760.00 180.00 0.00 1
CELL 760.00 180.00 300.00 1
CELL 760.00 190.00 0.00 1
CELL 760.00 190.00 300.00 1
CELL 760.00 200.00 0.00 1
CELL 760.00 200.00 300.00 1
CELL 760.00 210.00 0.00 1
CELL 760.00 210.00 300.00 1
CELL 760.00 220.00 0.00 1
CELL 760.00 220.00 300.00 1
CELL 760.00 230.00 0.00 1
CELL 760.00 230.00 300.00 1
CELL 760.00 240.00 0.00 1
CELL 760.00 240.00 300.00 1
CELL 760.00 250.00 0.00 1
CELL 760.00 250.00 300.00 1
CELL 760.00 260.00 0.00 1
CELL 760.00 260.00 300.00 1
CELL 760.00 270.00 0.00 1
CELL 760.00 270.00 300.00 1
CELL 760.00 280.00 0.00 1
CELL 760.00 280.00 300.00 1
CELL 760.00 290.00 0.00 1
CELL 760.00 290.00 300.00 1
CELL 760.00 300.00 0.00 1
CELL 760.00 300.00 300.00 1
CELL 760.00 310.00 0.00 1
CELL 760.00 310.00 300.00 1
CELL 760.00 320.00 0.00 1
CELL 760.00 320.00 300.00 1
CELL 760.00 330.00 0.00 1
CELL 760.00 330.00 300.00 1
CELL 760.00 340.00 0.00 1
CELL 760.00 340.00 300.00 1
CELL 760.00 350.00 0.00 1
CELL 760.00 350.00 300.00 1
CELL 760.00 360.00 0.00 1
CELL 760.00 360.00 300.00 1
CELL 760.00 370.00 0.00 1
CELL 760.00 370.00 300.00 1
CELL 760.00 380.00 0.00 1
CELL 760.00 380.00 300.00 1
CELL 760.00 390.00 0.00 1
CELL 760.00 390.00 300.00 1
CELL 760.00 400.00 300.00 1
CELL 770.00 0.00 300.00 1
CELL 770.00 10.00 0.00 1
CELL 770.00 10.00 300.00 1
CELL 770.00 20.00 0.00 1
CELL 770.00 20.00 300.00 1
CELL 770.00 30.00 0.00 1
CELL 770.00 30.00 300.00 1
CELL 770.00 40.00 0.00 1
CELL 770.00 40.00 300.00 1
CELL 770.00 50.00 0.00 1
CELL 770.00 50.00 300.00 1
CELL 770.00 60.00 0.00 1
CELL 770.00 60.00 300.00 1
CELL 770.00 70.00 0.00 1
CELL 770.00 70.00 300.00 1
CELL 770.00 80.00 0.00 1
CELL 770.00 80.00 300.00 1
CELL 770.00 90.00 0.00 1
CELL 770.00 90.00 300.00 1
CELL 770.00 100.00 0.00 1
CELL 770.00 100.00 300.00 1
CELL 770.00 110.00 0.00 1
CELL 770.00 110.00 300.00 1
CELL 770.00 120.00 0.00 1
CELL 770.00 120.00 300.00 1
CELL 770.00 130.00 0.00 1
CELL 770.00 130.00 300.00 1
CELL 770.00 140.00 0.00 1
CELL 770.00 140.00 300.00 1
CELL 770.00 150.00 0.00 1
CELL 770.00 150.00 300.00 1
CELL 770.00 160.00 0.00 1
CELL 770.00 160.00 300.00 1
CELL 770.00 170.00 0.00 1
CELL 770.00 170.00 300.00 1
CELL 770.00 180.00 0.00 1
CELL 770.00 180.00 300.00 1
CELL 770.00 190.00 0.00 1
CELL 770.00 190.00 300.00 1
CELL 770.00 200.00 0.00 1
CELL 770.00 200.00 300.00 1
CELL 770.00 210.00 0.00 1
CELL 770.00 210.00 300.00 1
CELL 770.00 220.00 0.00 1
CELL 770.00 220.00 300.00 1
CELL 770.00 230.00 0.00 1
CELL 770.00 230.00 300.00 1
CELL 770.00 240.00 0.00 1
CELL 770.00 240.00 300.00 1
CELL 770.00 250.00 0.00 1
CELL 770.00 250.00 300.00 1
CELL 770.00 260.00 0.00 1
CELL 770.00 260.00 300.00 1
CELL 770.00 270.00 0.00 1
CELL 770.00 270.00 300.00 1
CELL 770.00 280.00 0.00 1
CELL 770.00 280.00 300.00 1
CELL 770.00 290.00 0.00 1
CELL 770.00 290.00 300.00 1
CELL 770.00 300.00 0.00 1
CELL 770.00 300.00 300.00 1
CELL 770.00 310.00 0.00 1
CELL 770.00 310.00 300.00 1
CELL 770.00 320.00 0.00 1
CELL 770.00 320.00 300.00 1
CELL 770.00 330.00 0.00 1
CELL 770.00 330.00 300.00 1
CELL 770.00 340.00 0.00 1
CELL 770.00 340.00 300.00 1
CELL 770.00 350.00 0.00 1
CELL 770.00 350.00 300.00 1
CELL 770.00 360.00 0.00 1
CELL 770.00 360.00 300.00 1
CELL 770.00 370.00 0.00 1
CELL 770.00 370.00 300.00 1
CELL 770.00 380.00 0.00 1
CELL 770.00 380.00 300.00 1
CELL 770.00 390.00 0.00 1
CELL 770.00 390.00 300.00 1
CELL 770.00 400.00 300.00 1
CELL 780.00 0.00 300.00 1
CELL 780.00 10.00 0.00 1
CELL 780.00 10.00 300.00 1
CELL 780.00 20.00 0.00 1
CELL 780.00 20.00 300.00 1
CELL 780.00 30.00 0.00 1
CELL 780.00 30.00 300.00 1
CELL 780.00 40.00 0.00 1
CELL 780.00 40.00 300.00 1
CELL 780.00 50.00 0.00 1
CELL 780.00 50.00 300.00 1
CELL 780.00 60.00 0.00 1
CELL 780.00 60.00 300.00 1
CELL 780.00 70.00 0.00 1
CELL 780.00 70.00 300.00 1
CELL 780.00 80.00 0.00 1
CELL 780.00 80.00 300.00 1
CELL 780.00 90.00 0.00 1
CELL 780.00 90.00 300.00 1
CELL 780.00 100.00 0.00 1
CELL 780.00 100.00 300.00 1
CELL 780.00 110.00 0.00 1
CELL 780.00 110.00 300.00 1
CELL 780.00 120.00 0.00 1
CELL 780.00 120.00 300.00 1
CELL 780.00 130.00 0.00 1
CELL 780.00 130.00 300.00 1
CELL 780.00 140.00 0.00 1
CELL 780.00 140.00 300.00 1
CELL 780.00 150.00 0.00 1
CELL 780.00 150.00 300.00 1
CELL 780.00 160.00 0.00 1
CELL 780.00 160.00 300.00 1
CELL 780.00 170.00 0.00 1
CELL 780.00 170.00 300.00 1
CELL 780.00 180.00 0.00 1
CELL 780.00 180.00 300.00 1
CELL 780.00 190.00 0.00 1
CELL 780.00 190.00 300.00 1
CELL 780.00 200.00 0.00 1
CELL 780.00 200.00 300.00 1
CELL 780.00 210.00 0.00 1
CELL 780.00 210.00 300.00 1
CELL 780.00 220.00 0.00 1
CELL 780.00 220.00 300.00 1
CELL 780.00 230.00 0.00 1
CELL 780.00 230.00 300.00 1
CELL 780.00 240.00 0.00 1
CELL 780.00 240.00 300.00 1
CELL 780.00 250.00 0.00 1
CELL 780.00 250.00 300.00 1
CELL 780.00 260.00 0.00 1
CELL 780.00 260.00 300.00 1
CELL 780.00 270.00 0.00 1
CELL 780.00 270.00 300.00 1
CELL 780.00 280.00 0.00 1
CELL 780.00 280.00 300.00 1
CELL 780.00 290.00 0.00 1
CELL 780.00 290.00 300.00 1
CELL 780.00 300.00 0.00 1
CELL 780.00 300.00 300.00 1
CELL 780.00 310.00 0.00 1
CELL 780.00 310.00 300.00 1
CELL 780.00 320.00 0.00 1
CELL 780.00 320.00 300.00 1
CELL 780.00 330.00 0.00 1
CELL 780.00 330.00 300.00 1
CELL 780.00 340.00 0.00 1
CELL 780.00 340.00 300.00 1
CELL 780.00 350.00 0.00 1
CELL 780.00 350.00 300.00 1
CELL 780.00 360.00 0.00 1
CELL 780.00 360.00 300.00 1
CELL 780.00 370.00 0.00 1
CELL 780.00 370.00 300.00 1
CELL 780.00 380.00 0.00 1
CELL 780.00 380.00 300.00 1
CELL 780.00 390.00 0.00 1
CELL 780.00 390.00 300.00 1
CELL 780.00 400.00 300.00 1
CELL 790.00 0.00 300.00 1
CELL 790.00 10.00 0.00 1
CELL 790.00 10.00 300.00 1
CELL 790.00 20.00 0.00 1
CELL 790.00 20.00 300.00 1
CELL 790.00 30.00 0.00 1
CELL 790.00 30.00 300.00 1
CELL 790.00 40.00 0.00 1
CELL 790.00 40.00 300.00 1
CELL 790.00 50.00 0.00 1
CELL 790.00 50.00 300.00 1
CELL 790.00 60.00 0.00 1
CELL 790.00 60.00 300.00 1
CELL 790.00 70.00 0.00 1
CELL 790.00 70.00 300.00 1
CELL 790.00 80.00 0.00 1
CELL 790.00 80.00 300.00 1
CELL 790.00 90.00 0.00 1
CELL 790.00 90.00 300.00 1
CELL 790.00 100.00 0.00 1
CELL 790.00 100.00 300.00 1
CELL 790.00 110.00 0.00 1
CELL 790.00 110.00 300.00 1
CELL 790.00 120.00 0.00 1
CELL 790.00 120.00 300.00 1
CELL 790.00 130.00 0.00 1
CELL 790.00 130.00 300.00 1
CELL 790.00 140.00 0.00 1
CELL 790.00 140.00 300.00 1
CELL 790.00 150.00 0.00 1
CELL 790.00 150.00 300.00 1
CELL 790.00 160.00 0.00 1
CELL 790.00 160.00 300.00 1
CELL 790.00 170.00 0.00 1
CELL 790.00 170.00 300.00 1
CELL 790.00 180.00 0.00 1
CELL 790.00 180.00 300.00 1
CELL 790.00 190.00 0.00 1
CELL 790.00 190.00 300.00 1
CELL 790.00 200.00 0.00 1
CELL 790.00 200.00 300.00 1
CELL 790.00 210.00 0.00 1
CELL 790.00 210.00 300.00 1
CELL 790.00 220.00 0.00 1
CELL 790.00 220.00 300.00 1
CELL 790.00 230.00 0.00 1
CELL 790.00 230.00 300.00 1
CELL 790.00 240.00 0.00 1
CELL 790.00 240.00 300.00 1
CELL 790.00 250.00 0.00 1
CELL 790.00 250.00 300.00 1
CELL 790.00 260.00 0.00 1
CELL 790.00 260.00 300.00 1
CELL 790.00 270.00 0.00 1
CELL 790.00 270.00 300.00 1
CELL 790.00 280.00 0.00 1
CELL 790.00 280.00 300.00 1
CELL 790.00 290.00 0.00 1
CELL 790.00 290.00 300.00 1
CELL 790.00 300.00 0.00 1
CELL 790.00 300.00 300.00 1
CELL 790.00 310.00 0.00 1
CELL 790.00 310.00 300.00 1
CELL 790.00 320.00 0.00 1
CELL 790.00 320.00 300.00 1
CELL 790.00 330.00 0.00 1
CELL 790.00 330.00 300.00 1
CELL 790.00 340.00 0.00 1
CELL 790.00 340.00 300.00 1
CELL 790.00 350.00 0.00 1
CELL 790.00 350.00 300.00 1
CELL 790.00 360.00 0.00 1
CELL 790.00 360.00 300.00 1
CELL 790.00 370.00 0.00 1
CELL 790.00 370.00 300.00 1
CELL 790.00 380.00 0.00 1
CELL 790.00 380.00 300.00 1
CELL 790.00 390.00 0.00 1
CELL 790.00 390.00 300.00 1
CELL 790.00 400.00 300.00 1
CELL 800.00 0.00 300.00 1
CELL 800.00 10.00 0.00 1
CELL 800.00 10.00 300.00 1
CELL 800.00 20.00 0.00 1
CELL 800.00 20.00 300.00 1
CELL 800.00 30.00 0.00 1
CELL 800.00 30.00 300.00 1
CELL 800.00 40.00 0.00 1
CELL 800.00 40.00 300.00 1
CELL 800.00 50.00 0.00 1
CELL 800.00 50.00 300.00 1
CELL 800.00 60.00 0.00 1
CELL 800.00 60.00 300.00 1
CELL 800.00 70.00 0.00 1
CELL 800.00 70.00 300.00 1
CELL 800.00 80.00 0.00 1
CELL 800.00 80.00 300.00 1
CELL 800.00 90.00 0.00 1
CELL 800.00 90.00 300.00 1
CELL 800.00 100.00 0.00 1
CELL 800.00 100.00 300.00 1
CELL 800.00 110.00 0.00 1
CELL 800.00 110.00 300.00 1
CELL 800.00 120.00 0.00 1
CELL 800.00 120.00 300.00 1
CELL 800.00 130.00 0.00 1
CELL 800.00 130.00 300.00 1
CELL 800.00 140.00 0.00 1
CELL 800.00 140.00 300.00 1
CELL 800.00 150.00 0.00 1
CELL 800.00 150.00 300.00 1
CELL 800.00 160.00 0.00 1
CELL 800.00 160.00 300.00 1
CELL 800.00 170.00 0.00 1
CELL 800.00 170.00 300.00 1
CELL 800.00 180.00 0.00 1
CELL 800.00 180.00 300.00 1
CELL 800.00 190.00 0.00 1
CELL 800.00 190.00 300.00 1
CELL 800.00 200.00 0.00 1
CELL 800.00 200.00 300.00 1
CELL 800.00 210.00 0.00 1
CELL 800.00 210.00 300.00 1
CELL 800.00 220.00 0.00 1
CELL 800.00 220.00 300.00 1
CELL 800.00 230.00 0.00 1
CELL 800.00 230.00 300.00 1
CELL 800.00 240.00 0.00 1
CELL 800.00 240.00 300.00 1
CELL 800.00 250.00 0.00 1
CELL 800.00 250.00 300.00 1
CELL 800.00 260.00 0.00 1
CELL 800.00 260.00 300.00 1
CELL 800.00 270.00 0.00 1
CELL 800.00 270.00 300.00 1
CELL 800.00 280.00 0.00 1
CELL 800.00 280.00 300.00 1
CELL 800.00 290.00 0.00 1
CELL 800.00 290.00 300.00 1
CELL 800.00 300.00 0.00 1
CELL 800.00 300.00 300.00 1
CELL 800.00 310.00 0.00 1
CELL 800.00 310.00 300.00 1
CELL 800.00 320.00 0.00 1
CELL 800.00 320.00 300.00 1
CELL 800.00 330.00 0.00 1
CELL 800.00 330.00 300.00 1
CELL 800.00 340.00 0.00 1
CELL 800.00 340.00 300.00 1
CELL 800.00 350.00 0.00 1
CELL 800.00 350.00 300.00 1
CELL 800.00 360.00 0.00 1
CELL 800.00 360.00 300.00 1
CELL 800.00 370.00 0.00 1
CELL 800.00 370.00 300.00 1
CELL 800.00 380.00 0.00 1
CELL 800.00 380.00 300.00 1
CELL 800.00 390.00 0.00 1
CELL 800.00 390.00 300.00 1
CELL 800.00 400.00 300.00 1
CELL 810.00 0.00 300.00 1
CELL 810.00 10.00 0.00 1
CELL 810.00 10.00 300.00 1
CELL 810.00 20.00 0.00 1
CELL 810.00 20.00 300.00 1
CELL 810.00 30.00 0.00 1
CELL 810.00 30.00 300.00 1
CELL 810.00 40.00 0.00 1
CELL 810.00 40.00 300.00 1
CELL 810.00 50.00 0.00 1
CELL 810.00 50.00 300.00 1
CELL 810.00 60.00 0.00 1
CELL 810.00 60.00 300.00 1
CELL 810.00 70.00 0.00 1
CELL 810.00 70.00 300.00 1
CELL 810.00 80.00 0.00 1
CELL 810.00 80.00 300.00 1
CELL 810.00 90.00 0.00 1
CELL 810.00 90.00 300.00 1
CELL 810.00 100.00 0.00 1
CELL 810.00 100.00 300.00 1
CELL 810.00 110.00 0.00 1
CELL 810.00 110.00 300.00 1
CELL 810.00 120.00 0.00 1
CELL 810.00 120.00 300.00 1
CELL 810.00 130.00 0.00 1
CELL 810.00 130.00 300.00 1
CELL 810.00 140.00 0.00 1
CELL 810.00 140.00 300.00 1
CELL 810.00 150.00 0.00 1
CELL 810.00 150.00 300.00 1
CELL 810.00 160.00 0.00 1
CELL 810.00 160.00 300.00 1
CELL 810.00 170.00 0.00 1
CELL 810.00 170.00 300.00 1
CELL 810.00 180.00 0.00 1
CELL 810.00 180.00 300.00 1
CELL 810.00 190.00 0.00 1
CELL 810.00 190.00 300.00 1
CELL 810.00 200.00 0.00 1
CELL 810.00 200.00 300.00 1
CELL 810.00 210.00 0.00 1
CELL 810.00 210.00 300.00 1
CELL 810.00 220.00 0.00 1
CELL 810.00 220.00 300.00 1
CELL 810.00 230.00 0.00 1
CELL 810.00 230.00 300.00 1
CELL 810.00 240.00 0.00 1
CELL 810.00 240.00 300.00 1
CELL 810.00 250.00 0.00 1
CELL 810.00 250.00 300.00 1
CELL 810.00 260.00 0.00 1
CELL 810.00 260.00 300.00 1
CELL 810.00 270.00 0.00 1
CELL 810.00 270.00 300.00 1
CELL 810.00 280.00 0.00 1
CELL 810.00 280.00 300.00 1
CELL 810.00 290.00 0.00 1
CELL 810.00 290.00 300.00 1
CELL 810.00 300.00 0.00 1
CELL 810.00 300.00 300.00 1
CELL 810.00 310.00 0.00 1
CELL 810.00 310.00 300.00 1
CELL 810.00 320.00 0.00 1
CELL 810.00 320.00 300.00 1
CELL 810.00 330.00 0.00 1
CELL 810.00 330.00 300.00 1
CELL 810.00 340.00 0.00 1
CELL 810.00 340.00 300.00 1
CELL 810.00 350.00 0.00 1
CELL 810.00 350.00 300.00 1
CELL 810.00 360.00 0.00 1
CELL 810.00 360.00 300.00 1
CELL 810.00 370.00 0.00 1
CELL 810.00 370.00 300.00 1
CELL 810.00 380.00 0.00 1
CELL 810.00 380.00 300.00 1
CELL 810.00 390.00 0.00 1
CELL 810.00 390.00 300.00 1
CELL 810.00 400.00 300.00 1
CELL 820.00 0.00 300.00 1
CELL 820.00 10.00 0.00 1
CELL 820.00 10.00 300.00 1
CELL 820.00 20.00 0.00 1
CELL 820.00 20.00 300.00 1
CELL 820.00 30.00 0.00 1
CELL 820.00 30.00 300.00 1
CELL 820.00 40.00 0.00 1
CELL 820.00 40.00 300.00 1
CELL 820.00 50.00 0.00 1
CELL 820.00 50.00 300.00 1
CELL 820.00 60.00 0.00 1
CELL 820.00 60.00 300.00 1
CELL 820.00 70.00 0.00 1
CELL 820.00 70.00 300.00 1
CELL 820.00 80.00 0.00 1
CELL 820.00 80.00 300.00 1
CELL 820.00 90.00 0.00 1
CELL 820.00 90.00 300.00 1
CELL 820.00 100.00 0.00 1
CELL 820.00 100.00 300.00 1
CELL 820.00 110.00 0.00 1
CELL 820.00 110.00 300.00 1
CELL 820.00 120.00 0.00 1
CELL 820.00 120.00 300.00 1
CELL 820.00 130.00 0.00 1
CELL 820.00 130.00 300.00 1
CELL 820.00 140.00 0.00 1
CELL 820.00 140.00 300.00 1
CELL 820.00 150.00 0.00 1
CELL 820.00 150.00 300.00 1
CELL 820.00 160.00 0.00 1
CELL 820.00 160.00 300.00 1
CELL 820.00 170.00 0.00 1
CELL 820.00 170.00 300.00 1
CELL 820.00 180.00 0.00 1
CELL 820.00 180.00 300.00 1
CELL 820.00 190.00 0.00 1
CELL 820.00 190.00 300.00 1
CELL 820.00 200.00 0.00 1
CELL 820.00 200.00 300.00 1
CELL 820.00 210.00 0.00 1
CELL 820.00 210.00 300.00 1
CELL 820.00 220.00 0.00 1
CELL 820.00 220.00 300.00 1
CELL 820.00 230.00 0.00 1
CELL 820.00 230.00 300.00 1
CELL 820.00 240.00 0.00 1
CELL 820.00 240.00 300.00 1
CELL 820.00 250.00 0.00 1
CELL 820.00 250.00 300.00 1
CELL 820.00 260.00 0.00 1
CELL 820.00 260.00 300.00 1
CELL 820.00 270.00 0.00 1
CELL 820.00 270.00 300.00 1
CELL 820.00 280.00 0.00 1
CELL 820.00 280.00 300.00 1
CELL 820.00 290.00 0.00 1
CELL 820.00 290.00 300.00 1
CELL 820.00 300.00 0.00 1
CELL 820.00 300.00 300.00 1
CELL 820.00 310.00 0.00 1
CELL 820.00 310.00 300.00 1
CELL 820.00 320.00 0.00 1
CELL 820.00 320.00 300.00 1
CELL 820.00 330.00 0.00 1
CELL 820.00 330.00 300.00 1
CELL 820.00 340.00 0.00 1
CELL 820.00 340.00 300.00 1
CELL 820.00 350.00 0.00 1
CELL 820.00 350.00 300.00 1
CELL 820.00 360.00 0.00 1
CELL 820.00 360.00 300.00 1
CELL 820.00 370.00 0.00 1
CELL 820.00 370.00 300.00 1
CELL 820.00 380.00 0.00 1
CELL 820.00 380.00 300.00 1
CELL 820.00 390.00 0.00 1
CELL 820.00 390.00 300.00 1
CELL 820.00 400.00 300.00 1
CELL 830.00 0.00 300.00 1
CELL 830.00 10.00 0.00 1
CELL 830.00 10.00 300.00 1
CELL 830.00 20.00 0.00 1
CELL 830.00 20.00 300.00 1
CELL 830.00 30.00 0.00 1
CELL 830.00 30.00 300.00 1
CELL 830.00 40.00 0.00 1
CELL 830.00 40.00 300.00 1
CELL 830.00 50.00 0.00 1
CELL 830.00 50.00 300.00 1
CELL 830.00 60.00 0.00 1
CELL 830.00 60.00 300.00 1
CELL 830.00 70.00 0.00 1
CELL 830.00 70.00 300.00 1
CELL 830.00 80.00 0.00 1
CELL 830.00 80.00 300.00 1
CELL 830.00 90.00 0.00 1
CELL 830.00 90.00 300.00 1
CELL 830.00 100.00 0.00 1
CELL 830.00 100.00 300.00 1
CELL 830.00 110.00 0.00 1
CELL 830.00 110.00 300.00 1
CELL 830.00 120.00 0.00 1
CELL 830.00 120.00 300.00 1
CELL 830.00 130.00 0.00 1
CELL 830.00 130.00 300.00 1
CELL 830.00 140.00 0.00 1
CELL 830.00 140.00 300.00 1
CELL 830.00 150.00 0.00 1
CELL 830.00 150.00 300.00 1
CELL 830.00 160.00 0.00 1
CELL 830.00 160.00 300.00 1
CELL 830.00 170.00 0.00 1
CELL 830.00 170.00 300.00 1
CELL 830.00 180.00 0.00 1
CELL 830.00 180.00 300.00 1
CELL 830.00 190.00 0.00 1
CELL 830.00 190.00 300.00 1
CELL 830.00 200.00 0.00 1
CELL 830.00 200.00 300.00 1
CELL 830.00 210.00 0.00 1
CELL 830.00 210.00 300.00 1
CELL 830.00 220.00 0.00 1
CELL 830.00 220.00 300.00 1
CELL 830.00 230.00 0.00 1
CELL 830.00 230.00 300.00 1
CELL 830.00 240.00 0.00 1
CELL 830.00 240.00 300.00 1
CELL 830.00 250.00 0.00 1
CELL 830.00 250.00 300.00 1
CELL 830.00 260.00 0.00 1
CELL 830.00 260.00 300.00 1
CELL 830.00 270.00 0.00 1
CELL 830.00 270.00 300.00 1
CELL 830.00 280.00 0.00 1
CELL 830.00 280.00 300.00 1
CELL 830.00 290.00 0.00 1
CELL 830.00 290.00 300.00 1
CELL 830.00 300.00 0.00 1
CELL 830.00 300.00 300.00 1
CELL 830.00 310.00 0.00 1
CELL 830.00 310.00 300.00 1
CELL 830.00 320.00 0.00 1
CELL 830.00 320.00 300.00 1
CELL 830.00 330.00 0.00 1
CELL 830.00 330.00 300.00 1
CELL 830.00 340.00 0.00 1
CELL 830.00 340.00 300.00 1
CELL 830.00 350.00 0.00 1
CELL 830.00 350.00 300.00 1
CELL 830.00 360.00 0.00 1
CELL 830.00 360.00 300.00 1
CELL 830.00 370.00 0.00 1
CELL 830.00 370.00 300.00 1
CELL 830.00 380.00 0.00 1
CELL 830.00 380.00 300.00 1
CELL 830.00 390.00 0.00 1
CELL 830.00 390.00 300.00 1
CELL 830.00 400.00 300.00 1
CELL 840.00 0.00 300.00 1
CELL 840.00 10.00 0.00 1
CELL 840.00 10.00 300.00 1
CELL 840.00 20.00 0.00 1
CELL 840.00 20.00 300.00 1
CELL 840.00 30.00 0.00 1
CELL 840.00 30.00 300.00 1
CELL 840.00 40.00 0.00 1
CELL 840.00 40.00 300.00 1
CELL 840.00 50.00 0.00 1
CELL 840.00 50.00 300.00 1
CELL 840.00 60.00 0.00 1
CELL 840.00 60.00 300.00 1
CELL 840.00 70.00 0.00 1
CELL 840.00 70.00 300.00 1
CELL 840.00 80.00 0.00 1
CELL 840.00 80.00 300.00 1
CELL 840.00 90.00 0.00 1
CELL 840.00 90.00 300.00 1
CELL 840.00 100.00 0.00 1
CELL 840.00 100.00 300.00 1
CELL 840.00 110.00 0.00 1
CELL 840.00 110.00 300.00 1
CELL 840.00 120.00 0.00 1
CELL 840.00 120.00 300.00 1
CELL 840.00 130.00 0.00 1
CELL 840.00 130.00 300.00 1
CELL 840.00 140.00 0.00 1
CELL 840.00 140.00 300.00 1
CELL 840.00 150.00 0.00 1
CELL 840.00 150.00 300.00 1
CELL 840.00 160.00 0.00 1
CELL 840.00 160.00 300.00 1
CELL 840.00 170.00 0.00 1
CELL 840.00 170.00 300.00 1
CELL 840.00 180.00 0.00 1
CELL 840.00 180.00 300.00 1
CELL 840.00 190.00 0.00 1
CELL 840.00 190.00 300.00 1
CELL 840.00 200.00 0.00 1
CELL 840.00 200.00 300.00 1
CELL 840.00 210.00 0.00 1
CELL 840.00 210.00 300.00 1
CELL 840.00 220.00 0.00 1
CELL 840.00 220.00 300.00 1
CELL 840.00 230.00 0.00 1
CELL 840.00 230.00 300.00 1
CELL 840.00 240.00 0.00 1
CELL 840.00 240.00 300.00 1
CELL 840.00 250.00 0.00 1
CELL 840.00 250.00 300.00 1
CELL 840.00 260.00 0.00 1
CELL 840.00 260.00 300.00 1
CELL 840.00 270.00 0.00 1
CELL 840.00 270.00 300.00 1
CELL 840.00 280.00 0.00 1
CELL 840.00 280.00 300.00 1
CELL 840.00 290.00 0.00 1
CELL 840.00 290.00 300.00 1
CELL 840.00 300.00 0.00 1
CELL 840.00 300.00 300.00 1
CELL 840.00 310.00 0.00 1
CELL 840.00 310.00 300.00 1
CELL 840.00 320.00 0.00 1
CELL 840.00 320.00 300.00 1
CELL 840.00 330.00 0.00 1
CELL 840.00 330.00 300.00 1
CELL 840.00 340.00 0.00 1
CELL 840.00 340.00 300.00 1
CELL 840.00 350.00 0.00 1
CELL 840.00 350.00 300.00 1
CELL 840.00 360.00 0.00 1
CELL 840.00 360.00 300.00 1
CELL 840.00 370.00 0.00 1
CELL 840.00 370.00 300.00 1
CELL 840.00 380.00 0.00 1
CELL 840.00 380.00 300.00 1
CELL 840.00 390.00 0.00 1
CELL 840.00 390.00 300.00 1
CELL 840.00 400.00 300.00 1
CELL 850.00 0.00 300.00 1
CELL 850.00 10.00 0.00 1
CELL 850.00 10.00 300.00 1
CELL 850.00 20.00 0.00 1
CELL 850.00 20.00 300.00 1
CELL 850.00 30.00 0.00 1
CELL 850.00 30.00 300.00 1
CELL 850.00 40.00 0.00 1
CELL 850.00 40.00 300.00 1
CELL 850.00 50.00 0.00 1
CELL 850.00 50.00 300.00 1
CELL 850.00 60.00 0.00 1
CELL 850.00 60.00 300.00 1
CELL 850.00 70.00 0.00 1
CELL 850.00 70.00 300.00 1
CELL 850.00 80.00 0.00 1
CELL 850.00 80.00 300.00 1
CELL 850.00 90.00 0.00 1
CELL 850.00 90.00 300.00 1
CELL 850.00 100.00 0.00 1
CELL 850.00 100.00 300.00 1
CELL 850.00 110.00 0.00 1
CELL 850.00 110.00 300.00 1
CELL 850.00 120.00 0.00 1
CELL 850.00 120.00 300.00 1
CELL 850.00 130.00 0.00 1
CELL 850.00 130.00 300.00 1
CELL 850.00 140.00 0.00 1
CELL 850.00 140.00 300.00 1
CELL 850.00 150.00 0.00 1
CELL 850.00 150.00 300.00 1
CELL 850.00 160.00 0.00 1
CELL 850.00 160.00 300.00 1
CELL 850.00 170.00 0.00 1
CELL 850.00 170.00 300.00 1
CELL 850.00 180.00 0.00 1
CELL 850.00 180.00 300.00 1
CELL 850.00 190.00 0.00 1
CELL 850.00 190.00 300.00 1
CELL 850.00 200.00 0.00 1
CELL 850.00 200.00 300.00 1
CELL 850.00 210.00 0.00 1
CELL 850.00 210.00 300.00 1
CELL 850.00 220.00 0.00 1
CELL 850.00 220.00 300.00 1
CELL 850.00 230.00 0.00 1
CELL 850.00 230.00 300.00 1
CELL 850.00 240.00 0.00 1
CELL 850.00 240.00 300.00 1
CELL 850.00 250.00 0.00 1
CELL 850.00 250.00 300.00 1
CELL 850.00 260.00 0.00 1
CELL 850.00 260.00 300.00 1
CELL 850.00 270.00 0.00 1
CELL 850.00 270.00 300.00 1
CELL 850.00 280.00 0.00 1
CELL 850.00 280.00 300.00 1
CELL 850.00 290.00 0.00 1
CELL 850.00 290.00 300.00 1
CELL 850.00 300.00 0.00 1
CELL 850.00 300.00 300.00 1
CELL 850.00 310.00 0.00 1
CELL 850.00 310.00 300.00 1
CELL 850.00 320.00 0.00 1
CELL 850.00 320.00 300.00 1
CELL 850.00 330.00 0.00 1
CELL 850.00 330.00 300.00 1
CELL 850.00 340.00 0.00 1
CELL 850.00 340.00 300.00 1
CELL 850.00 350.00 0.00 1
CELL 850.00 350.00 300.00 1
CELL 850.00 360.00 0.00 1
CELL 850.00 360.00 300.00 1
CELL 850.00 370.00 0.00 1
CELL 850.00 370.00 300.00 1
CELL 850.00 380.00 0.00 1
CELL 850.00 380.00 300.00 1
CELL 850.00 390.00 0.00 1
CELL 850.00 390.00 300.00 1
CELL 850.00 400.00 300.00 1
CELL 860.00 0.00 300.00 1
CELL 860.00 10.00 0.00 1
CELL 860.00 10.00 300.00 1
CELL 860.00 20.00 0.00 1
CELL 860.00 20.00 300.00 1
CELL 860.00 30.00 0.00 1
CELL 860.00 30.00 300.00 1
CELL 860.00 40.00 0.00 1
CELL 860.00 40.00 300.00 1
CELL 860.00 50.00 0.00 1
CELL 860.00 50.00 300.00 1
CELL 860.00 60.00 0.00 1
CELL 860.00 60.00 300.00 1
CELL 860.00 70.00 0.00 1
CELL 860.00 70.00 300.00 1
CELL 860.00 80.00 0.00 1
CELL 860.00 80.00 300.00 1
CELL 860.00 90.00 0.00 1
CELL 860.00 90.00 300.00 1
CELL 860.00 100.00 0.00 1
CELL 860.00 100.00 300.00 1
CELL 860.00 110.00 0.00 1
CELL 860.00 110.00 300.00 1
CELL 860.00 120.00 0.00 1
CELL 860.00 120.00 300.00 1
CELL 860.00 130.00 0.00 1
CELL 860.00 130.00 300.00 1
CELL 860.00 140.00 0.00 1
CELL 860.00 140.00 300.00 1
CELL 860.00 150.00 0.00 1
CELL 860.00 150.00 300.00 1
CELL 860.00 160.00 0.00 1
CELL 860.00 160.00 300.00 1
CELL 860.00 170.00 0.00 1
CELL 860.00 170.00 300.00 1
CELL 860.00 180.00 0.00 1
CELL 860.00 180.00 300.00 1
CELL 860.00 190.00 0.00 1
CELL 860.00 190.00 300.00 1
CELL 860.00 200.00 0.00 1
CELL 860.00 200.00 300.00 1
CELL 860.00 210.00 0.00 1
CELL 860.00 210.00 300.00 1
CELL 860.00 220.00 0.00 1
CELL 860.00 220.00 300.00 1
CELL 860.00 230.00 0.00 1
CELL 860.00 230.00 300.00 1
CELL 860.00 240.00 0.00 1
CELL 860.00 240.00 300.00 1
CELL 860.00 250.00 0.00 1
CELL 860.00 250.00 300.00 1
CELL 860.00 260.00 0.00 1
CELL 860.00 260.00 300.00 1
CELL 860.00 270.00 0.00 1
CELL 860.00 270.00 300.00 1
CELL 860.00 280.00 0.00 1
CELL 860.00 280.00 300.00 1
CELL 860.00 290.00 0.00 1
CELL 860.00 290.00 300.00 1
CELL 860.00 300.00 0.00 1
CELL 860.00 300.00 300.00 1
CELL 860.00 310.00 0.00 1
CELL 860.00 310.00 300.00 1
CELL 860.00 320.00 0.00 1
CELL 860.00 320.00 300.00 1
CELL 860.00 330.00 0.00 1
CELL 860.00 330.00 300.00 1
CELL 860.00 340.00 0.00 1
CELL 860.00 340.00 300.00 1
CELL 860.00 350.00 0.00 1
CELL 860.00 350.00 300.00 1
CELL 860.00 360.00 0.00 1
CELL 860.00 360.00 300.00 1
CELL 860.00 370.00 0.00 1
CELL 860.00 370.00 300.00 1
CELL 860.00 380.00 0.00 1
CELL 860.00 380.00 300.00 1
CELL 860.00 390.00 0.00 1
CELL 860.00 390.00 300.00 1
CELL 860.00 400.00 300.00 1
CELL 870.00 0.00 300.00 1
CELL 870.00 10.00 0.00 1
CELL 870.00 10.00 300.00 1
CELL 870.00 20.00 0.00 1
CELL 870.00 20.00 300.00 1
CELL 870.00 30.00 0.00 1
CELL 870.00 30.00 300.00 1
CELL 870.00 40.00 0.00 1
CELL 870.00 40.00 300.00 1
CELL 870.00 50.00 0.00 1
CELL 870.00 50.00 300.00 1
CELL 870.00 60.00 0.00 1
CELL 870.00 60.00 300.00 1
CELL 870.00 70.00 0.00 1
CELL 870.00 70.00 300.00 1
CELL 870.00 80.00 0.00 1
CELL 870.00 80.00 300.00 1
CELL 870.00 90.00 0.00 1
CELL 870.00 90.00 300.00 1
CELL 870.00 100.00 0.00 1
CELL 870.00 100.00 300.00 1
CELL 870.00 110.00 0.00 1
CELL 870.00 110.00 300.00 1
CELL 870.00 120.00 0.00 1
CELL 870.00 120.00 300.00 1
CELL 870.00 130.00 0.00 1
CELL 870.00 130.00 300.00 1
CELL 870.00 140.00 0.00 1
CELL 870.00 140.00 300.00 1
CELL 870.00 150.00 0.00 1
CELL 870.00 150.00 300.00 1
CELL 870.00 160.00 0.00 1
CELL 870.00 160.00 300.00 1
CELL 870.00 170.00 0.00 1
CELL 870.00 170.00 300.00 1
CELL 870.00 180.00 0.00 1
CELL 870.00 180.00 300.00 1
CELL 870.00 190.00 0.00 1
CELL 870.00 190.00 300.00 1
CELL 870.00 200.00 0.00 1
CELL 870.00 200.00 300.00 1
CELL 870.00 210.00 0.00 1
CELL 870.00 210.00 300.00 1
CELL 870.00 220.00 0.00 1
CELL 870.00 220.00 300.00 1
CELL 870.00 230.00 0.00 1
CELL 870.00 230.00 300.00 1
CELL 870.00 240.00 0.00 1
CELL 870.00 240.00 300.00 1
CELL 870.00 250.00 0.00 1
CELL 870.00 250.00 300.00 1
CELL 870.00 260.00 0.00 1
CELL 870.00 260.00 300.00 1
CELL 870.00 270.00 0.00 1
CELL 870.00 270.00 300.00 1
CELL 870.00 280.00 0.00 1
CELL 870.00 280.00 300.00 1
CELL 870.00 290.00 0.00 1
CELL 870.00 290.00 300.00 1
CELL 870.00 300.00 0.00 1
CELL 870.00 300.00 300.00 1
CELL 870.00 310.00 0.00 1
CELL 870.00 310.00 300.00 1
CELL 870.00 320.00 0.00 1
CELL 870.00 320.00 300.00 1
CELL 870.00 330.00 0.00 1
CELL 870.00 330.00 300.00 1
CELL 870.00 340.00 0.00 1
CELL 870.00 340.00 300.00 1
CELL 870.00 350.00 0.00 1
CELL 870.00 350.00 300.00 1
CELL 870.00 360.00 0.00 1
CELL 870.00 360.00 300.00 1
CELL 870.00 370.00 0.00 1
CELL 870.00 370.00 300.00 1
CELL 870.00 380.00 0.00 1
CELL 870.00 380.00 300.00 1
CELL 870.00 390.00 0.00 1
CELL 870.00 390.00 300.00 1
CELL 870.00 400.00 300.00 1
CELL 880.00 0.00 300.00 1
CELL 880.00 10.00 0.00 1
CELL 880.00 10.00 300.00 1
CELL 880.00 20.00 0.00 1
CELL 880.00 20.00 300.00 1
CELL 880.00 30.00 0.00 1
CELL 880.00 30.00 300.00 1
CELL 880.00 40.00 0.00 1
CELL 880.00 40.00 300.00 1
CELL 880.00 50.00 0.00 1
CELL 880.00 50.00 300.00 1
CELL 880.00 60.00 0.00 1
CELL 880.00 60.00 300.00 1
CELL 880.00 70.00 0.00 1
CELL 880.00 70.00 300.00 1
CELL 880.00 80.00 0.00 1
CELL 880.00 80.00 300.00 1
CELL 880.00 90.00 0.00 1
CELL 880.00 90.00 300.00 1
CELL 880.00 100.00 0.00 1
CELL 880.00 100.00 300.00 1
CELL 880.00 110.00 0.00 1
CELL 880.00 110.00 300.00 1
CELL 880.00 120.00 0.00 1
CELL 880.00 120.00 300.00 1
CELL 880.00 130.00 0.00 1
CELL 880.00 130.00 300.00 1
CELL 880.00 140.00 0.00 1
CELL 880.00 140.00 300.00 1
CELL 880.00 150.00 0.00 1
CELL 880.00 150.00 300.00 1
CELL 880.00 160.00 0.00 1
CELL 880.00 160.00 300.00 1
CELL 880.00 170.00 0.00 1
CELL 880.00 170.00 300.00 1
CELL 880.00 180.00 0.00 1
CELL 880.00 180.00 300.00 1
CELL 880.00 190.00 0.00 1
CELL 880.00 190.00 300.00 1
CELL 880.00 200.00 0.00 1
CELL 880.00 200.00 300.00 1
CELL 880.00 210.00 0.00 1
CELL 880.00 210.00 300.00 1
CELL 880.00 220.00 0.00 1
CELL 880.00 220.00 300.00 1
CELL 880.00 230.00 0.00 1
CELL 880.00 230.00 300.00 1
CELL 880.00 240.00 0.00 1
CELL 880.00 240.00 300.00 1
CELL 880.00 250.00 0.00 1
CELL 880.00 250.00 300.00 1
CELL 880.00 260.00 0.00 1
CELL 880.00 260.00 300.00 1
CELL 880.00 270.00 0.00 1
CELL 880.00 270.00 300.00 1
CELL 880.00 280.00 0.00 1
CELL 880.00 280.00 300.00 1
CELL 880.00 290.00 0.00 1
CELL 880.00 290.00 300.00 1
CELL 880.00 300.00 0.00 1
CELL 880.00 300.00 300.00 1
CELL 880.00 310.00 0.00 1
CELL 880.00 310.00 300.00 1
CELL 880.00 320.00 0.00 1
CELL 880.00 320.00 300.00 1
CELL 880.00 330.00 0.00 1
CELL 880.00 330.00 300.00 1
CELL 880.00 340.00 0.00 1
CELL 880.00 340.00 300.00 1
CELL 880.00 350.00 0.00 1
CELL 880.00 350.00 300.00 1
CELL 880.00 360.00 0.00 1
CELL 880.00 360.00 300.00 1
CELL 880.00 370.00 0.00 1
CELL 880.00 370.00 300.00 1
CELL 880.00 380.00 0.00 1
CELL 880.00 380.00 300.00 1
CELL 880.00 390.00 0.00 1
CELL 880.00 390.00 300.00 1
CELL 880.00 400.00 300.00 1
CELL 890.00 0.00 300.00 1
CELL 890.00 10.00 0.00 1
CELL 890.00 10.00 300.00 1
CELL 890.00 20.00 0.00 1
CELL 890.00 20.00 300.00 1
CELL 890.00 30.00 0.00 1
CELL 890.00 30.00 300.00 1
CELL 890.00 40.00 0.00 1
CELL 890.00 40.00 300.00 1
CELL 890.00 50.00 0.00 1
CELL 890.00 50.00 300.00 1
CELL 890.00 60.00 0.00 1
CELL 890.00 60.00 300.00 1
CELL 890.00 70.00 0.00 1
CELL 890.00 70.00 300.00 1
CELL 890.00 80.00 0.00 1
CELL 890.00 80.00 300.00 1
CELL 890.00 90.00 0.00 1
CELL 890.00 90.00 300.00 1
CELL 890.00 100.00 0.00 1
CELL 890.00 100.00 300.00 1
CELL 890.00 110.00 0.00 1
CELL 890.00 110.00 300.00 1
CELL 890.00 120.00 0.00 1
CELL 890.00 120.00 300.00 1
CELL 890.00 130.00 0.00 1
CELL 890.00 130.00 300.00 1
CELL 890.00 140.00 0.00 1
CELL 890.00 140.00 300.00 1
CELL 890.00 150.00 0.00 1
CELL 890.00 150.00 300.00 1
CELL 890.00 160.00 0.00 1
CELL 890.00 160.00 300.00 1
CELL 890.00 170.00 0.00 1
CELL 890.00 170.00 300.00 1
CELL 890.00 180.00 0.00 1
CELL 890.00 180.00 300.00 1
CELL 890.00 190.00 0.00 1
CELL 890.00 190.00 300.00 1
CELL 890.00 200.00 0.00 1
CELL 890.00 200.00 300.00 1
CELL 890.00 210.00 0.00 1
CELL 890.00 210.00 300.00 1
CELL 890.00 220.00 0.00 1
CELL 890.00 220.00 300.00 1
CELL 890.00 230.00 0.00 1
CELL 890.00 230.00 300.00 1
CELL 890.00 240.00 0.00 1
CELL 890.00 240.00 300.00 1
CELL 890.00 250.00 0.00 1
CELL 890.00 250.00 300.00 1
CELL 890.00 260.00 0.00 1
CELL 890.00 260.00 300.00 1
CELL 890.00 270.00 0.00 1
CELL 890.00 270.00 300.00 1
CELL 890.00 280.00 0.00 1
CELL 890.00 280.00 300.00 1
CELL 890.00 290.00 0.00 1
CELL 890.00 290.00 300.00 1
CELL 890.00 300.00 0.00 1
CELL 890.00 300.00 300.00 1
CELL 890.00 310.00 0.00 1
CELL 890.00 310.00 300.00 1
CELL 890.00 320.00 0.00 1
CELL 890.00 320.00 300.00 1
CELL 890.00 330.00 0.00 1
CELL 890.00 330.00 300.00 1
CELL 890.00 340.00 0.00 1
CELL 890.00 340.00 300.00 1
CELL 890.00 350.00 0.00 1
CELL 890.00 350.00 300.00 1
CELL 890.00 360.00 0.00 1
CELL 890.00 360.00 300.00 1
CELL 890.00 370.00 0.00 1
CELL 890.00 370.00 300.00 1
CELL 890.00 380.00 0.00 1
CELL 890.00 380.00 300.00 1
CELL 890.00 390.00 0.00 1
CELL 890.00 390.00 300.00 1
CELL 890.00 400.00 300.00 1
CELL 900.00 0.00 300.00 1
CELL 900.00 10.00 0.00 1
CELL 900.00 10.00 300.00 1
CELL 900.00 20.00 0.00 1
CELL 900.00 20.00 300.00 1
CELL 900.00 30.00 0.00 1
CELL 900.00 30.00 300.00 1
CELL 900.00 40.00 0.00 1
CELL 900.00 40.00 300.00 1
CELL 900.00 50.00 0.00 1
CELL 900.00 50.00 300.00 1
CELL 900.00 60.00 0.00 1
CELL 900.00 60.00 300.00 1
CELL 900.00 70.00 0.00 1
CELL 900.00 70.00 300.00 1
CELL 900.00 80.00 0.00 1
CELL 900.00 80.00 300.00 1
CELL 900.00 90.00 0.00 1
CELL 900.00 90.00 300.00 1
CELL 900.00 100.00 0.00 1
CELL 900.00 100.00 300.00 1
CELL 900.00 110.00 0.00 1
CELL 900.00 110.00 300.00 1
CELL 900.00 120.00 0.00 1
CELL 900.00 120.00 300.00 1
CELL 900.00 130.00 0.00 1
CELL 900.00 130.00 300.00 1
CELL 900.00 140.00 0.00 1
CELL 900.00 140.00 300.00 1
CELL 900.00 150.00 0.00 1
CELL 900.00 150.00 300.00 1
CELL 900.00 160.00 0.00 1
CELL 900.00 160.00 300.00 1
CELL 900.00 170.00 0.00 1
CELL 900.00 170.00 300.00 1
CELL 900.00 180.00 0.00 1
CELL 900.00 180.00 300.00 1
CELL 900.00 190.00 0.00 1
CELL 900.00 190.00 300.00 1
CELL 900.00 200.00 0.00 1
CELL 900.00 200.00 300.00 1
CELL 900.00 210.00 0.00 1
CELL 900.00 210.00 300.00 1
CELL 900.00 220.00 0.00 1
CELL 900.00 220.00 300.00 1
CELL 900.00 230.00 0.00 1
CELL 900.00 230.00 300.00 1
CELL 900.00 240.00 0.00 1
CELL 900.00 240.00 300.00 1
CELL 900.00 250.00 0.00 1
CELL 900.00 250.00 300.00 1
CELL 900.00 260.00 0.00 1
CELL 900.00 260.00 300.00 1
CELL 900.00 270.00 0.00 1
CELL 900.00 270.00 300.00 1
CELL 900.00 280.00 0.00 1
CELL 900.00 280.00 300.00 1
CELL 900.00 290.00 0.00 1
CELL 900.00 290.00 300.00 1
CELL 900.00 300.00 0.00 1
CELL 900.00 300.00 300.00 1
CELL 900.00 310.00 0.00 1
CELL 900.00 310.00 300.00 1
CELL 900.00 320.00 0.00 1
CELL 900.00 320.00 300.00 1
CELL 900.00 330.00 0.00 1
CELL 900.00 330.00 300.00 1
CELL 900.00 340.00 0.00 1
CELL 900.00 340.00 300.00 1
CELL 900.00 350.00 0.00 1
CELL 900.00 350.00 300.00 1
CELL 900.00 360.00 0.00 1
CELL 900.00 360.00 300.00 1
CELL 900.00 370.00 0.00 1
CELL 900.00 370.00 300.00 1
CELL 900.00 380.00 0.00 1
CELL 900.00 380.00 300.00 1
CELL 900.00 390.00 0.00 1
CELL 900.00 390.00 300.00 1
CELL 900.00 400.00 300.00 1
CELL 910.00 0.00 300.00 1
CELL 910.00 10.00 0.00 1
CELL 910.00 10.00 300.00 1
CELL 910.00 20.00 0.00 1
CELL 910.00 20.00 300.00 1
CELL 910.00 30.00 0.00 1
CELL 910.00 30.00 300.00 1
CELL 910.00 40.00 0.00 1
CELL 910.00 40.00 300.00 1
CELL 910.00 50.00 0.00 1
CELL 910.00 50.00 300.00 1
CELL 910.00 60.00 0.00 1
CELL 910.00 60.00 300.00 1
CELL 910.00 70.00 0.00 1
CELL 910.00 70.00 300.00 1
CELL 910.00 80.00 0.00 1
CELL 910.00 80.00 300.00 1
CELL 910.00 90.00 0.00 1
CELL 910.00 90.00 300.00 1
CELL 910.00 100.00 0.00 1
CELL 910.00 100.00 300.00 1
CELL 910.00 110.00 0.00 1
CELL 910.00 110.00 300.00 1
CELL 910.00 120.00 0.00 1
CELL 910.00 120.00 300.00 1
CELL 910.00 130.00 0.00 1
CELL 910.00 130.00 300.00 1
CELL 910.00 140.00 0.00 1
CELL 910.00 140.00 300.00 1
CELL 910.00 150.00 0.00 1
CELL 910.00 150.00 300.00 1
CELL 910.00 160.00 0.00 1
CELL 910.00 160.00 300.00 1
CELL 910.00 170.00 0.00 1
CELL 910.00 170.00 300.00 1
CELL 910.00 180.00 0.00 1
CELL 910.00 180.00 300.00 1
CELL 910.00 190.00 0.00 1
CELL 910.00 190.00 300.00 1
CELL 910.00 200.00 0.00 1
CELL 910.00 200.00 300.00 1
CELL 910.00 210.00 0.00 1
CELL 910.00 210.00 300.00 1
CELL 910.00 220.00 0.00 1
CELL 910.00 220.00 300.00 1
CELL 910.00 230.00 0.00 1
CELL 910.00 230.00 300.00 1
CELL 910.00 240.00 0.00 1
CELL 910.00 240.00 300.00 1
CELL 910.00 250.00 0.00 1
CELL 910.00 250.00 300.00 1
CELL 910.00 260.00 0.00 1
CELL 910.00 260.00 300.00 1
CELL 910.00 270.00 0.00 1
CELL 910.00 270.00 300.00 1
CELL 910.00 280.00 0.00 1
CELL 910.00 280.00 300.00 1
CELL 910.00 290.00 0.00 1
CELL 910.00 290.00 300.00 1
CELL 910.00 300.00 0.00 1
CELL 910.00 300.00 300.00 1
CELL 910.00 310.00 0.00 1
CELL 910.00 310.00 300.00 1
CELL 910.00 320.00 0.00 1
CELL 910.00 320.00 300.00 1
CELL 910.00 330.00 0.00 1
CELL 910.00 330.00 300.00 1
CELL 910.00 340.00 0.00 1
CELL 910.00 340.00 300.00 1
CELL 910.00 350.00 0.00 1
CELL 910.00 350.00 300.00 1
CELL 910.00 360.00 0.00 1
CELL 910.00 360.00 300.00 1
CELL 910.00 370.00 0.00 1
CELL 910.00 370.00 300.00 1
CELL 910.00 380.00 0.00 1
CELL 910.00 380.00 300.00 1
CELL 910.00 390.00 0.00 1
CELL 910.00 390.00 300.00 1
CELL 910.00 400.00 300.00 1
CELL 920.00 0.00 300.00 1
CELL 920.00 10.00 0.00 1
CELL 920.00 10.00 300.00 1
CELL 920.00 20.00 0.00 1
CELL 920.00 20.00 300.00 1
CELL 920.00 30.00 0.00 1
CELL 920.00 30.00 300.00 1
CELL 920.00 40.00 0.00 1
CELL 920.00 40.00 300.00 1
CELL 920.00 50.00 0.00 1
CELL 920.00 50.00 300.00 1
CELL 920.00 60.00 0.00 1
CELL 920.00 60.00 300.00 1
CELL 920.00 70.00 0.00 1
CELL 920.00 70.00 300.00 1
CELL 920.00 80.00 0.00 1
CELL 920.00 80.00 300.00 1
CELL 920.00 90.00 0.00 1
CELL 920.00 90.00 300.00 1
CELL 920.00 100.00 0.00 1
CELL 920.00 100.00 300.00 1
CELL 920.00 110.00 0.00 1
CELL 920.00 110.00 300.00 1
CELL 920.00 120.00 0.00 1
CELL 920.00 120.00 300.00 1
CELL 920.00 130.00 0.00 1
CELL 920.00 130.00 300.00 1
CELL 920.00 140.00 0.00 1
CELL 920.00 140.00 300.00 1
CELL 920.00 150.00 0.00 1
CELL 920.00 150.00 300.00 1
CELL 920.00 160.00 0.00 1
CELL 920.00 160.00 300.00 1
CELL 920.00 170.00 0.00 1
CELL 920.00 170.00 300.00 1
CELL 920.00 180.00 0.00 1
CELL 920.00 180.00 300.00 1
CELL 920.00 190.00 0.00 1
CELL 920.00 190.00 300.00 1
CELL 920.00 200.00 0.00 1
CELL 920.00 200.00 300.00 1
CELL 920.00 210.00 0.00 1
CELL 920.00 210.00 300.00 1
CELL 920.00 220.00 0.00 1
CELL 920.00 220.00 300.00 1
CELL 920.00 230.00 0.00 1
CELL 920.00 230.00 300.00 1
CELL 920.00 240.00 0.00 1
CELL 920.00 240.00 300.00 1
CELL 920.00 250.00 0.00 1
CELL 920.00 250.00 300.00 1
CELL 920.00 260.00 0.00 1
CELL 920.00 260.00 300.00 1
CELL 920.00 270.00 0.00 1
CELL 920.00 270.00 300.00 1
CELL 920.00 280.00 0.00 1
CELL 920.00 280.00 300.00 1
CELL 920.00 290.00 0.00 1
CELL 920.00 290.00 300.00 1
CELL 920.00 300.00 0.00 1
CELL 920.00 300.00 300.00 1
CELL 920.00 310.00 0.00 1
CELL 920.00 310.00 300.00 1
CELL 920.00 320.00 0.00 1
CELL 920.00 320.00 300.00 1
CELL 920.00 330.00 0.00 1
CELL 920.00 330.00 300.00 1
CELL 920.00 340.00 0.00 1
CELL 920.00 340.00 300.00 1
CELL 920.00 350.00 0.00 1
CELL 920.00 350.00 300.00 1
CELL 920.00 360.00 0.00 1
CELL 920.00 360.00 300.00 1
CELL 920.00 370.00 0.00 1
CELL 920.00 370.00 300.00 1
CELL 920.00 380.00 0.00 1
CELL 920.00 380.00 300.00 1
CELL 920.00 390.00 0.00 1
CELL 920.00 390.00 300.00 1
CELL 920.00 400.00 300.00 1
CELL 930.00 0.00 300.00 1
CELL 930.00 10.00 0.00 1
CELL 930.00 10.00 300.00 1
CELL 930.00 20.00 0.00 1
CELL 930.00 20.00 300.00 1
CELL 930.00 30.00 0.00 1
CELL 930.00 30.00 300.00 1
CELL 930.00 40.00 0.00 1
CELL 930.00 40.00 300.00 1
CELL 930.00 50.00 0.00 1
CELL 930.00 50.00 300.00 1
CELL 930.00 60.00 0.00 1
CELL 930.00 60.00 300.00 1
CELL 930.00 70.00 0.00 1
CELL 930.00 70.00 300.00 1
CELL 930.00 80.00 0.00 1
CELL 930.00 80.00 300.00 1
CELL 930.00 90.00 0.00 1
CELL 930.00 90.00 300.00 1
CELL 930.00 100.00 0.00 1
CELL 930.00 100.00 300.00 1
CELL 930.00 110.00 0.00 1
CELL 930.00 110.00 300.00 1
CELL 930.00 120.00 0.00 1
CELL 930.00 120.00 300.00 1
CELL 930.00 130.00 0.00 1
CELL 930.00 130.00 300.00 1
CELL 930.00 140.00 0.00 1
CELL 930.00 140.00 300.00 1
CELL 930.00 150.00 0.00 1
CELL 930.00 150.00 300.00 1
CELL 930.00 160.00 0.00 1
CELL 930.00 160.00 300.00 1
CELL 930.00 170.00 0.00 1
CELL 930.00 170.00 300.00 1
CELL 930.00 180.00 0.00 1
CELL 930.00 180.00 300.00 1
CELL 930.00 190.00 0.00 1
CELL 930.00 190.00 300.00 1
CELL 930.00 200.00 0.00 1
CELL 930.00 200.00 300.00 1
CELL 930.00 210.00 0.00 1
CELL 930.00 210.00 300.00 1
CELL 930.00 220.00 0.00 1
CELL 930.00 220.00 300.00 1
CELL 930.00 230.00 0.00 1
CELL 930.00 230.00 300.00 1
CELL 930.00 240.00 0.00 1
CELL 930.00 240.00 300.00 1
CELL 930.00 250.00 0.00 1
CELL 930.00 250.00 300.00 1
CELL 930.00 260.00 0.00 1
CELL 930.00 260.00 300.00 1
CELL 930.00 270.00 0.00 1
CELL 930.00 270.00 300.00 1
CELL 930.00 280.00 0.00 1
CELL 930.00 280.00 300.00 1
CELL 930.00 290.00 0.00 1
CELL 930.00 290.00 300.00 1
CELL 930.00 300.00 0.00 1
CELL 930.00 300.00 300.00 1
CELL 930.00 310.00 0.00 1
CELL 930.00 310.00 300.00 1
CELL 930.00 320.00 0.00 1
CELL 930.00 320.00 300.00 1
CELL 930.00 330.00 0.00 1
CELL 930.00 330.00 300.00 1
CELL 930.00 340.00 0.00 1
CELL 930.00 340.00 300.00 1
CELL 930.00 350.00 0.00 1
CELL 930.00 350.00 300.00 1
CELL 930.00 360.00 0.00 1
CELL 930.00 360.00 300.00 1
CELL 930.00 370.00 0.00 1
CELL 930.00 370.00 300.00 1
CELL 930.00 380.00 0.00 1
CELL 930.00 380.00 300.00 1
CELL 930.00 390.00 0.00 1
CELL 930.00 390.00 300.00 1
CELL 930.00 400.00 300.00 1
CELL 940.00 0.00 300.00 1
CELL 940.00 10.00 0.00 1
CELL 940.00 10.00 300.00 1
CELL 940.00 20.00 0.00 1
CELL 940.00 20.00 300.00 1
CELL 940.00 30.00 0.00 1
CELL 940.00 30.00 300.00 1
CELL 940.00 40.00 0.00 1
CELL 940.00 40.00 300.00 1
CELL 940.00 50.00 0.00 1
CELL 940.00 50.00 300.00 1
CELL 940.00 60.00 0.00 1
CELL 940.00 60.00 300.00 1
CELL 940.00 70.00 0.00 1
CELL 940.00 70.00 300.00 1
CELL 940.00 80.00 0.00 1
CELL 940.00 80.00 300.00 1
CELL 940.00 90.00 0.00 1
CELL 940.00 90.00 300.00 1
CELL 940.00 100.00 0.00 1
CELL 940.00 100.00 300.00 1
CELL 940.00 110.00 0.00 1
CELL 940.00 110.00 300.00 1
CELL 940.00 120.00 0.00 1
CELL 940.00 120.00 300.00 1
CELL 940.00 130.00 0.00 1
CELL 940.00 130.00 300.00 1
CELL 940.00 140.00 0.00 1
CELL 940.00 140.00 300.00 1
CELL 940.00 150.00 0.00 1
CELL 940.00 150.00 300.00 1
CELL 940.00 160.00 0.00 1
CELL 940.00 160.00 300.00 1
CELL 940.00 170.00 0.00 1
CELL 940.00 170.00 300.00 1
CELL 940.00 180.00 0.00 1
CELL 940.00 180.00 300.00 1
CELL 940.00 190.00 0.00 1
CELL 940.00 190.00 300.00 1
CELL 940.00 200.00 0.00 1
CELL 940.00 200.00 300.00 1
CELL 940.00 210.00 0.00 1
CELL 940.00 210.00 300.00 1
CELL 940.00 220.00 0.00 1
CELL 940.00 220.00 300.00 1
CELL 940.00 230.00 0.00 1
CELL 940.00 230.00 300.00 1
CELL 940.00 240.00 0.00 1
CELL 940.00 240.00 300.00 1
CELL 940.00 250.00 0.00 1
CELL 940.00 250.00 300.00 1
CELL 940.00 260.00 0.00 1
CELL 940.00 260.00 300.00 1
CELL 940.00 270.00 0.00 1
CELL 940.00 270.00 300.00 1
CELL 940.00 280.00 0.00 1
CELL 940.00 280.00 300.00 1
CELL 940.00 290.00 0.00 1
CELL 940.00 290.00 300.00 1
CELL 940.00 300.00 0.00 1
CELL 940.00 300.00 300.00 1
CELL 940.00 310.00 0.00 1
CELL 940.00 310.00 300.00 1
CELL 940.00 320.00 0.00 1
CELL 940.00 320.00 300.00 1
CELL 940.00 330.00 0.00 1
CELL 940.00 330.00 300.00 1
CELL 940.00 340.00 0.00 1
CELL 940.00 340.00 300.00 1
CELL 940.00 350.00 0.00 1
CELL 940.00 350.00 300.00 1
CELL 940.00 360.00 0.00 1
CELL 940.00 360.00 300.00 1
CELL 940.00 370.00 0.00 1
CELL 940.00 370.00 300.00 1
CELL 940.00 380.00 0.00 1
CELL 940.00 380.00 300.00 1
CELL 940.00 390.00 0.00 1
CELL 940.00 390.00 300.00 1
CELL 940.00 400.00 300.00 1
CELL 950.00 0.00 300.00 1
CELL 950.00 10.00 0.00 1
CELL 950.00 10.00 300.00 1
CELL 950.00 20.00 0.00 1
CELL 950.00 20.00 300.00 1
CELL 950.00 30.00 0.00 1
CELL 950.00 30.00 300.00 1
CELL 950.00 40.00 0.00 1
CELL 950.00 40.00 300.00 1
CELL 950.00 50.00 0.00 1
CELL 950.00 50.00 300.00 1
CELL 950.00 60.00 0.00 1
CELL 950.00 60.00 300.00 1
CELL 950.00 70.00 0.00 1
CELL 950.00 70.00 300.00 1
CELL 950.00 80.00 0.00 1
CELL 950.00 80.00 300.00 1
CELL 950.00 90.00 0.00 1
CELL 950.00 90.00 300.00 1
CELL 950.00 100.00 0.00 1
CELL 950.00 100.00 300.00 1
CELL 950.00 110.00 0.00 1
CELL 950.00 110.00 300.00 1
CELL 950.00 120.00 0.00 1
CELL 950.00 120.00 300.00 1
CELL 950.00 130.00 0.00 1
CELL 950.00 130.00 300.00 1
CELL 950.00 140.00 0.00 1
CELL 950.00 140.00 300.00 1
CELL 950.00 150.00 0.00 1
CELL 950.00 150.00 300.00 1
CELL 950.00 160.00 0.00 1
CELL 950.00 160.00 300.00 1
CELL 950.00 170.00 0.00 1
CELL 950.00 170.00 300.00 1
CELL 950.00 180.00 0.00 1
CELL 950.00 180.00 300.00 1
CELL 950.00 190.00 0.00 1
CELL 950.00 190.00 300.00 1
CELL 950.00 200.00 0.00 1
CELL 950.00 200.00 300.00 1
CELL 950.00 210.00 0.00 1
CELL 950.00 210.00 300.00 1
CELL 950.00 220.00 0.00 1
CELL 950.00 220.00 300.00 1
CELL 950.00 230.00 0.00 1
CELL 950.00 230.00 300.00 1
CELL 950.00 240.00 0.00 1
CELL 950.00 240.00 300.00 1
CELL 950.00 250.00 0.00 1
CELL 950.00 250.00 300.00 1
CELL 950.00 260.00 0.00 1
CELL 950.00 260.00 300.00 1
CELL 950.00 270.00 0.00 1
CELL 950.00 270.00 300.00 1
CELL 950.00 280.00 0.00 1
CELL 950.00 280.00 300.00 1
CELL 950.00 290.00 0.00 1
CELL 950.00 290.00 300.00 1
CELL 950.00 300.00 0.00 1
CELL 950.00 300.00 300.00 1
CELL 950.00 310.00 0.00 1
CELL 950.00 310.00 300.00 1
CELL 950.00 320.00 0.00 1
CELL 950.00 320.00 300.00 1
CELL 950.00 330.00 0.00 1
CELL 950.00 330.00 300.00 1
CELL 950.00 340.00 0.00 1
CELL 950.00 340.00 300.00 1
CELL 950.00 350.00 0.00 1
CELL 950.00 350.00 300.00 1
CELL 950.00 360.00 0.00 1
CELL 950.00 360.00 300.00 1
CELL 950.00 370.00 0.00 1
CELL 950.00 370.00 300.00 1
CELL 950.00 380.00 0.00 1
CELL 950.00 380.00 300.00 1
CELL 950.00 390.00 0.00 1
CELL 950.00 390.00 300.00 1
CELL 950.00 400.00 300.00 1
CELL 960.00 0.00 300.00 1
CELL 960.00 10.00 0.00 1
CELL 960.00 10.00 300.00 1
CELL 960.00 20.00 0.00 1
CELL 960.00 20.00 300.00 1
CELL 960.00 30.00 0.00 1
CELL 960.00 30.00 300.00 1
CELL 960.00 40.00 0.00 1
CELL 960.00 40.00 300.00 1
CELL 960.00 50.00 0.00 1
CELL 960.00 50.00 300.00 1
CELL 960.00 60.00 0.00 1
CELL 960.00 60.00 300.00 1
CELL 960.00 70.00 0.00 1
CELL 960.00 70.00 300.00 1
CELL 960.00 80.00 0.00 1
CELL 960.00 80.00 300.00 1
CELL 960.00 90.00 0.00 1
CELL 960.00 90.00 300.00 1
CELL 960.00 100.00 0.00 1
CELL 960.00 100.00 300.00 1
CELL 960.00 110.00 0.00 1
CELL 960.00 110.00 300.00 1
CELL 960.00 120.00 0.00 1
CELL 960.00 120.00 300.00 1
CELL 960.00 130.00 0.00 1
CELL 960.00 130.00 300.00 1
CELL 960.00 140.00 0.00 1
CELL 960.00 140.00 300.00 1
CELL 960.00 150.00 0.00 1
CELL 960.00 150.00 300.00 1
CELL 960.00 160.00 0.00 1
CELL 960.00 160.00 300.00 1
CELL 960.00 170.00 0.00 1
CELL 960.00 170.00 300.00 1
CELL 960.00 180.00 0.00 1
CELL 960.00 180.00 300.00 1
CELL 960.00 190.00 0.00 1
CELL 960.00 190.00 300.00 1
CELL 960.00 200.00 0.00 1
CELL 960.00 200.00 300.00 1
CELL 960.00 210.00 0.00 1
CELL 960.00 210.00 300.00 1
CELL 960.00 220.00 0.00 1
CELL 960.00 220.00 300.00 1
CELL 960.00 230.00 0.00 1
CELL 960.00 230.00 300.00 1
CELL 960.00 240.00 0.00 1
CELL 960.00 240.00 300.00 1
CELL 960.00 250.00 0.00 1
CELL 960.00 250.00 300.00 1
CELL 960.00 260.00 0.00 1
CELL 960.00 260.00 300.00 1
CELL 960.00 270.00 0.00 1
CELL 960.00 270.00 300.00 1
CELL 960.00 280.00 0.00 1
CELL 960.00 280.00 300.00 1
CELL 960.00 290.00 0.00 1
CELL 960.00 290.00 300.00 1
CELL 960.00 300.00 0.00 1
CELL 960.00 300.00 300.00 1
CELL 960.00 310.00 0.00 1
CELL 960.00 310.00 300.00 1
CELL 960.00 320.00 0.00 1
CELL 960.00 320.00 300.00 1
CELL 960.00 330.00 0.00 1
CELL 960.00 330.00 300.00 1
CELL 960.00 340.00 0.00 1
CELL 960.00 340.00 300.00 1
CELL 960.00 350.00 0.00 1
CELL 960.00 350.00 300.00 1
CELL 960.00 360.00 0.00 1
CELL 960.00 360.00 300.00 1
CELL 960.00 370.00 0.00 1
CELL 960.00 370.00 300.00 1
CELL 960.00 380.00 0.00 1
CELL 960.00 380.00 300.00 1
CELL 960.00 390.00 0.00 1
CELL 960.00 390.00 300.00 1
CELL 960.00 400.00 300.00 1
CELL 970.00 0.00 300.00 1
CELL 970.00 10.00 0.00 1
CELL 970.00 10.00 300.00 1
CELL 970.00 20.00 0.00 1
CELL 970.00 20.00 300.00 1
CELL 970.00 30.00 0.00 1
CELL 970.00 30.00 300.00 1
CELL 970.00 40.00 0.00 1
CELL 970.00 40.00 300.00 1
CELL 970.00 50.00 0.00 1
CELL 970.00 50.00 300.00 1
CELL 970.00 60.00 0.00 1
CELL 970.00 60.00 300.00 1
CELL 970.00 70.00 0.00 1
CELL 970.00 70.00 300.00 1
CELL 970.00 80.00 0.00 1
CELL 970.00 80.00 300.00 1
CELL 970.00 90.00 0.00 1
CELL 970.00 90.00 300.00 1
CELL 970.00 100.00 0.00 1
CELL 970.00 100.00 300.00 1
CELL 970.00 110.00 0.00 1
CELL 970.00 110.00 300.00 1
CELL 970.00 120.00 0.00 1
CELL 970.00 120.00 300.00 1
CELL 970.00 130.00 0.00 1
CELL 970.00 130.00 300.00 1
CELL 970.00 140.00 0.00 1
CELL 970.00 140.00 300.00 1
CELL 970.00 150.00 0.00 1
CELL 970.00 150.00 300.00 1
CELL 970.00 160.00 0.00 1
CELL 970.00 160.00 300.00 1
CELL 970.00 170.00 0.00 1
CELL 970.00 170.00 300.00 1
CELL 970.00 180.00 0.00 1
CELL 970.00 180.00 300.00 1
CELL 970.00 190.00 0.00 1
CELL 970.00 190.00 300.00 1
CELL 970.00 200.00 0.00 1
CELL 970.00 200.00 300.00 1
CELL 970.00 210.00 0.00 1
CELL 970.00 210.00 300.00 1
CELL 970.00 220.00 0.00 1
CELL 970.00 220.00 300.00 1
CELL 970.00 230.00 0.00 1
CELL 970.00 230.00 300.00 1
CELL 970.00 240.00 0.00 1
CELL 970.00 240.00 300.00 1
CELL 970.00 250.00 0.00 1
CELL 970.00 250.00 300.00 1
CELL 970.00 260.00 0.00 1
CELL 970.00 260.00 300.00 1
CELL 970.00 270.00 0.00 1
CELL 970.00 270.00 300.00 1
CELL 970.00 280.00 0.00 1
CELL 970.00 280.00 300.00 1
CELL 970.00 290.00 0.00 1
CELL 970.00 290.00 300.00 1
CELL 970.00 300.00 0.00 1
CELL 970.00 300.00 300.00 1
CELL 970.00 310.00 0.00 1
CELL 970.00 310.00 300.00 1
CELL 970.00 320.00 0.00 1
CELL 970.00 320.00 300.00 1
CELL 970.00 330.00 0.00 1
CELL 970.00 330.00 300.00 1
CELL 970.00 340.00 0.00 1
CELL 970.00 340.00 300.00 1
CELL 970.00 350.00 0.00 1
CELL 970.00 350.00 300.00 1
CELL 970.00 360.00 0.00 1
CELL 970.00 360.00 300.00 1
CELL 970.00 370.00 0.00 1
CELL 970.00 370.00 300.00 1
CELL 970.00 380.00 0.00 1
CELL 970.00 380.00 300.00 1
CELL 970.00 390.00 0.00 1
CELL 970.00 390.00 300.00 1
CELL 970.00 400.00 300.00 1
CELL 980.00 0.00 300.00 1
CELL 980.00 10.00 0.00 1
CELL 980.00 10.00 300.00 1
CELL 980.00 20.00 0.00 1
CELL 980.00 20.00 300.00 1
CELL 980.00 30.00 0.00 1
CELL 980.00 30.00 300.00 1
CELL 980.00 40.00 0.00 1
CELL 980.00 40.00 300.00 1
CELL 980.00 50.00 0.00 1
CELL 980.00 50.00 300.00 1
CELL 980.00 60.00 0.00 1
CELL 980.00 60.00 300.00 1
CELL 980.00 70.00 0.00 1
CELL 980.00 70.00 300.00 1
CELL 980.00 80.00 0.00 1
CELL 980.00 80.00 300.00 1
CELL 980.00 90.00 0.00 1
CELL 980.00 90.00 300.00 1
CELL 980.00 100.00 0.00 1
CELL 980.00 100.00 300.00 1
CELL 980.00 110.00 0.00 1
CELL 980.00 110.00 300.00 1
CELL 980.00 120.00 0.00 1
CELL 980.00 120.00 300.00 1
CELL 980.00 130.00 0.00 1
CELL 980.00 130.00 300.00 1
CELL 980.00 140.00 0.00 1
CELL 980.00 140.00 300.00 1
CELL 980.00 150.00 0.00 1
CELL 980.00 150.00 300.00 1
CELL 980.00 160.00 0.00 1
CELL 980.00 160.00 300.00 1
CELL 980.00 170.00 0.00 1
CELL 980.00 170.00 300.00 1
CELL 980.00 180.00 0.00 1
CELL 980.00 180.00 300.00 1
CELL 980.00 190.00 0.00 1
CELL 980.00 190.00 300.00 1
CELL 980.00 200.00 0.00 1
CELL 980.00 200.00 300.00 1
CELL 980.00 210.00 0.00 1
CELL 980.00 210.00 300.00 1
CELL 980.00 220.00 0.00 1
CELL 980.00 220.00 300.00 1
CELL 980.00 230.00 0.00 1
CELL 980.00 230.00 300.00 1
CELL 980.00 240.00 0.00 1
CELL 980.00 240.00 300.00 1
CELL 980.00 250.00 0.00 1
CELL 980.00 250.00 300.00 1
CELL 980.00 260.00 0.00 1
CELL 980.00 260.00 300.00 1
CELL 980.00 270.00 0.00 1
CELL 980.00 270.00 300.00 1
CELL 980.00 280.00 0.00 1
CELL 980.00 280.00 300.00 1
CELL 980.00 290.00 0.00 1
CELL 980.00 290.00 300.00 1
CELL 980.00 300.00 0.00 1
CELL 980.00 300.00 300.00 1
CELL 980.00 310.00 0.00 1
CELL 980.00 310.00 300.00 1
CELL 980.00 320.00 0.00 1
CELL 980.00 320.00 300.00 1
CELL 980.00 330.00 0.00 1
CELL 980.00 330.00 300.00 1
CELL 980.00 340.00 0.00 1
CELL 980.00 340.00 300.00 1
CELL 980.00 350.00 0.00 1
CELL 980.00 350.00 300.00 1
CELL 980.00 360.00 0.00 1
CELL 980.00 360.00 300.00 1
CELL 980.00 370.00 0.00 1
CELL 980.00 370.00 300.00 1
CELL 980.00 380.00 0.00 1
CELL 980.00 380.00 300.00 1
CELL 980.00 390.00 0.00 1
CELL 980.00 390.00 300.00 1
CELL 980.00 400.00 300.00 1
CELL 990.00 0.00 300.00 1
CELL 990.00 10.00 0.00 1
CELL 990.00 10.00 300.00 1
CELL 990.00 20.00 0.00 1
CELL 990.00 20.00 300.00 1
CELL 990.00 30.00 0.00 1
CELL 990.00 30.00 300.00 1
CELL 990.00 40.00 0.00 1
CELL 990.00 40.00 300.00 1
CELL 990.00 50.00 0.00 1
CELL 990.00 50.00 300.00 1
CELL 990.00 60.00 0.00 1
CELL 990.00 60.00 300.00 1
CELL 990.00 70.00 0.00 1
CELL 990.00 70.00 300.00 1
CELL 990.00 80.00 0.00 1
CELL 990.00 80.00 300.00 1
CELL 990.00 90.00 0.00 1
CELL 990.00 90.00 300.00 1
CELL 990.00 100.00 0.00 1
CELL 990.00 100.00 300.00 1
CELL 990.00 110.00 0.00 1
CELL 990.00 110.00 300.00 1
CELL 990.00 120.00 0.00 1
CELL 990.00 120.00 300.00 1
CELL 990.00 130.00 0.00 1
CELL 990.00 130.00 300.00 1
CELL 990.00 140.00 0.00 1
CELL 990.00 140.00 300.00 1
CELL 990.00 150.00 0.00 1
CELL 990.00 150.00 300.00 1
CELL 990.00 160.00 0.00 1
CELL 990.00 160.00 300.00 1
CELL 990.00 170.00 0.00 1
CELL 990.00 170.00 300.00 1
CELL 990.00 180.00 0.00 1
CELL 990.00 180.00 300.00 1
CELL 990.00 190.00 0.00 1
CELL 990.00 190.00 300.00 1
CELL 990.00 200.00 0.00 1
CELL 990.00 200.00 300.00 1
CELL 990.00 210.00 0.00 1
CELL 990.00 210.00 300.00 1
CELL 990.00 220.00 0.00 1
CELL 990.00 220.00 300.00 1
CELL 990.00 230.00 0.00 1
CELL 990.00 230.00 300.00 1
CELL 990.00 240.00 0.00 1
CELL 990.00 240.00 300.00 1
CELL 990.00 250.00 0.00 1
CELL 990.00 250.00 300.00 1
CELL 990.00 260.00 0.00 1
CELL 990.00 260.00 300.00 1
CELL 990.00 270.00 0.00 1
CELL 990.00 270.00 300.00 1
CELL 990.00 280.00 0.00 1
CELL 990.00 280.00 300.00 1
CELL 990.00 290.00 0.00 1
CELL 990.00 290.00 300.00 1
CELL 990.00 300.00 0.00 1
CELL 990.00 300.00 300.00 1
CELL 990.00 310.00 0.00 1
CELL 990.00 310.00 300.00 1
CELL 990.00 320.00 0.00 1
CELL 990.00 320.00 300.00 1
CELL 990.00 330.00 0.00 1
CELL 990.00 330.00 300.00 1
CELL 990.00 340.00 0.00 1
CELL 990.00 340.00 300.00 1
CELL 990.00 350.00 0.00 1
CELL 990.00 350.00 300.00 1
CELL 990.00 360.00 0.00 1
CELL 990.00 360.00 300.00 1
CELL 990.00 370.00 0.00 1
CELL 990.00 370.00 300.00 1
CELL 990.00 380.00 0.00 1
CELL 990.00 380.00 300.00 1
CELL 990.00 390.00 0.00 1
CELL 990.00 390.00 300.00 1
CELL 990.00 400.00 300.00 1
CELL 1000.00 0.00 300.00 1
CELL 1000.00 10.00 300.00 1
CELL 1000.00 20.00 300.00 1
CELL 1000.00 30.00 300.00 1
CELL 1000.00 40.00 300.00 1
CELL 1000.00 50.00 300.00 1
CELL 1000.00 60.00 300.00 1
CELL 1000.00 70.00 300.00 1
CELL 1000.00 80.00 300.00 1
CELL 1000.00 90.00 300.00 1
CELL 1000.00 100.00 300.00 1
CELL 1000.00 110.00 300.00 1
CELL 1000.00 120.00 300.00 1
CELL 1000.00 130.00 300.00 1
CELL 1000.00 140.00 300.00 1
CELL 1000.00 150.00 300.00 1
CELL 1000.00 160.00 300.00 1
CELL 1000.00 170.00 300.00 1
CELL 1000.00 180.00 300.00 1
CELL 1000.00 190.00 300.00 1
CELL 1000.00 200.00 300.00 1
CELL 1000.00 210.00 300.00 1
CELL 1000.00 220.00 300.00 1
CELL 1000.00 230.00 300.00 1
CELL 1000.00 240.00 300.00 1
CELL 1000.00 250.00 300.00 1
CELL 1000.00 260.00 300.00 1
CELL 1000.00 270.00 300.00 1
CELL 1000.00 280.00 300.00 1
CELL 1000.00 290.00 300.00 1
CELL 1000.00 300.00 300.00 1
CELL 1000.00 310.00 300.00 1
CELL 1000.00 320.00 300.00 1
CELL 1000.00 330.00 300.00 1
CELL 1000.00 340.00 300.00 1
CELL 1000.00 350.00 300.00 1
CELL 1000.00 360.00 300.00 1
CELL 1000.00 370.00 300.00 1
CELL 1000.00 380.00 300.00 1
CELL 1000.00 390.00 300.00 1
CELL 1000.00 400.00 300.00 1
CELL 700.00 100.00 10.00 1
CELL 700.00 300.00 10.00 1
CELL 700.00 100.00 20.00 1
CELL 700.00 300.00 20.00 1
CELL 700.00 100.00 30.00 1
CELL 700.00 300.00 30.00 1
CELL 700.00 100.00 40.00 1
CELL 700.00 300.00 40.00 1
CELL 700.00 100.00 50.00 1
CELL 700.00 300.00 50.00 1
CELL 700.00 100.00 60.00 1
CELL 700.00 300.00 60.00 1
CELL 700.00 100.00 70.00 1
CELL 700.00 300.00 70.00 1
CELL 700.00 100.00 80.00 1
CELL 700.00 300.00 80.00 1
CELL 700.00 100.00 90.00 1
CELL 700.00 300.00 90.00 1
CELL 700.00 100.00 100.00 1
CELL 700.00 300.00 100.00 1
CELL 700.00 100.00 110.00 1
CELL 700.00 300.00 110.00 1
CELL 700.00 100.00 120.00 1
CELL 700.00 300.00 120.00 1
CELL 700.00 100.00 130.00 1
CELL 700.00 300.00 130.00 1
CELL 700.00 100.00 140.00 1
CELL 700.00 300.00 140.00 1
CELL 700.00 100.00 150.00 1
CELL 700.00 300.00 150.00 1
CELL 700.00 100.00 160.00 1
CELL 700.00 300.00 160.00 1
CELL 700.00 100.00 170.00 1
CELL 700.00 300.00 170.00 1
CELL 700.00 100.00 180.00 1
CELL 700.00 300.00 180.00 1
CELL 700.00 100.00 190.00 1
CELL 700.00 300.00 190.00 1
CELL 700.00 100.00 200.00 1
CELL 700.00 300.00 200.00 1
CELL 700.00 100.00 210.00 1
CELL 700.00 300.00 210.00 1
CELL 700.00 100.00 220.00 1
CELL 700.00 300.00 220.00 1
CELL 700.00 100.00 230.00 1
CELL 700.00 300.00 230.00 1
CELL 700.00 100.00 240.00 1
CELL 700.00 300.00 240.00 1
CELL 700.00 100.00 250.00 1
CELL 700.00 300.00 250.00 1
CELL 700.00 100.00 260.00 1
CELL 700.00 300.00 260.00 1
CELL 700.00 100.00 270.00 1
CELL 700.00 300.00 270.00 1
CELL 700.00 100.00 280.00 1
CELL 700.00 300.00 280.00 1
CELL 700.00 100.00 290.00 1
CELL 700.00 300.00 290.00 1
CELL 710.00 100.00 10.00 1
CELL 710.00 300.00 10.00 1
CELL 710.00 100.00 20.00 1
CELL 710.00 300.00 20.00 1
CELL 710.00 100.00 30.00 1
CELL 710.00 300.00 30.00 1
CELL 710.00 100.00 40.00 1
CELL 710.00 300.00 40.00 1
CELL 710.00 100.00 50.00 1
CELL 710.00 300.00 50.00 1
CELL 710.00 100.00 60.00 1
CELL 710.00 300.00 60.00 1
CELL 710.00 100.00 70.00 1
CELL 710.00 300.00 70.00 1
CELL 710.00 100.00 80.00 1
CELL 710.00 300.00 80.00 1
CELL 710.00 100.00 90.00 1
CELL 710.00 300.00 90.00 1
CELL 710.00 100.00 100.00 1
CELL 710.00 300.00 100.00 1
CELL 710.00 100.00 110.00 1
CELL 710.00 300.00 110.00 1
CELL 710.00 100.00 120.00 1
CELL 710.00 300.00 120.00 1
CELL 710.00 100.00 130.00 1
CELL 710.00 300.00 130.00 1
CELL 710.00 100.00 140.00 1
CELL 710.00 300.00 140.00 1
CELL 710.00 100.00 150.00 1
CELL 710.00 300.00 150.00 1
CELL 710.00 100.00 160.00 1
CELL 710.00 300.00 160.00 1
CELL 710.00 100.00 170.00 1
CELL 710.00 300.00 170.00 1
CELL 710.00 100.00 180.00 1
CELL 710.00 300.00 180.00 1
CELL 710.00 100.00 190.00 1
CELL 710.00 300.00 190.00 1
CELL 710.00 100.00 200.00 1
CELL 710.00 300.00 200.00 1
CELL 710.00 100.00 210.00 1
CELL 710.00 300.00 210.00 1
CELL 710.00 100.00 220.00 1
CELL 710.00 300.00 220.00 1
CELL 710.00 100.00 230.00 1
CELL 710.00 300.00 230.00 1
CELL 710.00 100.00 240.00 1
CELL 710.00 300.00 240.00 1
CELL 710.00 100.00 250.00 1
CELL 710.00 300.00 250.00 1
CELL 710.00 100.00 260.00 1
CELL 710.00 300.00 260.00 1
CELL 710.00 100.00 270.00 1
CELL 710.00 300.00 270.00 1
CELL 710.00 100.00 280.00 1
CELL 710.00 300.00 280.00 1
CELL 710.00 100.00 290.00 1
CELL 710.00 300.00 290.00 1
CELL 720.00 100.00 10.00 1
CELL 720.00 300.00 10.00 1
CELL 720.00 100.00 20.00 1
CELL 720.00 300.00 20.00 1
CELL 720.00 100.00 30.00 1
CELL 720.00 300.00 30.00 1
CELL 720.00 100.00 40.00 1
CELL 720.00 300.00 40.00 1
CELL 720.00 100.00 50.00 1
CELL 720.00 300.00 50.00 1
CELL 720.00 100.00 60.00 1
CELL 720.00 300.00 60.00 1
CELL 720.00 100.00 70.00 1
CELL 720.00 300.00 70.00 1
CELL 720.00 100.00 80.00 1
CELL 720.00 300.00 80.00 1
CELL 720.00 100.00 90.00 1
CELL 720.00 300.00 90.00 1
CELL 720.00 100.00 100.00 1
CELL 720.00 300.00 100.00 1
CELL 720.00 100.00 110.00 1
CELL 720.00 300.00 110.00 1
CELL 720.00 100.00 120.00 1
CELL 720.00 300.00 120.00 1
CELL 720.00 100.00 130.00 1
CELL 720.00 300.00 130.00 1
CELL 720.00 100.00 140.00 1
CELL 720.00 300.00 140.00 1
CELL 720.00 100.00 150.00 1
CELL 720.00 300.00 150.00 1
CELL 720.00 100.00 160.00 1
CELL 720.00 300.00 160.00 1
CELL 720.00 100.00 170.00 1
CELL 720.00 300.00 170.00 1
CELL 720.00 100.00 180.00 1
CELL 720.00 300.00 180.00 1
CELL 720.00 100.00 190.00 1
CELL 720.00 300.00 190.00 1
CELL 720.00 100.00 200.00 1
CELL 720.00 300.00 200.00 1
CELL 720.00 100.00 210.00 1
CELL 720.00 300.00 210.00 1
CELL 720.00 100.00 220.00 1
CELL 720.00 300.00 220.00 1
CELL 720.00 100.00 230.00 1
CELL 720.00 300.00 230.00 1
CELL 720.00 100.00 240.00 1
CELL 720.00 300.00 240.00 1
CELL 720.00 100.00 250.00 1
CELL 720.00 300.00 250.00 1
CELL 720.00 100.00 260.00 1
CELL 720.00 300.00 260.00 1
CELL 720.00 100.00 270.00 1
CELL 720.00 300.00 270.00 1
CELL 720.00 100.00 280.00 1
CELL 720.00 300.00 280.00 1
CELL 720.00 100.00 290.00 1
CELL 720.00 300.00 290.00 1
CELL 730.00 100.00 10.00 1
CELL 730.00 300.00 10.00 1
CELL 730.00 100.00 20.00 1
CELL 730.00 300.00 20.00 1
CELL 730.00 100.00 30.00 1
CELL 730.00 300.00 30.00 1
CELL 730.00 100.00 40.00 1
CELL 730.00 300.00 40.00 1
CELL 730.00 100.00 50.00 1
CELL 730.00 300.00 50.00 1
CELL 730.00 100.00 60.00 1
CELL 730.00 300.00 60.00 1
CELL 730.00 100.00 70.00 1
CELL 730.00 300.00 70.00 1
CELL 730.00 100.00 80.00 1
CELL 730.00 300.00 80.00 1
CELL 730.00 100.00 90.00 1
CELL 730.00 300.00 90.00 1
CELL 730.00 100.00 100.00 1
CELL 730.00 300.00 100.00 1
CELL 730.00 100.00 110.00 1
CELL 730.00 300.00 110.00 1
CELL 730.00 100.00 120.00 1
CELL 730.00 300.00 120.00 1
CELL 730.00 100.00 130.00 1
CELL 730.00 300.00 130.00 1
CELL 730.00 100.00 140.00 1
CELL 730.00 300.00 140.00 1
CELL 730.00 100.00 150.00 1
CELL 730.00 300.00 150.00 1
CELL 730.00 100.00 160.00 1
CELL 730.00 300.00 160.00 1
CELL 730.00 100.00 170.00 1
CELL 730.00 300.00 170.00 1
CELL 730.00 100.00 180.00 1
CELL 730.00 300.00 180.00 1
CELL 730.00 100.00 190.00 1
CELL 730.00 300.00 190.00 1
CELL 730.00 100.00 200.00 1
CELL 730.00 300.00 200.00 1
CELL 730.00 100.00 210.00 1
CELL 730.00 300.00 210.00 1
CELL 730.00 100.00 220.00 1
CELL 730.00 300.00 220.00 1
CELL 730.00 100.00 230.00 1
CELL 730.00 300.00 230.00 1
CELL 730.00 100.00 240.00 1
CELL 730.00 300.00 240.00 1
CELL 730.00 100.00 250.00 1
CELL 730.00 300.00 250.00 1
CELL 730.00 100.00 260.00 1
CELL 730.00 300.00 260.00 1
CELL 730.00 100.00 270.00 1
CELL 730.00 300.00 270.00 1
CELL 730.00 100.00 280.00 1
CELL 730.00 300.00 280.00 1
CELL 730.00 100.00 290.00 1
CELL 730.00 300.00 290.00 1
CELL 740.00 100.00 10.00 1
CELL 740.00 300.00 10.00 1
CELL 740.00 100.00 20.00 1
CELL 740.00 300.00 20.00 1
CELL 740.00 100.00 30.00 1
CELL 740.00 300.00 30.00 1
CELL 740.00 100.00 40.00 1
CELL 740.00 300.00 40.00 1
CELL 740.00 100.00 50.00 1
CELL 740.00 300.00 50.00 1
CELL 740.00 100.00 60.00 1
CELL 740.00 300.00 60.00 1
CELL 740.00 100.00 70.00 1
CELL 740.00 300.00 70.00 1
CELL 740.00 100.00 80.00 1
CELL 740.00 300.00 80.00 1
CELL 740.00 100.00 90.00 1
CELL 740.00 300.00 90.00 1
CELL 740.00 100.00 100.00 1
CELL 740.00 300.00 100.00 1
CELL 740.00 100.00 110.00 1
CELL 740.00 300.00 110.00 1
CELL 740.00 100.00 120.00 1
CELL 740.00 300.00 120.00 1
CELL 740.00 100.00 130.00 1
CELL 740.00 300.00 130.00 1
CELL 740.00 100.00 140.00 1
CELL 740.00 300.00 140.00 1
CELL 740.00 100.00 150.00 1
CELL 740.00 300.00 150.00 1
CELL 740.00 100.00 160.00 1
CELL 740.00 300.00 160.00 1
CELL 740.00 100.00 170.00 1
CELL 740.00 300.00 170.00 1
CELL 740.00 100.00 180.00 1
CELL 740.00 300.00 180.00 1
CELL 740.00 100.00 190.00 1
CELL 740.00 300.00 190.00 1
CELL 740.00 100.00 200.00 1
CELL 740.00 300.00 200.00 1
CELL 740.00 100.00 210.00 1
CELL 740.00 300.00 210.00 1
CELL 740.00 100.00 220.00 1
CELL 740.00 300.00 220.00 1
CELL 740.00 100.00 230.00 1
CELL 740.00 300.00 230.00 1
CELL 740.00 100.00 240.00 1
CELL 740.00 300.00 240.00 1
CELL 740.00 100.00 250.00 1
CELL 740.00 300.00 250.00 1
CELL 740.00 100.00 260.00 1
CELL 740.00 300.00 260.00 1
CELL 740.00 100.00 270.00 1
CELL 740.00 300.00 270.00 1
CELL 740.00 100.00 280.00 1
CELL 740.00 300.00 280.00 1
CELL 740.00 100.00 290.00 1
CELL 740.00 300.00 290.00 1
CELL 750.00 100.00 10.00 1
CELL 750.00 300.00 10.00 1
CELL 750.00 100.00 20.00 1
CELL 750.00 300.00 20.00 1
CELL 750.00 100.00 30.00 1
CELL 750.00 300.00 30.00 1
CELL 750.00 100.00 40.00 1
CELL 750.00 300.00 40.00 1
CELL 750.00 100.00 50.00 1
CELL 750.00 300.00 50.00 1
CELL 750.00 100.00 60.00 1
CELL 750.00 300.00 60.00 1
CELL 750.00 100.00 70.00 1
CELL 750.00 300.00 70.00 1
CELL 750.00 100.00 80.00 1
CELL 750.00 300.00 80.00 1
CELL 750.00 100.00 90.00 1
CELL 750.00 300.00 90.00 1
CELL 750.00 100.00 100.00 1
CELL 750.00 300.00 100.00 1
CELL 750.00 100.00 110.00 1
CELL 750.00 300.00 110.00 1
CELL 750.00 100.00 120.00 1
CELL 750.00 300.00 120.00 1
CELL 750.00 100.00 130.00 1
CELL 750.00 300.00 130.00 1
CELL 750.00 100.00 140.00 1
CELL 750.00 300.00 140.00 1
CELL 750.00 100.00 150.00 1
CELL 750.00 300.00 150.00 1
CELL 750.00 100.00 160.00 1
CELL 750.00 300.00 160.00 1
CELL 750.00 100.00 170.00 1
CELL 750.00 300.00 170.00 1
CELL 750.00 100.00 180.00 1
CELL 750.00 300.00 180.00 1
CELL 750.00 100.00 190.00 1
CELL 750.00 300.00 190.00 1
CELL 750.00 100.00 200.00 1
CELL 750.00 300.00 200.00 1
CELL 750.00 100.00 210.00 1
CELL 750.00 300.00 210.00 1
CELL 750.00 100.00 220.00 1
CELL 750.00 300.00 220.00 1
CELL 750.00 100.00 230.00 1
CELL 750.00 300.00 230.00 1
CELL 750.00 100.00 240.00 1
CELL 750.00 300.00 240.00 1
CELL 750.00 100.00 250.00 1
CELL 750.00 300.00 250.00 1
CELL 750.00 100.00 260.00 1
CELL 750.00 300.00 260.00 1
CELL 750.00 100.00 270.00 1
CELL 750.00 300.00 270.00 1
CELL 750.00 100.00 280.00 1
CELL 750.00 300.00 280.00 1
CELL 750.00 100.00 290.00 1
CELL 750.00 300.00 290.00 1
CELL 760.00 100.00 10.00 1
CELL 760.00 300.00 10.00 1
CELL 760.00 100.00 20.00 1
CELL 760.00 300.00 20.00 1
CELL 760.00 100.00 30.00 1
CELL 760.00 300.00 30.00 1
CELL 760.00 100.00 40.00 1
CELL 760.00 300.00 40.00 1
CELL 760.00 100.00 50.00 1
CELL 760.00 300.00 50.00 1
CELL 760.00 100.00 60.00 1
CELL 760.00 300.00 60.00 1
CELL 760.00 100.00 70.00 1
CELL 760.00 300.00 70.00 1
CELL 760.00 100.00 80.00 1
CELL 760.00 300.00 80.00 1
CELL 760.00 100.00 90.00 1
CELL 760.00 300.00 90.00 1
CELL 760.00 100.00 100.00 1
CELL 760.00 300.00 100.00 1
CELL 760.00 100.00 110.00 1
CELL 760.00 300.00 110.00 1
CELL 760.00 100.00 120.00 1
CELL 760.00 300.00 120.00 1
CELL 760.00 100.00 130.00 1
CELL 760.00 300.00 130.00 1
CELL 760.00 100.00 140.00 1
CELL 760.00 300.00 140.00 1
CELL 760.00 100.00 150.00 1
CELL 760.00 300.00 150.00 1
CELL 760.00 100.00 160.00 1
CELL 760.00 300.00 160.00 1
CELL 760.00 100.00 170.00 1
CELL 760.00 300.00 170.00 1
CELL 760.00 100.00 180.00 1
CELL 760.00 300.00 180.00 1
CELL 760.00 100.00 190.00 1
CELL 760.00 300.00 190.00 1
CELL 760.00 100.00 200.00 1
CELL 760.00 300.00 200.00 1
CELL 760.00 100.00 210.00 1
CELL 760.00 300.00 210.00 1
CELL 760.00 100.00 220.00 1
CELL 760.00 300.00 220.00 1
CELL 760.00 100.00 230.00 1
CELL 760.00 300.00 230.00 1
CELL 760.00 100.00 240.00 1
CELL 760.00 300.00 240.00 1
CELL 760.00 100.00 250.00 1
CELL 760.00 300.00 250.00 1
CELL 760.00 100.00 260.00 1
CELL 760.00 300.00 260.00 1
CELL 760.00 100.00 270.00 1
CELL 760.00 300.00 270.00 1
CELL 760.00 100.00 280.00 1
CELL 760.00 300.00 280.00 1
CELL 760.00 100.00 290.00 1
CELL 760.00 300.00 290.00 1
CELL 770.00 100.00 10.00 1
CELL 770.00 300.00 10.00 1
CELL 770.00 100.00 20.00 1
CELL 770.00 300.00 20.00 1
CELL 770.00 100.00 30.00 1
CELL 770.00 300.00 30.00 1
CELL 770.00 100.00 40.00 1
CELL 770.00 300.00 40.00 1
CELL 770.00 100.00 50.00 1
CELL 770.00 300.00 50.00 1
CELL 770.00 100.00 60.00 1
CELL 770.00 300.00 60.00 1
CELL 770.00 100.00 70.00 1
CELL 770.00 300.00 70.00 1
CELL 770.00 100.00 80.00 1
CELL 770.00 300.00 80.00 1
CELL 770.00 100.00 90.00 1
CELL 770.00 300.00 90.00 1
CELL 770.00 100.00 100.00 1
CELL 770.00 300.00 100.00 1
CELL 770.00 100.00 110.00 1
CELL 770.00 300.00 110.00 1
CELL 770.00 100.00 120.00 1
CELL 770.00 300.00 120.00 1
CELL 770.00 100.00 130.00 1
CELL 770.00 300.00 130.00 1
CELL 770.00 100.00 140.00 1
CELL 770.00 300.00 140.00 1
CELL 770.00 100.00 150.00 1
CELL 770.00 300.00 150.00 1
CELL 770.00 100.00 160.00 1
CELL 770.00 300.00 160.00 1
CELL 770.00 100.00 170.00 1
CELL 770.00 300.00 170.00 1
CELL 770.00 100.00 180.00 1
CELL 770.00 300.00 180.00 1
CELL 770.00 100.00 190.00 1
CELL 770.00 300.00 190.00 1
CELL 770.00 100.00 200.00 1
CELL 770.00 300.00 200.00 1
CELL 770.00 100.00 210.00 1
CELL 770.00 300.00 210.00 1
CELL 770.00 100.00 220.00 1
CELL 770.00 300.00 220.00 1
CELL 770.00 100.00 230.00 1
CELL 770.00 300.00 230.00 1
CELL 770.00 100.00 240.00 1
CELL 770.00 300.00 240.00 1
CELL 770.00 100.00 250.00 1
CELL 770.00 300.00 250.00 1
CELL 770.00 100.00 260.00 1
CELL 770.00 300.00 260.00 1
CELL 770.00 100.00 270.00 1
CELL 770.00 300.00 270.00 1
CELL 770.00 100.00 280.00 1
CELL 770.00 300.00 280.00 1
CELL 770.00 100.00 290.00 1
CELL 770.00 300.00 290.00 1
CELL 780.00 100.00 10.00 1
CELL 780.00 300.00 10.00 1
CELL 780.00 100.00 20.00 1
CELL 780.00 300.00 20.00 1
CELL 780.00 100.00 30.00 1
CELL 780.00 300.00 30.00 1
CELL 780.00 100.00 40.00 1
CELL 780.00 300.00 40.00 1
CELL 780.00 100.00 50.00 1
CELL 780.00 300.00 50.00 1
CELL 780.00 100.00 60.00 1
CELL 780.00 300.00 60.00 1
CELL 780.00 100.00 70.00 1
CELL 780.00 300.00 70.00 1
CELL 780.00 100.00 80.00 1
CELL 780.00 300.00 80.00 1
CELL 780.00 100.00 90.00 1
CELL 780.00 300.00 90.00 1
CELL 780.00 100.00 100.00 1
CELL 780.00 300.00 100.00 1
CELL 780.00 100.00 110.00 1
CELL 780.00 300.00 110.00 1
CELL 780.00 100.00 120.00 1
CELL 780.00 300.00 120.00 1
CELL 780.00 100.00 130.00 1
CELL 780.00 300.00 130.00 1
CELL 780.00 100.00 140.00 1
CELL 780.00 300.00 140.00 1
CELL 780.00 100.00 150.00 1
CELL 780.00 300.00 150.00 1
CELL 780.00 100.00 160.00 1
CELL 780.00 300.00 160.00 1
CELL 780.00 100.00 170.00 1
CELL 780.00 300.00 170.00 1
CELL 780.00 100.00 180.00 1
CELL 780.00 300.00 180.00 1
CELL 780.00 100.00 190.00 1
CELL 780.00 300.00 190.00 1
CELL 780.00 100.00 200.00 1
CELL 780.00 300.00 200.00 1
CELL 780.00 100.00 210.00 1
CELL 780.00 300.00 210.00 1
CELL 780.00 100.00 220.00 1
CELL 780.00 300.00 220.00 1
CELL 780.00 100.00 230.00 1
CELL 780.00 300.00 230.00 1
CELL 780.00 100.00 240.00 1
CELL 780.00 300.00 240.00 1
CELL 780.00 100.00 250.00 1
CELL 780.00 300.00 250.00 1
CELL 780.00 100.00 260.00 1
CELL 780.00 300.00 260.00 1
CELL 780.00 100.00 270.00 1
CELL 780.00 300.00 270.00 1
CELL 780.00 100.00 280.00 1
CELL 780.00 300.00 280.00 1
CELL 780.00 100.00 290.00 1
CELL 780.00 300.00 290.00 1
CELL 790.00 100.00 10.00 1
CELL 790.00 300.00 10.00 1
CELL 790.00 100.00 20.00 1
CELL 790.00 300.00 20.00 1
CELL 790.00 100.00 30.00 1
CELL 790.00 300.00 30.00 1
CELL 790.00 100.00 40.00 1
CELL 790.00 300.00 40.00 1
CELL 790.00 100.00 50.00 1
CELL 790.00 300.00 50.00 1
CELL 790.00 100.00 60.00 1
CELL 790.00 300.00 60.00 1
CELL 790.00 100.00 70.00 1
CELL 790.00 300.00 70.00 1
CELL 790.00 100.00 80.00 1
CELL 790.00 300.00 80.00 1
CELL 790.00 100.00 90.00 1
CELL 790.00 300.00 90.00 1
CELL 790.00 100.00 100.00 1
CELL 790.00 300.00 100.00 1
CELL 790.00 100.00 110.00 1
CELL 790.00 300.00 110.00 1
CELL 790.00 100.00 120.00 1
CELL 790.00 300.00 120.00 1
CELL 790.00 100.00 130.00 1
CELL 790.00 300.00 130.00 1
CELL 790.00 100.00 140.00 1
CELL 790.00 300.00 140.00 1
CELL 790.00 100.00 150.00 1
CELL 790.00 300.00 150.00 1
CELL 790.00 100.00 160.00 1
CELL 790.00 300.00 160.00 1
CELL 790.00 100.00 170.00 1
CELL 790.00 300.00 170.00 1
CELL 790.00 100.00 180.00 1
CELL 790.00 300.00 180.00 1
CELL 790.00 100.00 190.00 1
CELL 790.00 300.00 190.00 1
CELL 790.00 100.00 200.00 1
CELL 790.00 300.00 200.00 1
CELL 790.00 100.00 210.00 1
CELL 790.00 300.00 210.00 1
CELL 790.00 100.00 220.00 1
CELL 790.00 300.00 220.00 1
CELL 790.00 100.00 230.00 1
CELL 790.00 300.00 230.00 1
CELL 790.00 100.00 240.00 1
CELL 790.00 300.00 240.00 1
CELL 790.00 100.00 250.00 1
CELL 790.00 300.00 250.00 1
CELL 790.00 100.00 260.00 1
CELL 790.00 300.00 260.00 1
CELL 790.00 100.00 270.00 1
CELL 790.00 300.00 270.00 1
CELL 790.00 100.00 280.00 1
CELL 790.00 300.00 280.00 1
CELL 790.00 100.00 290.00 1
CELL 790.00 300.00 290.00 1
CELL 800.00 100.00 10.00 1
CELL 800.00 300.00 10.00 1
CELL 800.00 100.00 20.00 1
CELL 800.00 300.00 20.00 1
CELL 800.00 100.00 30.00 1
CELL 800.00 300.00 30.00 1
CELL 800.00 100.00 40.00 1
CELL 800.00 300.00 40.00 1
CELL 800.00 100.00 50.00 1
CELL 800.00 300.00 50.00 1
CELL 800.00 100.00 60.00 1
CELL 800.00 300.00 60.00 1
CELL 800.00 100.00 70.00 1
CELL 800.00 300.00 70.00 1
CELL 800.00 100.00 80.00 1
CELL 800.00 300.00 80.00 1
CELL 800.00 100.00 90.00 1
CELL 800.00 300.00 90.00 1
CELL 800.00 100.00 100.00 1
CELL 800.00 300.00 100.00 1
CELL 800.00 100.00 110.00 1
CELL 800.00 300.00 110.00 1
CELL 800.00 100.00 120.00 1
CELL 800.00 300.00 120.00 1
CELL 800.00 100.00 130.00 1
CELL 800.00 300.00 130.00 1
CELL 800.00 100.00 140.00 1
CELL 800.00 300.00 140.00 1
CELL 800.00 100.00 150.00 1
CELL 800.00 300.00 150.00 1
CELL 800.00 100.00 160.00 1
CELL 800.00 300.00 160.00 1
CELL 800.00 100.00 170.00 1
CELL 800.00 300.00 170.00 1
CELL 800.00 100.00 180.00 1
CELL 800.00 300.00 180.00 1
CELL 800.00 100.00 190.00 1
CELL 800.00 300.00 190.00 1
CELL 800.00 100.00 200.00 1
CELL 800.00 300.00 200.00 1
CELL 800.00 100.00 210.00 1
CELL 800.00 300.00 210.00 1
CELL 800.00 100.00 220.00 1
CELL 800.00 300.00 220.00 1
CELL 800.00 100.00 230.00 1
CELL 800.00 300.00 230.00 1
CELL 800.00 100.00 240.00 1
CELL 800.00 300.00 240.00 1
CELL 800.00 100.00 250.00 1
CELL 800.00 300.00 250.00 1
CELL 800.00 100.00 260.00 1
CELL 800.00 300.00 260.00 1
CELL 800.00 100.00 270.00 1
CELL 800.00 300.00 270.00 1
CELL 800.00 100.00 280.00 1
CELL 800.00 300.00 280.00 1
CELL 800.00 100.00 290.00 1
CELL 800.00 300.00 290.00 1
CELL 810.00 100.00 10.00 1
CELL 810.00 300.00 10.00 1
CELL 810.00 100.00 20.00 1
CELL 810.00 300.00 20.00 1
CELL 810.00 100.00 30.00 1
CELL 810.00 300.00 30.00 1
CELL 810.00 100.00 40.00 1
CELL 810.00 300.00 40.00 1
CELL 810.00 100.00 50.00 1
CELL 810.00 300.00 50.00 1
CELL 810.00 100.00 60.00 1
CELL 810.00 300.00 60.00 1
CELL 810.00 100.00 70.00 1
CELL 810.00 300.00 70.00 1
CELL 810.00 100.00 80.00 1
CELL 810.00 300.00 80.00 1
CELL 810.00 100.00 90.00 1
CELL 810.00 300.00 90.00 1
CELL 810.00 100.00 100.00 1
CELL 810.00 300.00 100.00 1
CELL 810.00 100.00 110.00 1
CELL 810.00 300.00 110.00 1
CELL 810.00 100.00 120.00 1
CELL 810.00 300.00 120.00 1
CELL 810.00 100.00 130.00 1
CELL 810.00 300.00 130.00 1
CELL 810.00 100.00 140.00 1
CELL 810.00 300.00 140.00 1
CELL 810.00 100.00 150.00 1
CELL 810.00 300.00 150.00 1
CELL 810.00 100.00 160.00 1
CELL 810.00 300.00 160.00 1
CELL 810.00 100.00 170.00 1
CELL 810.00 300.00 170.00 1
CELL 810.00 100.00 180.00 1
CELL 810.00 300.00 180.00 1
CELL 810.00 100.00 190.00 1
CELL 810.00 300.00 190.00 1
CELL 810.00 100.00 200.00 1
CELL 810.00 300.00 200.00 1
CELL 810.00 100.00 210.00 1
CELL 810.00 300.00 210.00 1
CELL 810.00 100.00 220.00 1
CELL 810.00 300.00 220.00 1
CELL 810.00 100.00 230.00 1
CELL 810.00 300.00 230.00 1
CELL 810.00 100.00 240.00 1
CELL 810.00 300.00 240.00 1
CELL 810.00 100.00 250.00 1
CELL 810.00 300.00 250.00 1
CELL 810.00 100.00 260.00 1
CELL 810.00 300.00 260.00 1
CELL 810.00 100.00 270.00 1
CELL 810.00 300.00 270.00 1
CELL 810.00 100.00 280.00 1
CELL 810.00 300.00 280.00 1
CELL 810.00 100.00 290.00 1
CELL 810.00 300.00 290.00 1
CELL 820.00 100.00 10.00 1
CELL 820.00 300.00 10.00 1
CELL 820.00 100.00 20.00 1
CELL 820.00 300.00 20.00 1
CELL 820.00 100.00 30.00 1
CELL 820.00 300.00 30.00 1
CELL 820.00 100.00 40.00 1
CELL 820.00 300.00 40.00 1
CELL 820.00 100.00 50.00 1
CELL 820.00 300.00 50.00 1
CELL 820.00 100.00 60.00 1
CELL 820.00 300.00 60.00 1
CELL 820.00 100.00 70.00 1
CELL 820.00 300.00 70.00 1
CELL 820.00 100.00 80.00 1
CELL 820.00 300.00 80.00 1
CELL 820.00 100.00 90.00 1
CELL 820.00 300.00 90.00 1
CELL 820.00 100.00 100.00 1
CELL 820.00 300.00 100.00 1
CELL 820.00 100.00 110.00 1
CELL 820.00 300.00 110.00 1
CELL 820.00 100.00 120.00 1
CELL 820.00 300.00 120.00 1
CELL 820.00 100.00 130.00 1
CELL 820.00 300.00 130.00 1
CELL 820.00 100.00 140.00 1
CELL 820.00 300.00 140.00 1
CELL 820.00 100.00 150.00 1
CELL 820.00 300.00 150.00 1
CELL 820.00 100.00 160.00 1
CELL 820.00 300.00 160.00 1
CELL 820.00 100.00 170.00 1
CELL 820.00 300.00 170.00 1
CELL 820.00 100.00 180.00 1
CELL 820.00 300.00 180.00 1
CELL 820.00 100.00 190.00 1
CELL 820.00 300.00 190.00 1
CELL 820.00 100.00 200.00 1
CELL 820.00 300.00 200.00 1
CELL 820.00 100.00 210.00 1
CELL 820.00 300.00 210.00 1
CELL 820.00 100.00 220.00 1
CELL 820.00 300.00 220.00 1
CELL 820.00 100.00 230.00 1
CELL 820.00 300.00 230.00 1
CELL 820.00 100.00 240.00 1
CELL 820.00 300.00 240.00 1
CELL 820.00 100.00 250.00 1
CELL 820.00 300.00 250.00 1
CELL 820.00 100.00 260.00 1
CELL 820.00 300.00 260.00 1
CELL 820.00 100.00 270.00 1
CELL 820.00 300.00 270.00 1
CELL 820.00 100.00 280.00 1
CELL 820.00 300.00 280.00 1
CELL 820.00 100.00 290.00 1
CELL 820.00 300.00 290.00 1
CELL 830.00 100.00 10.00 1
CELL 830.00 300.00 10.00 1
CELL 830.00 100.00 20.00 1
CELL 830.00 300.00 20.00 1
CELL 830.00 100.00 30.00 1
CELL 830.00 300.00 30.00 1
CELL 830.00 100.00 40.00 1
CELL 830.00 300.00 40.00 1
CELL 830.00 100.00 50.00 1
CELL 830.00 300.00 50.00 1
CELL 830.00 100.00 60.00 1
CELL 830.00 300.00 60.00 1
CELL 830.00 100.00 70.00 1
CELL 830.00 300.00 70.00 1
CELL 830.00 100.00 80.00 1
CELL 830.00 300.00 80.00 1
CELL 830.00 100.00 90.00 1
CELL 830.00 300.00 90.00 1
CELL 830.00 100.00 100.00 1
CELL 830.00 300.00 100.00 1
CELL 830.00 100.00 110.00 1
CELL 830.00 300.00 110.00 1
CELL 830.00 100.00 120.00 1
CELL 830.00 300.00 120.00 1
CELL 830.00 100.00 130.00 1
CELL 830.00 300.00 130.00 1
CELL 830.00 100.00 140.00 1
CELL 830.00 300.00 140.00 1
CELL 830.00 100.00 150.00 1
CELL 830.00 300.00 150.00 1
CELL 830.00 100.00 160.00 1
CELL 830.00 300.00 160.00 1
CELL 830.00 100.00 170.00 1
CELL 830.00 300.00 170.00 1
CELL 830.00 100.00 180.00 1
CELL 830.00 300.00 180.00 1
CELL 830.00 100.00 190.00 1
CELL 830.00 300.00 190.00 1
CELL 830.00 100.00 200.00 1
CELL 830.00 300.00 200.00 1
CELL 830.00 100.00 210.00 1
CELL 830.00 300.00 210.00 1
CELL 830.00 100.00 220.00 1
CELL 830.00 300.00 220.00 1
CELL 830.00 100.00 230.00 1
CELL 830.00 300.00 230.00 1
CELL 830.00 100.00 240.00 1
CELL 830.00 300.00 240.00 1
CELL 830.00 100.00 250.00 1
CELL 830.00 300.00 250.00 1
CELL 830.00 100.00 260.00 1
CELL 830.00 300.00 260.00 1
CELL 830.00 100.00 270.00 1
CELL 830.00 300.00 270.00 1
CELL 830.00 100.00 280.00 1
CELL 830.00 300.00 280.00 1
CELL 830.00 100.00 290.00 1
CELL 830.00 300.00 290.00 1
CELL 840.00 100.00 10.00 1
CELL 840.00 300.00 10.00 1
CELL 840.00 100.00 20.00 1
CELL 840.00 300.00 20.00 1
CELL 840.00 100.00 30.00 1
CELL 840.00 300.00 30.00 1
CELL 840.00 100.00 40.00 1
CELL 840.00 300.00 40.00 1
CELL 840.00 100.00 50.00 1
CELL 840.00 300.00 50.00 1
CELL 840.00 100.00 60.00 1
CELL 840.00 300.00 60.00 1
CELL 840.00 100.00 70.00 1
CELL 840.00 300.00 70.00 1
CELL 840.00 100.00 80.00 1
CELL 840.00 300.00 80.00 1
CELL 840.00 100.00 90.00 1
CELL 840.00 300.00 90.00 1
CELL 840.00 100.00 100.00 1
CELL 840.00 300.00 100.00 1
CELL 840.00 100.00 110.00 1
CELL 840.00 300.00 110.00 1
CELL 840.00 100.00 120.00 1
CELL 840.00 300.00 120.00 1
CELL 840.00 100.00 130.00 1
CELL 840.00 300.00 130.00 1
CELL 840.00 100.00 140.00 1
CELL 840.00 300.00 140.00 1
CELL 840.00 100.00 150.00 1
CELL 840.00 300.00 150.00 1
CELL 840.00 100.00 160.00 1
CELL 840.00 300.00 160.00 1
CELL 840.00 100.00 170.00 1
CELL 840.00 300.00 170.00 1
CELL 840.00 100.00 180.00 1
CELL 840.00 300.00 180.00 1
CELL 840.00 100.00 190.00 1
CELL 840.00 300.00 190.00 1
CELL 840.00 100.00 200.00 1
CELL 840.00 300.00 200.00 1
CELL 840.00 100.00 210.00 1
CELL 840.00 300.00 210.00 1
CELL 840.00 100.00 220.00 1
CELL 840.00 300.00 220.00 1
CELL 840.00 100.00 230.00 1
CELL 840.00 300.00 230.00 1
CELL 840.00 100.00 240.00 1
CELL 840.00 300.00 240.00 1
CELL 840.00 100.00 250.00 1
CELL 840.00 300.00 250.00 1
CELL 840.00 100.00 260.00 1
CELL 840.00 300.00 260.00 1
CELL 840.00 100.00 270.00 1
CELL 840.00 300.00 270.00 1
CELL 840.00 100.00 280.00 1
CELL 840.00 300.00 280.00 1
CELL 840.00 100.00 290.00 1
CELL 840.00 300.00 290.00 1
CELL 850.00 100.00 10.00 1
CELL 850.00 300.00 10.00 1
CELL 850.00 100.00 20.00 1
CELL 850.00 300.00 20.00 1
CELL 850.00 100.00 30.00 1
CELL 850.00 300.00 30.00 1
CELL 850.00 100.00 40.00 1
CELL 850.00 300.00 40.00 1
CELL 850.00 100.00 50.00 1
CELL 850.00 300.00 50.00 1
CELL 850.00 100.00 60.00 1
CELL 850.00 300.00 60.00 1
CELL 850.00 100.00 70.00 1
CELL 850.00 300.00 70.00 1
CELL 850.00 100.00 80.00 1
CELL 850.00 300.00 80.00 1
CELL 850.00 100.00 90.00 1
CELL 850.00 300.00 90.00 1
CELL 850.00 100.00 100.00 1
CELL 850.00 300.00 100.00 1
CELL 850.00 100.00 110.00 1
CELL 850.00 300.00 110.00 1
CELL 850.00 100.00 120.00 1
CELL 850.00 300.00 120.00 1
CELL 850.00 100.00 130.00 1
CELL 850.00 300.00 130.00 1
CELL 850.00 100.00 140.00 1
CELL 850.00 300.00 140.00 1
CELL 850.00 100.00 150.00 1
CELL 850.00 300.00 150.00 1
CELL 850.00 100.00 160.00 1
CELL 850.00 300.00 160.00 1
CELL 850.00 100.00 170.00 1
CELL 850.00 300.00 170.00 1
CELL 850.00 100.00 180.00 1
CELL 850.00 300.00 180.00 1
CELL 850.00 100.00 190.00 1
CELL 850.00 300.00 190.00 1
CELL 850.00 100.00 200.00 1
CELL 850.00 300.00 200.00 1
CELL 850.00 100.00 210.00 1
CELL 850.00 300.00 210.00 1
CELL 850.00 100.00 220.00 1
CELL 850.00 300.00 220.00 1
CELL 850.00 100.00 230.00 1
CELL 850.00 300.00 230.00 1
CELL 850.00 100.00 240.00 1
CELL 850.00 300.00 240.00 1
CELL 850.00 100.00 250.00 1
CELL 850.00 300.00 250.00 1
CELL 850.00 100.00 260.00 1
CELL 850.00 300.00 260.00 1
CELL 850.00 100.00 270.00 1
CELL 850.00 300.00 270.00 1
CELL 850.00 100.00 280.00 1
CELL 850.00 300.00 280.00 1
CELL 850.00 100.00 290.00 1
CELL 850.00 300.00 290.00 1
CELL 860.00 100.00 10.00 1
CELL 860.00 300.00 10.00 1
CELL 860.00 100.00 20.00 1
CELL 860.00 300.00 20.00 1
CELL 860.00 100.00 30.00 1
CELL 860.00 300.00 30.00 1
CELL 860.00 100.00 40.00 1
CELL 860.00 300.00 40.00 1
CELL 860.00 100.00 50.00 1
CELL 860.00 300.00 50.00 1
CELL 860.00 100.00 60.00 1
CELL 860.00 300.00 60.00 1
CELL 860.00 100.00 70.00 1
CELL 860.00 300.00 70.00 1
CELL 860.00 100.00 80.00 1
CELL 860.00 300.00 80.00 1
CELL 860.00 100.00 90.00 1
CELL 860.00 300.00 90.00 1
CELL 860.00 100.00 100.00 1
CELL 860.00 300.00 100.00 1
CELL 860.00 100.00 110.00 1
CELL 860.00 300.00 110.00 1
CELL 860.00 100.00 120.00 1
CELL 860.00 300.00 120.00 1
CELL 860.00 100.00 130.00 1
CELL 860.00 300.00 130.00 1
CELL 860.00 100.00 140.00 1
CELL 860.00 300.00 140.00 1
CELL 860.00 100.00 150.00 1
CELL 860.00 300.00 150.00 1
CELL 860.00 100.00 160.00 1
CELL 860.00 300.00 160.00 1
CELL 860.00 100.00 170.00 1
CELL 860.00 300.00 170.00 1
CELL 860.00 100.00 180.00 1
CELL 860.00 300.00 180.00 1
CELL 860.00 100.00 190.00 1
CELL 860.00 300.00 190.00 1
CELL 860.00 100.00 200.00 1
CELL 860.00 300.00 200.00 1
CELL 860.00 100.00 210.00 1
CELL 860.00 300.00 210.00 1
CELL 860.00 100.00 220.00 1
CELL 860.00 300.00 220.00 1
CELL 860.00 100.00 230.00 1
CELL 860.00 300.00 230.00 1
CELL 860.00 100.00 240.00 1
CELL 860.00 300.00 240.00 1
CELL 860.00 100.00 250.00 1
CELL 860.00 300.00 250.00 1
CELL 860.00 100.00 260.00 1
CELL 860.00 300.00 260.00 1
CELL 860.00 100.00 270.00 1
CELL 860.00 300.00 270.00 1
CELL 860.00 100.00 280.00 1
CELL 860.00 300.00 280.00 1
CELL 860.00 100.00 290.00 1
CELL 860.00 300.00 290.00 1
CELL 870.00 100.00 10.00 1
CELL 870.00 300.00 10.00 1
CELL 870.00 100.00 20.00 1
CELL 870.00 300.00 20.00 1
CELL 870.00 100.00 30.00 1
CELL 870.00 300.00 30.00 1
CELL 870.00 100.00 40.00 1
CELL 870.00 300.00 40.00 1
CELL 870.00 100.00 50.00 1
CELL 870.00 300.00 50.00 1
CELL 870.00 100.00 60.00 1
CELL 870.00 300.00 60.00 1
CELL 870.00 100.00 70.00 1
CELL 870.00 300.00 70.00 1
CELL 870.00 100.00 80.00 1
CELL 870.00 300.00 80.00 1
CELL 870.00 100.00 90.00 1
CELL 870.00 300.00 90.00 1
CELL 870.00 100.00 100.00 1
CELL 870.00 300.00 100.00 1
CELL 870.00 100.00 110.00 1
CELL 870.00 300.00 110.00 1
CELL 870.00 100.00 120.00 1
CELL 870.00 300.00 120.00 1
CELL 870.00 100.00 130.00 1
CELL 870.00 300.00 130.00 1
CELL 870.00 100.00 140.00 1
CELL 870.00 300.00 140.00 1
CELL 870.00 100.00 150.00 1
CELL 870.00 300.00 150.00 1
CELL 870.00 100.00 160.00 1
CELL 870.00 300.00 160.00 1
CELL 870.00 100.00 170.00 1
CELL 870.00 300.00 170.00 1
CELL 870.00 100.00 180.00 1
CELL 870.00 300.00 180.00 1
CELL 870.00 100.00 190.00 1
CELL 870.00 300.00 190.00 1
CELL 870.00 100.00 200.00 1
CELL 870.00 300.00 200.00 1
CELL 870.00 100.00 210.00 1
CELL 870.00 300.00 210.00 1
CELL 870.00 100.00 220.00 1
CELL 870.00 300.00 220.00 1
CELL 870.00 100.00 230.00 1
CELL 870.00 300.00 230.00 1
CELL 870.00 100.00 240.00 1
CELL 870.00 300.00 240.00 1
CELL 870.00 100.00 250.00 1
CELL 870.00 300.00 250.00 1
CELL 870.00 100.00 260.00 1
CELL 870.00 300.00 260.00 1
CELL 870.00 100.00 270.00 1
CELL 870.00 300.00 270.00 1
CELL 870.00 100.00 280.00 1
CELL 870.00 300.00 280.00 1
CELL 870.00 100.00 290.00 1
CELL 870.00 300.00 290.00 1
CELL 880.00 100.00 10.00 1
CELL 880.00 300.00 10.00 1
CELL 880.00 100.00 20.00 1
CELL 880.00 300.00 20.00 1
CELL 880.00 100.00 30.00 1
CELL 880.00 300.00 30.00 1
CELL 880.00 100.00 40.00 1
CELL 880.00 300.00 40.00 1
CELL 880.00 100.00 50.00 1
CELL 880.00 300.00 50.00 1
CELL 880.00 100.00 60.00 1
CELL 880.00 300.00 60.00 1
CELL 880.00 100.00 70.00 1
CELL 880.00 300.00 70.00 1
CELL 880.00 100.00 80.00 1
CELL 880.00 300.00 80.00 1
CELL 880.00 100.00 90.00 1
CELL 880.00 300.00 90.00 1
CELL 880.00 100.00 100.00 1
CELL 880.00 300.00 100.00 1
CELL 880.00 100.00 110.00 1
CELL 880.00 300.00 110.00 1
CELL 880.00 100.00 120.00 1
CELL 880.00 300.00 120.00 1
CELL 880.00 100.00 130.00 1
CELL 880.00 300.00 130.00 1
CELL 880.00 100.00 140.00 1
CELL 880.00 300.00 140.00 1
CELL 880.00 100.00 150.00 1
CELL 880.00 300.00 150.00 1
CELL 880.00 100.00 160.00 1
CELL 880.00 300.00 160.00 1
CELL 880.00 100.00 170.00 1
CELL 880.00 300.00 170.00 1
CELL 880.00 100.00 180.00 1
CELL 880.00 300.00 180.00 1
CELL 880.00 100.00 190.00 1
CELL 880.00 300.00 190.00 1
CELL 880.00 100.00 200.00 1
CELL 880.00 300.00 200.00 1
CELL 880.00 100.00 210.00 1
CELL 880.00 300.00 210.00 1
CELL 880.00 100.00 220.00 1
CELL 880.00 300.00 220.00 1
CELL 880.00 100.00 230.00 1
CELL 880.00 300.00 230.00 1
CELL 880.00 100.00 240.00 1
CELL 880.00 300.00 240.00 1
CELL 880.00 100.00 250.00 1
CELL 880.00 300.00 250.00 1
CELL 880.00 100.00 260.00 1
CELL 880.00 300.00 260.00 1
CELL 880.00 100.00 270.00 1
CELL 880.00 300.00 270.00 1
CELL 880.00 100.00 280.00 1
CELL 880.00 300.00 280.00 1
CELL 880.00 100.00 290.00 1
CELL 880.00 300.00 290.00 1
CELL 890.00 100.00 10.00 1
CELL 890.00 300.00 10.00 1
CELL 890.00 100.00 20.00 1
CELL 890.00 300.00 20.00 1
CELL 890.00 100.00 30.00 1
CELL 890.00 300.00 30.00 1
CELL 890.00 100.00 40.00 1
CELL 890.00 300.00 40.00 1
CELL 890.00 100.00 50.00 1
CELL 890.00 300.00 50.00 1
CELL 890.00 100.00 60.00 1
CELL 890.00 300.00 60.00 1
CELL 890.00 100.00 70.00 1
CELL 890.00 300.00 70.00 1
CELL 890.00 100.00 80.00 1
CELL 890.00 300.00 80.00 1
CELL 890.00 100.00 90.00 1
CELL 890.00 300.00 90.00 1
CELL 890.00 100.00 100.00 1
CELL 890.00 300.00 100.00 1
CELL 890.00 100.00 110.00 1
CELL 890.00 300.00 110.00 1
CELL 890.00 100.00 120.00 1
CELL 890.00 300.00 120.00 1
CELL 890.00 100.00 130.00 1
CELL 890.00 300.00 130.00 1
CELL 890.00 100.00 140.00 1
CELL 890.00 300.00 140.00 1
CELL 890.00 100.00 150.00 1
CELL 890.00 300.00 150.00 1
CELL 890.00 100.00 160.00 1
CELL 890.00 300.00 160.00 1
CELL 890.00 100.00 170.00 1
CELL 890.00 300.00 170.00 1
CELL 890.00 100.00 180.00 1
CELL 890.00 300.00 180.00 1
CELL 890.00 100.00 190.00 1
CELL 890.00 300.00 190.00 1
CELL 890.00 100.00 200.00 1
CELL 890.00 300.00 200.00 1
CELL 890.00 100.00 210.00 1
CELL 890.00 300.00 210.00 1
CELL 890.00 100.00 220.00 1
CELL 890.00 300.00 220.00 1
CELL 890.00 100.00 230.00 1
CELL 890.00 300.00 230.00 1
CELL 890.00 100.00 240.00 1
CELL 890.00 300.00 240.00 1
CELL 890.00 100.00 250.00 1
CELL 890.00 300.00 250.00 1
CELL 890.00 100.00 260.00 1
CELL 890.00 300.00 260.00 1
CELL 890.00 100.00 270.00 1
CELL 890.00 300.00 270.00 1
CELL 890.00 100.00 280.00 1
CELL 890.00 300.00 280.00 1
CELL 890.00 100.00 290.00 1
CELL 890.00 300.00 290.00 1
CELL 900.00 100.00 10.00 1
CELL 900.00 300.00 10.00 1
CELL 900.00 100.00 20.00 1
CELL 900.00 300.00 20.00 1
CELL 900.00 100.00 30.00 1
CELL 900.00 300.00 30.00 1
CELL 900.00 100.00 40.00 1
CELL 900.00 300.00 40.00 1
CELL 900.00 100.00 50.00 1
CELL 900.00 300.00 50.00 1
CELL 900.00 100.00 60.00 1
CELL 900.00 300.00 60.00 1
CELL 900.00 100.00 70.00 1
CELL 900.00 300.00 70.00 1
CELL 900.00 100.00 80.00 1
CELL 900.00 300.00 80.00 1
CELL 900.00 100.00 90.00 1
CELL 900.00 300.00 90.00 1
CELL 900.00 100.00 100.00 1
CELL 900.00 300.00 100.00 1
CELL 900.00 100.00 110.00 1
CELL 900.00 300.00 110.00 1
CELL 900.00 100.00 120.00 1
CELL 900.00 300.00 120.00 1
CELL 900.00 100.00 130.00 1
CELL 900.00 300.00 130.00 1
CELL 900.00 100.00 140.00 1
CELL 900.00 300.00 140.00 1
CELL 900.00 100.00 150.00 1
CELL 900.00 300.00 150.00 1
CELL 900.00 100.00 160.00 1
CELL 900.00 300.00 160.00 1
CELL 900.00 100.00 170.00 1
CELL 900.00 300.00 170.00 1
CELL 900.00 100.00 180.00 1
CELL 900.00 300.00 180.00 1
CELL 900.00 100.00 190.00 1
CELL 900.00 300.00 190.00 1
CELL 900.00 100.00 200.00 1
CELL 900.00 300.00 200.00 1
CELL 900.00 100.00 210.00 1
CELL 900.00 300.00 210.00 1
CELL 900.00 100.00 220.00 1
CELL 900.00 300.00 220.00 1
CELL 900.00 100.00 230.00 1
CELL 900.00 300.00 230.00 1
CELL 900.00 100.00 240.00 1
CELL 900.00 300.00 240.00 1
CELL 900.00 100.00 250.00 1
CELL 900.00 300.00 250.00 1
CELL 900.00 100.00 260.00 1
CELL 900.00 300.00 260.00 1
CELL 900.00 100.00 270.00 1
CELL 900.00 300.00 270.00 1
CELL 900.00 100.00 280.00 1
CELL 900.00 300.00 280.00 1
CELL 900.00 100.00 290.00 1
CELL 900.00 300.00 290.00 1
CELL 700.00 110.00 10.00 1
CELL 900.00 110.00 10.00 1
CELL 700.00 110.00 20.00 1
CELL 900.00 110.00 20.00 1
CELL 700.00 110.00 30.00 1
CELL 900.00 110.00 30.00 1
CELL 700.00 110.00 40.00 1
CELL 900.00 110.00 40.00 1
CELL 700.00 110.00 50.00 1
CELL 900.00 110.00 50.00 1
CELL 700.00 110.00 60.00 1
CELL 900.00 110.00 60.00 1
CELL 700.00 110.00 70.00 1
CELL 900.00 110.00 70.00 1
CELL 700.00 110.00 80.00 1
CELL 900.00 110.00 80.00 1
CELL 700.00 110.00 90.00 1
CELL 900.00 110.00 90.00 1
CELL 700.00 110.00 100.00 1
CELL 900.00 110.00 100.00 1
CELL 700.00 110.00 110.00 1
CELL 900.00 110.00 110.00 1
CELL 700.00 110.00 120.00 1
CELL 900.00 110.00 120.00 1
CELL 700.00 110.00 130.00 1
CELL 900.00 110.00 130.00 1
CELL 700.00 110.00 140.00 1
CELL 900.00 110.00 140.00 1
CELL 700.00 110.00 150.00 1
CELL 900.00 110.00 150.00 1
CELL 700.00 110.00 160.00 1
CELL 900.00 110.00 160.00 1
CELL 700.00 110.00 170.00 1
CELL 900.00 110.00 170.00 1
CELL 700.00 110.00 180.00 1
CELL 900.00 110.00 180.00 1
CELL 700.00 110.00 190.00 1
CELL 900.00 110.00 190.00 1
CELL 700.00 110.00 200.00 1
CELL 900.00 110.00 200.00 1
CELL 700.00 110.00 210.00 1
CELL 900.00 110.00 210.00 1
CELL 700.00 110.00 220.00 1
CELL 900.00 110.00 220.00 1
CELL 700.00 110.00 230.00 1
CELL 900.00 110.00 230.00 1
CELL 700.00 110.00 240.00 1
CELL 900.00 110.00 240.00 1
CELL 700.00 110.00 250.00 1
CELL 900.00 110.00 250.00 1
CELL 700.00 110.00 260.00 1
CELL 900.00 110.00 260.00 1
CELL 700.00 110.00 270.00 1
CELL 900.00 110.00 270.00 1
CELL 700.00 110.00 280.00 1
CELL 900.00 110.00 280.00 1
CELL 700.00 110.00 290.00 1
CELL 900.00 110.00 290.00 1
CELL 700.00 120.00 10.00 1
CELL 900.00 120.00 10.00 1
CELL 700.00 120.00 20.00 1
CELL 900.00 120.00 20.00 1
CELL 700.00 120.00 30.00 1
CELL 900.00 120.00 30.00 1
CELL 700.00 120.00 40.00 1
CELL 900.00 120.00 40.00 1
CELL 700.00 120.00 50.00 1
CELL 900.00 120.00 50.00 1
CELL 700.00 120.00 60.00 1
CELL 900.00 120.00 60.00 1
CELL 700.00 120.00 70.00 1
CELL 900.00 120.00 70.00 1
CELL 700.00 120.00 80.00 1
CELL 900.00 120.00 80.00 1
CELL 700.00 120.00 90.00 1
CELL 900.00 120.00 90.00 1
CELL 700.00 120.00 100.00 1
CELL 900.00 120.00 100.00 1
CELL 700.00 120.00 110.00 1
CELL 900.00 120.00 110.00 1
CELL 700.00 120.00 120.00 1
CELL 900.00 120.00 120.00 1
CELL 700.00 120.00 130.00 1
CELL 900.00 120.00 130.00 1
CELL 700.00 120.00 140.00 1
CELL 900.00 120.00 140.00 1
CELL 700.00 120.00 150.00 1
CELL 900.00 120.00 150.00 1
CELL 700.00 120.00 160.00 1
CELL 900.00 120.00 160.00 1
CELL 700.00 120.00 170.00 1
CELL 900.00 120.00 170.00 1
CELL 700.00 120.00 180.00 1
CELL 900.00 120.00 180.00 1
CELL 700.00 120.00 190.00 1
CELL 900.00 120.00 190.00 1
CELL 700.00 120.00 200.00 1
CELL 900.00 120.00 200.00 1
CELL 700.00 120.00 210.00 1
CELL 900.00 120.00 210.00 1
CELL 700.00 120.00 220.00 1
CELL 900.00 120.00 220.00 1
CELL 700.00 120.00 230.00 1
CELL 900.00 120.00 230.00 1
CELL 700.00 120.00 240.00 1
CELL 900.00 120.00 240.00 1
CELL 700.00 120.00 250.00 1
CELL 900.00 120.00 250.00 1
CELL 700.00 120.00 260.00 1
CELL 900.00 120.00 260.00 1
CELL 700.00 120.00 270.00 1
CELL 900.00 120.00 270.00 1
CELL 700.00 120.00 280.00 1
CELL 900.00 120.00 280.00 1
CELL 700.00 120.00 290.00 1
CELL 900.00 120.00 290.00 1
CELL 700.00 130.00 10.00 1
CELL 900.00 130.00 10.00 1
CELL 700.00 130.00 20.00 1
CELL 900.00 130.00 20.00 1
CELL 700.00 130.00 30.00 1
CELL 900.00 130.00 30.00 1
CELL 700.00 130.00 40.00 1
CELL 900.00 130.00 40.00 1
CELL 700.00 130.00 50.00 1
CELL 900.00 130.00 50.00 1
CELL 700.00 130.00 60.00 1
CELL 900.00 130.00 60.00 1
CELL 700.00 130.00 70.00 1
CELL 900.00 130.00 70.00 1
CELL 700.00 130.00 80.00 1
CELL 900.00 130.00 80.00 1
CELL 700.00 130.00 90.00 1
CELL 900.00 130.00 90.00 1
CELL 700.00 130.00 100.00 1
CELL 900.00 130.00 100.00 1
CELL 700.00 130.00 110.00 1
CELL 900.00 130.00 110.00 1
CELL 700.00 130.00 120.00 1
CELL 900.00 130.00 120.00 1
CELL 700.00 130.00 130.00 1
CELL 900.00 130.00 130.00 1
CELL 700.00 130.00 140.00 1
CELL 900.00 130.00 140.00 1
CELL 700.00 130.00 150.00 1
CELL 900.00 130.00 150.00 1
CELL 700.00 130.00 160.00 1
CELL 900.00 130.00 160.00 1
CELL 700.00 130.00 170.00 1
CELL 900.00 130.00 170.00 1
CELL 700.00 130.00 180.00 1
CELL 900.00 130.00 180.00 1
CELL 700.00 130.00 190.00 1
CELL 900.00 130.00 190.00 1
CELL 700.00 130.00 200.00 1
CELL 900.00 130.00 200.00 1
CELL 700.00 130.00 210.00 1
CELL 900.00 130.00 210.00 1
CELL 700.00 130.00 220.00 1
CELL 900.00 130.00 220.00 1
CELL 700.00 130.00 230.00 1
CELL 900.00 130.00 230.00 1
CELL 700.00 130.00 240.00 1
CELL 900.00 130.00 240.00 1
CELL 700.00 130.00 250.00 1
CELL 900.00 130.00 250.00 1
CELL 700.00 130.00 260.00 1
CELL 900.00 130.00 260.00 1
CELL 700.00 130.00 270.00 1
CELL 900.00 130.00 270.00 1
CELL 700.00 130.00 280.00 1
CELL 900.00 130.00 280.00 1
CELL 700.00 130.00 290.00 1
CELL 900.00 130.00 290.00 1
CELL 700.00 140.00 10.00 1
CELL 900.00 140.00 10.00 1
CELL 700.00 140.00 20.00 1
CELL 900.00 140.00 20.00 1
CELL 700.00 140.00 30.00 1
CELL 900.00 140.00 30.00 1
CELL 700.00 140.00 40.00 1
CELL 900.00 140.00 40.00 1
CELL 700.00 140.00 50.00 1
CELL 900.00 140.00 50.00 1
CELL 700.00 140.00 60.00 1
CELL 900.00 140.00 60.00 1
CELL 700.00 140.00 70.00 1
CELL 900.00 140.00 70.00 1
CELL 700.00 140.00 80.00 1
CELL 900.00 140.00 80.00 1
CELL 700.00 140.00 90.00 1
CELL 900.00 140.00 90.00 1
CELL 700.00 140.00 100.00 1
CELL 900.00 140.00 100.00 1
CELL 700.00 140.00 110.00 1
CELL 900.00 140.00 110.00 1
CELL 700.00 140.00 120.00 1
CELL 900.00 140.00 120.00 1
CELL 700.00 140.00 130.00 1
CELL 900.00 140.00 130.00 1
CELL 700.00 140.00 140.00 1
CELL 900.00 140.00 140.00 1
CELL 700.00 140.00 150.00 1
CELL 900.00 140.00 150.00 1
CELL 700.00 140.00 160.00 1
CELL 900.00 140.00 160.00 1
CELL 700.00 140.00 170.00 1
CELL 900.00 140.00 170.00 1
CELL 700.00 140.00 180.00 1
CELL 900.00 140.00 180.00 1
CELL 700.00 140.00 190.00 1
CELL 900.00 140.00 190.00 1
CELL 700.00 140.00 200.00 1
CELL 900.00 140.00 200.00 1
CELL 700.00 140.00 210.00 1
CELL 900.00 140.00 210.00 1
CELL 700.00 140.00 220.00 1
CELL 900.00 140.00 220.00 1
CELL 700.00 140.00 230.00 1
CELL 900.00 140.00 230.00 1
CELL 700.00 140.00 240.00 1
CELL 900.00 140.00 240.00 1
CELL 700.00 140.00 250.00 1
CELL 900.00 140.00 250.00 1
CELL 700.00 140.00 260.00 1
CELL 900.00 140.00 260.00 1
CELL 700.00 140.00 270.00 1
CELL 900.00 140.00 270.00 1
CELL 700.00 140.00 280.00 1
CELL 900.00 140.00 280.00 1
CELL 700.00 140.00 290.00 1
CELL 900.00 140.00 290.00 1
CELL 700.00 150.00 10.00 1
CELL 900.00 150.00 10.00 1
CELL 700.00 150.00 20.00 1
CELL 900.00 150.00 20.00 1
CELL 700.00 150.00 30.00 1
CELL 900.00 150.00 30.00 1
CELL 700.00 150.00 40.00 1
CELL 900.00 150.00 40.00 1
CELL 700.00 150.00 50.00 1
CELL 900.00 150.00 50.00 1
CELL 700.00 150.00 60.00 1
CELL 900.00 150.00 60.00 1
CELL 700.00 150.00 70.00 1
CELL 900.00 150.00 70.00 1
CELL 700.00 150.00 80.00 1
CELL 900.00 150.00 80.00 1
CELL 700.00 150.00 90.00 1
CELL 900.00 150.00 90.00 1
CELL 700.00 150.00 100.00 1
CELL 900.00 150.00 100.00 1
CELL 700.00 150.00 110.00 1
CELL 900.00 150.00 110.00 1
CELL 700.00 150.00 120.00 1
CELL 900.00 150.00 120.00 1
CELL 700.00 150.00 130.00 1
CELL 900.00 150.00 130.00 1
CELL 700.00 150.00 140.00 1
CELL 900.00 150.00 140.00 1
CELL 700.00 150.00 150.00 1
CELL 900.00 150.00 150.00 1
CELL 700.00 150.00 160.00 1
CELL 900.00 150.00 160.00 1
CELL 700.00 150.00 170.00 1
CELL 900.00 150.00 170.00 1
CELL 700.00 150.00 180.00 1
CELL 900.00 150.00 180.00 1
CELL 700.00 150.00 190.00 1
CELL 900.00 150.00 190.00 1
CELL 700.00 150.00 200.00 1
CELL 900.00 150.00 200.00 1
CELL 700.00 150.00 210.00 1
CELL 900.00 150.00 210.00 1
CELL 700.00 150.00 220.00 1
CELL 900.00 150.00 220.00 1
CELL 700.00 150.00 230.00 1
CELL 900.00 150.00 230.00 1
CELL 700.00 150.00 240.00 1
CELL 900.00 150.00 240.00 1
CELL 700.00 150.00 250.00 1
CELL 900.00 150.00 250.00 1
CELL 700.00 150.00 260.00 1
CELL 900.00 150.00 260.00 1
CELL 700.00 150.00 270.00 1
CELL 900.00 150.00 270.00 1
CELL 700.00 150.00 280.00 1
CELL 900.00 150.00 280.00 1
CELL 700.00 150.00 290.00 1
CELL 900.00 150.00 290.00 1
CELL 700.00 160.00 10.00 1
CELL 900.00 160.00 10.00 1
CELL 700.00 160.00 20.00 1
CELL 900.00 160.00 20.00 1
CELL 700.00 160.00 30.00 1
CELL 900.00 160.00 30.00 1
CELL 700.00 160.00 40.00 1
CELL 900.00 160.00 40.00 1
CELL 700.00 160.00 50.00 1
CELL 900.00 160.00 50.00 1
CELL 700.00 160.00 60.00 1
CELL 900.00 160.00 60.00 1
CELL 700.00 160.00 70.00 1
CELL 900.00 160.00 70.00 1
CELL 700.00 160.00 80.00 1
CELL 900.00 160.00 80.00 1
CELL 700.00 160.00 90.00 1
CELL 900.00 160.00 90.00 1
CELL 700.00 160.00 100.00 1
CELL 900.00 160.00 100.00 1
CELL 700.00 160.00 110.00 1
CELL 900.00 160.00 110.00 1
CELL 700.00 160.00 120.00 1
CELL 900.00 160.00 120.00 1
CELL 700.00 160.00 130.00 1
CELL 900.00 160.00 130.00 1
CELL 700.00 160.00 140.00 1
CELL 900.00 160.00 140.00 1
CELL 700.00 160.00 150.00 1
CELL 900.00 160.00 150.00 1
CELL 700.00 160.00 160.00 1
CELL 900.00 160.00 160.00 1
CELL 700.00 160.00 170.00 1
CELL 900.00 160.00 170.00 1
CELL 700.00 160.00 180.00 1
CELL 900.00 160.00 180.00 1
CELL 700.00 160.00 190.00 1
CELL 900.00 160.00 190.00 1
CELL 700.00 160.00 200.00 1
CELL 900.00 160.00 200.00 1
CELL 700.00 160.00 210.00 1
CELL 900.00 160.00 210.00 1
CELL 700.00 160.00 220.00 1
CELL 900.00 160.00 220.00 1
CELL 700.00 160.00 230.00 1
CELL 900.00 160.00 230.00 1
CELL 700.00 160.00 240.00 1
CELL 900.00 160.00 240.00 1
CELL 700.00 160.00 250.00 1
CELL 900.00 160.00 250.00 1
CELL 700.00 160.00 260.00 1
CELL 900.00 160.00 260.00 1
CELL 700.00 160.00 270.00 1
CELL 900.00 160.00 270.00 1
CELL 700.00 160.00 280.00 1
CELL 900.00 160.00 280.00 1
CELL 700.00 160.00 290.00 1
CELL 900.00 160.00 290.00 1
CELL 700.00 170.00 10.00 1
CELL 900.00 170.00 10.00 1
CELL 700.00 170.00 20.00 1
CELL 900.00 170.00 20.00 1
CELL 700.00 170.00 30.00 1
CELL 900.00 170.00 30.00 1
CELL 700.00 170.00 40.00 1
CELL 900.00 170.00 40.00 1
CELL 700.00 170.00 50.00 1
CELL 900.00 170.00 50.00 1
CELL 700.00 170.00 60.00 1
CELL 900.00 170.00 60.00 1
CELL 700.00 170.00 70.00 1
CELL 900.00 170.00 70.00 1
CELL 700.00 170.00 80.00 1
CELL 900.00 170.00 80.00 1
CELL 700.00 170.00 90.00 1
CELL 900.00 170.00 90.00 1
CELL 700.00 170.00 100.00 1
CELL 900.00 170.00 100.00 1
CELL 700.00 170.00 110.00 1
CELL 900.00 170.00 110.00 1
CELL 700.00 170.00 120.00 1
CELL 900.00 170.00 120.00 1
CELL 700.00 170.00 130.00 1
CELL 900.00 170.00 130.00 1
CELL 700.00 170.00 140.00 1
CELL 900.00 170.00 140.00 1
CELL 700.00 170.00 150.00 1
CELL 900.00 170.00 150.00 1
CELL 700.00 170.00 160.00 1
CELL 900.00 170.00 160.00 1
CELL 700.00 170.00 170.00 1
CELL 900.00 170.00 170.00 1
CELL 700.00 170.00 180.00 1
CELL 900.00 170.00 180.00 1
CELL 700.00 170.00 190.00 1
CELL 900.00 170.00 190.00 1
CELL 700.00 170.00 200.00 1
CELL 900.00 170.00 200.00 1
CELL 700.00 170.00 210.00 1
CELL 900.00 170.00 210.00 1
CELL 700.00 170.00 220.00 1
CELL 900.00 170.00 220.00 1
CELL 700.00 170.00 230.00 1
CELL 900.00 170.00 230.00 1
CELL 700.00 170.00 240.00 1
CELL 900.00 170.00 240.00 1
CELL 700.00 170.00 250.00 1
CELL 900.00 170.00 250.00 1
CELL 700.00 170.00 260.00 1
CELL 900.00 170.00 260.00 1
CELL 700.00 170.00 270.00 1
CELL 900.00 170.00 270.00 1
CELL 700.00 170.00 280.00 1
CELL 900.00 170.00 280.00 1
CELL 700.00 170.00 290.00 1
CELL 900.00 170.00 290.00 1
CELL 700.00 180.00 10.00 1
CELL 900.00 180.00 10.00 1
CELL 700.00 180.00 20.00 1
CELL 900.00 180.00 20.00 1
CELL 700.00 180.00 30.00 1
CELL 900.00 180.00 30.00 1
CELL 700.00 180.00 40.00 1
CELL 900.00 180.00 40.00 1
CELL 700.00 180.00 50.00 1
CELL 900.00 180.00 50.00 1
CELL 700.00 180.00 60.00 1
CELL 900.00 180.00 60.00 1
CELL 700.00 180.00 70.00 1
CELL 900.00 180.00 70.00 1
CELL 700.00 180.00 80.00 1
CELL 900.00 180.00 80.00 1
CELL 700.00 180.00 90.00 1
CELL 900.00 180.00 90.00 1
CELL 700.00 180.00 100.00 1
CELL 900.00 180.00 100.00 1
CELL 700.00 180.00 110.00 1
CELL 900.00 180.00 110.00 1
CELL 700.00 180.00 120.00 1
CELL 900.00 180.00 120.00 1
CELL 700.00 180.00 130.00 1
CELL 900.00 180.00 130.00 1
CELL 700.00 180.00 140.00 1
CELL 900.00 180.00 140.00 1
CELL 700.00 180.00 150.00 1
CELL 900.00 180.00 150.00 1
CELL 700.00 180.00 160.00 1
CELL 900.00 180.00 160.00 1
CELL 700.00 180.00 170.00 1
CELL 900.00 180.00 170.00 1
CELL 700.00 180.00 180.00 1
CELL 900.00 180.00 180.00 1
CELL 700.00 180.00 190.00 1
CELL 900.00 180.00 190.00 1
CELL 700.00 180.00 200.00 1
CELL 900.00 180.00 200.00 1
CELL 700.00 180.00 210.00 1
CELL 900.00 180.00 210.00 1
CELL 700.00 180.00 220.00 1
CELL 900.00 180.00 220.00 1
CELL 700.00 180.00 230.00 1
CELL 900.00 180.00 230.00 1
CELL 700.00 180.00 240.00 1
CELL 900.00 180.00 240.00 1
CELL 700.00 180.00 250.00 1
CELL 900.00 180.00 250.00 1
CELL 700.00 180.00 260.00 1
CELL 900.00 180.00 260.00 1
CELL 700.00 180.00 270.00 1
CELL 900.00 180.00 270.00 1
CELL 700.00 180.00 280.00 1
CELL 900.00 180.00 280.00 1
CELL 700.00 180.00 290.00 1
CELL 900.00 180.00 290.00 1
CELL 700.00 190.00 10.00 1
CELL 900.00 190.00 10.00 1
CELL 700.00 190.00 20.00 1
CELL 900.00 190.00 20.00 1
CELL 700.00 190.00 30.00 1
CELL 900.00 190.00 30.00 1
CELL 700.00 190.00 40.00 1
CELL 900.00 190.00 40.00 1
CELL 700.00 190.00 50.00 1
CELL 900.00 190.00 50.00 1
CELL 700.00 190.00 60.00 1
CELL 900.00 190.00 60.00 1
CELL 700.00 190.00 70.00 1
CELL 900.00 190.00 70.00 1
CELL 700.00 190.00 80.00 1
CELL 900.00 190.00 80.00 1
CELL 700.00 190.00 90.00 1
CELL 900.00 190.00 90.00 1
CELL 700.00 190.00 100.00 1
CELL 900.00 190.00 100.00 1
CELL 700.00 190.00 110.00 1
CELL 900.00 190.00 110.00 1
CELL 700.00 190.00 120.00 1
CELL 900.00 190.00 120.00 1
CELL 700.00 190.00 130.00 1
CELL 900.00 190.00 130.00 1
CELL 700.00 190.00 140.00 1
CELL 900.00 190.00 140.00 1
CELL 700.00 190.00 150.00 1
CELL 900.00 190.00 150.00 1
CELL 700.00 190.00 160.00 1
CELL 900.00 190.00 160.00 1
CELL 700.00 190.00 170.00 1
CELL 900.00 190.00 170.00 1
CELL 700.00 190.00 180.00 1
CELL 900.00 190.00 180.00 1
CELL 700.00 190.00 190.00 1
CELL 900.00 190.00 190.00 1
CELL 700.00 190.00 200.00 1
CELL 900.00 190.00 200.00 1
CELL 700.00 190.00 210.00 1
CELL 900.00 190.00 210.00 1
CELL 700.00 190.00 220.00 1
CELL 900.00 190.00 220.00 1
CELL 700.00 190.00 230.00 1
CELL 900.00 190.00 230.00 1
CELL 700.00 190.00 240.00 1
CELL 900.00 190.00 240.00 1
CELL 700.00 190.00 250.00 1
CELL 900.00 190.00 250.00 1
CELL 700.00 190.00 260.00 1
CELL 900.00 190.00 260.00 1
CELL 700.00 190.00 270.00 1
CELL 900.00 190.00 270.00 1
CELL 700.00 190.00 280.00 1
CELL 900.00 190.00 280.00 1
CELL 700.00 190.00 290.00 1
CELL 900.00 190.00 290.00 1
CELL 700.00 200.00 10.00 1
CELL 900.00 200.00 10.00 1
CELL 700.00 200.00 20.00 1
CELL 900.00 200.00 20.00 1
CELL 700.00 200.00 30.00 1
CELL 900.00 200.00 30.00 1
CELL 700.00 200.00 40.00 1
CELL 900.00 200.00 40.00 1
CELL 700.00 200.00 50.00 1
CELL 900.00 200.00 50.00 1
CELL 700.00 200.00 60.00 1
CELL 900.00 200.00 60.00 1
CELL 700.00 200.00 70.00 1
CELL 900.00 200.00 70.00 1
CELL 700.00 200.00 80.00 1
CELL 900.00 200.00 80.00 1
CELL 700.00 200.00 90.00 1
CELL 900.00 200.00 90.00 1
CELL 700.00 200.00 100.00 1
CELL 900.00 200.00 100.00 1
CELL 700.00 200.00 110.00 1
CELL 900.00 200.00 110.00 1
CELL 700.00 200.00 120.00 1
CELL 900.00 200.00 120.00 1
CELL 700.00 200.00 130.00 1
CELL 900.00 200.00 130.00 1
CELL 700.00 200.00 140.00 1
CELL 900.00 200.00 140.00 1
CELL 700.00 200.00 150.00 1
CELL 900.00 200.00 150.00 1
CELL 700.00 200.00 160.00 1
CELL 900.00 200.00 160.00 1
CELL 700.00 200.00 170.00 1
CELL 900.00 200.00 170.00 1
CELL 700.00 200.00 180.00 1
CELL 900.00 200.00 180.00 1
CELL 700.00 200.00 190.00 1
CELL 900.00 200.00 190.00 1
CELL 700.00 200.00 200.00 1
CELL 900.00 200.00 200.00 1
CELL 700.00 200.00 210.00 1
CELL 900.00 200.00 210.00 1
CELL 700.00 200.00 220.00 1
CELL 900.00 200.00 220.00 1
CELL 700.00 200.00 230.00 1
CELL 900.00 200.00 230.00 1
CELL 700.00 200.00 240.00 1
CELL 900.00 200.00 240.00 1
CELL 700.00 200.00 250.00 1
CELL 900.00 200.00 250.00 1
CELL 700.00 200.00 260.00 1
CELL 900.00 200.00 260.00 1
CELL 700.00 200.00 270.00 1
CELL 900.00 200.00 270.00 1
CELL 700.00 200.00 280.00 1
CELL 900.00 200.00 280.00 1
CELL 700.00 200.00 290.00 1
CELL 900.00 200.00 290.00 1
CELL 700.00 210.00 10.00 1
CELL 900.00 210.00 10.00 1
CELL 700.00 210.00 20.00 1
CELL 900.00 210.00 20.00 1
CELL 700.00 210.00 30.00 1
CELL 900.00 210.00 30.00 1
CELL 700.00 210.00 40.00 1
CELL 900.00 210.00 40.00 1
CELL 700.00 210.00 50.00 1
CELL 900.00 210.00 50.00 1
CELL 700.00 210.00 60.00 1
CELL 900.00 210.00 60.00 1
CELL 700.00 210.00 70.00 1
CELL 900.00 210.00 70.00 1
CELL 700.00 210.00 80.00 1
CELL 900.00 210.00 80.00 1
CELL 700.00 210.00 90.00 1
CELL 900.00 210.00 90.00 1
CELL 700.00 210.00 100.00 1
CELL 900.00 210.00 100.00 1
CELL 700.00 210.00 110.00 1
CELL 900.00 210.00 110.00 1
CELL 700.00 210.00 120.00 1
CELL 900.00 210.00 120.00 1
CELL 700.00 210.00 130.00 1
CELL 900.00 210.00 130.00 1
CELL 700.00 210.00 140.00 1
CELL 900.00 210.00 140.00 1
CELL 700.00 210.00 150.00 1
CELL 900.00 210.00 150.00 1
CELL 700.00 210.00 160.00 1
CELL 900.00 210.00 160.00 1
CELL 700.00 210.00 170.00 1
CELL 900.00 210.00 170.00 1
CELL 700.00 210.00 180.00 1
CELL 900.00 210.00 180.00 1
CELL 700.00 210.00 190.00 1
CELL 900.00 210.00 190.00 1
CELL 700.00 210.00 200.00 1
CELL 900.00 210.00 200.00 1
CELL 700.00 210.00 210.00 1
CELL 900.00 210.00 210.00 1
CELL 700.00 210.00 220.00 1
CELL 900.00 210.00 220.00 1
CELL 700.00 210.00 230.00 1
CELL 900.00 210.00 230.00 1
CELL 700.00 210.00 240.00 1
CELL 900.00 210.00 240.00 1
CELL 700.00 210.00 250.00 1
CELL 900.00 210.00 250.00 1
CELL 700.00 210.00 260.00 1
CELL 900.00 210.00 260.00 1
CELL 700.00 210.00 270.00 1
CELL 900.00 210.00 270.00 1
CELL 700.00 210.00 280.00 1
CELL 900.00 210.00 280.00 1
CELL 700.00 210.00 290.00 1
CELL 900.00 210.00 290.00 1
CELL 700.00 220.00 10.00 1
CELL 900.00 220.00 10.00 1
CELL 700.00 220.00 20.00 1
CELL 900.00 220.00 20.00 1
CELL 700.00 220.00 30.00 1
CELL 900.00 220.00 30.00 1
CELL 700.00 220.00 40.00 1
CELL 900.00 220.00 40.00 1
CELL 700.00 220.00 50.00 1
CELL 900.00 220.00 50.00 1
CELL 700.00 220.00 60.00 1
CELL 900.00 220.00 60.00 1
CELL 700.00 220.00 70.00 1
CELL 900.00 220.00 70.00 1
CELL 700.00 220.00 80.00 1
CELL 900.00 220.00 80.00 1
CELL 700.00 220.00 90.00 1
CELL 900.00 220.00 90.00 1
CELL 700.00 220.00 100.00 1
CELL 900.00 220.00 100.00 1
CELL 700.00 220.00 110.00 1
CELL 900.00 220.00 110.00 1
CELL 700.00 220.00 120.00 1
CELL 900.00 220.00 120.00 1
CELL 700.00 220.00 130.00 1
CELL 900.00 220.00 130.00 1
CELL 700.00 220.00 140.00 1
CELL 900.00 220.00 140.00 1
CELL 700.00 220.00 150.00 1
CELL 900.00 220.00 150.00 1
CELL 700.00 220.00 160.00 1
CELL 900.00 220.00 160.00 1
CELL 700.00 220.00 170.00 1
CELL 900.00 220.00 170.00 1
CELL 700.00 220.00 180.00 1
CELL 900.00 220.00 180.00 1
CELL 700.00 220.00 190.00 1
CELL 900.00 220.00 190.00 1
CELL 700.00 220.00 200.00 1
CELL 900.00 220.00 200.00 1
CELL 700.00 220.00 210.00 1
CELL 900.00 220.00 210.00 1
CELL 700.00 220.00 220.00 1
CELL 900.00 220.00 220.00 1
CELL 700.00 220.00 230.00 1
CELL 900.00 220.00 230.00 1
CELL 700.00 220.00 240.00 1
CELL 900.00 220.00 240.00 1
CELL 700.00 220.00 250.00 1
CELL 900.00 220.00 250.00 1
CELL 700.00 220.00 260.00 1
CELL 900.00 220.00 260.00 1
CELL 700.00 220.00 270.00 1
CELL 900.00 220.00 270.00 1
CELL 700.00 220.00 280.00 1
CELL 900.00 220.00 280.00 1
CELL 700.00 220.00 290.00 1
CELL 900.00 220.00 290.00 1
CELL 700.00 230.00 10.00 1
CELL 900.00 230.00 10.00 1
CELL 700.00 230.00 20.00 1
CELL 900.00 230.00 20.00 1
CELL 700.00 230.00 30.00 1
CELL 900.00 230.00 30.00 1
CELL 700.00 230.00 40.00 1
CELL 900.00 230.00 40.00 1
CELL 700.00 230.00 50.00 1
CELL 900.00 230.00 50.00 1
CELL 700.00 230.00 60.00 1
CELL 900.00 230.00 60.00 1
CELL 700.00 230.00 70.00 1
CELL 900.00 230.00 70.00 1
CELL 700.00 230.00 80.00 1
CELL 900.00 230.00 80.00 1
CELL 700.00 230.00 90.00 1
CELL 900.00 230.00 90.00 1
CELL 700.00 230.00 100.00 1
CELL 900.00 230.00 100.00 1
CELL 700.00 230.00 110.00 1
CELL 900.00 230.00 110.00 1
CELL 700.00 230.00 120.00 1
CELL 900.00 230.00 120.00 1
CELL 700.00 230.00 130.00 1
CELL 900.00 230.00 130.00 1
CELL 700.00 230.00 140.00 1
CELL 900.00 230.00 140.00 1
CELL 700.00 230.00 150.00 1
CELL 900.00 230.00 150.00 1
CELL 700.00 230.00 160.00 1
CELL 900.00 230.00 160.00 1
CELL 700.00 230.00 170.00 1
CELL 900.00 230.00 170.00 1
CELL 700.00 230.00 180.00 1
CELL 900.00 230.00 180.00 1
CELL 700.00 230.00 190.00 1
CELL 900.00 230.00 190.00 1
CELL 700.00 230.00 200.00 1
CELL 900.00 230.00 200.00 1
CELL 700.00 230.00 210.00 1
CELL 900.00 230.00 210.00 1
CELL 700.00 230.00 220.00 1
CELL 900.00 230.00 220.00 1
CELL 700.00 230.00 230.00 1
CELL 900.00 230.00 230.00 1
CELL 700.00 230.00 240.00 1
CELL 900.00 230.00 240.00 1
CELL 700.00 230.00 250.00 1
CELL 900.00 230.00 250.00 1
CELL 700.00 230.00 260.00 1
CELL 900.00 230.00 260.00 1
CELL 700.00 230.00 270.00 1
CELL 900.00 230.00 270.00 1
CELL 700.00 230.00 280.00 1
CELL 900.00 230.00 280.00 1
CELL 700.00 230.00 290.00 1
CELL 900.00 230.00 290.00 1
CELL 700.00 240.00 10.00 1
CELL 900.00 240.00 10.00 1
CELL 700.00 240.00 20.00 1
CELL 900.00 240.00 20.00 1
CELL 700.00 240.00 30.00 1
CELL 900.00 240.00 30.00 1
CELL 700.00 240.00 40.00 1
CELL 900.00 240.00 40.00 1
CELL 700.00 240.00 50.00 1
CELL 900.00 240.00 50.00 1
CELL 700.00 240.00 60.00 1
CELL 900.00 240.00 60.00 1
CELL 700.00 240.00 70.00 1
CELL 900.00 240.00 70.00 1
CELL 700.00 240.00 80.00 1
CELL 900.00 240.00 80.00 1
CELL 700.00 240.00 90.00 1
CELL 900.00 240.00 90.00 1
CELL 700.00 240.00 100.00 1
CELL 900.00 240.00 100.00 1
CELL 700.00 240.00 110.00 1
CELL 900.00 240.00 110.00 1
CELL 700.00 240.00 120.00 1
CELL 900.00 240.00 120.00 1
CELL 700.00 240.00 130.00 1
CELL 900.00 240.00 130.00 1
CELL 700.00 240.00 140.00 1
CELL 900.00 240.00 140.00 1
CELL 700.00 240.00 150.00 1
CELL 900.00 240.00 150.00 1
CELL 700.00 240.00 160.00 1
CELL 900.00 240.00 160.00 1
CELL 700.00 240.00 170.00 1
CELL 900.00 240.00 170.00 1
CELL 700.00 240.00 180.00 1
CELL 900.00 240.00 180.00 1
CELL 700.00 240.00 190.00 1
CELL 900.00 240.00 190.00 1
CELL 700.00 240.00 200.00 1
CELL 900.00 240.00 200.00 1
CELL 700.00 240.00 210.00 1
CELL 900.00 240.00 210.00 1
CELL 700.00 240.00 220.00 1
CELL 900.00 240.00 220.00 1
CELL 700.00 240.00 230.00 1
CELL 900.00 240.00 230.00 1
CELL 700.00 240.00 240.00 1
CELL 900.00 240.00 240.00 1
CELL 700.00 240.00 250.00 1
CELL 900.00 240.00 250.00 1
CELL 700.00 240.00 260.00 1
CELL 900.00 240.00 260.00 1
CELL 700.00 240.00 270.00 1
CELL 900.00 240.00 270.00 1
CELL 700.00 240.00 280.00 1
CELL 900.00 240.00 280.00 1
CELL 700.00 240.00 290.00 1
CELL 900.00 240.00 290.00 1
CELL 700.00 250.00 10.00 1
CELL 900.00 250.00 10.00 1
CELL 700.00 250.00 20.00 1
CELL 900.00 250.00 20.00 1
CELL 700.00 250.00 30.00 1
CELL 900.00 250.00 30.00 1
CELL 700.00 250.00 40.00 1
CELL 900.00 250.00 40.00 1
CELL 700.00 250.00 50.00 1
CELL 900.00 250.00 50.00 1
CELL 700.00 250.00 60.00 1
CELL 900.00 250.00 60.00 1
CELL 700.00 250.00 70.00 1
CELL 900.00 250.00 70.00 1
CELL 700.00 250.00 80.00 1
CELL 900.00 250.00 80.00 1
CELL 700.00 250.00 90.00 1
CELL 900.00 250.00 90.00 1
CELL 700.00 250.00 100.00 1
CELL 900.00 250.00 100.00 1
CELL 700.00 250.00 110.00 1
CELL 900.00 250.00 110.00 1
CELL 700.00 250.00 120.00 1
CELL 900.00 250.00 120.00 1
CELL 700.00 250.00 130.00 1
CELL 900.00 250.00 130.00 1
CELL 700.00 250.00 140.00 1
CELL 900.00 250.00 140.00 1
CELL 700.00 250.00 150.00 1
CELL 900.00 250.00 150.00 1
CELL 700.00 250.00 160.00 1
CELL 900.00 250.00 160.00 1
CELL 700.00 250.00 170.00 1
CELL 900.00 250.00 170.00 1
CELL 700.00 250.00 180.00 1
CELL 900.00 250.00 180.00 1
CELL 700.00 250.00 190.00 1
CELL 900.00 250.00 190.00 1
CELL 700.00 250.00 200.00 1
CELL 900.00 250.00 200.00 1
CELL 700.00 250.00 210.00 1
CELL 900.00 250.00 210.00 1
CELL 700.00 250.00 220.00 1
CELL 900.00 250.00 220.00 1
CELL 700.00 250.00 230.00 1
CELL 900.00 250.00 230.00 1
CELL 700.00 250.00 240.00 1
CELL 900.00 250.00 240.00 1
CELL 700.00 250.00 250.00 1
CELL 900.00 250.00 250.00 1
CELL 700.00 250.00 260.00 1
CELL 900.00 250.00 260.00 1
CELL 700.00 250.00 270.00 1
CELL 900.00 250.00 270.00 1
CELL 700.00 250.00 280.00 1
CELL 900.00 250.00 280.00 1
CELL 700.00 250.00 290.00 1
CELL 900.00 250.00 290.00 1
CELL 700.00 260.00 10.00 1
CELL 900.00 260.00 10.00 1
CELL 700.00 260.00 20.00 1
CELL 900.00 260.00 20.00 1
CELL 700.00 260.00 30.00 1
CELL 900.00 260.00 30.00 1
CELL 700.00 260.00 40.00 1
CELL 900.00 260.00 40.00 1
CELL 700.00 260.00 50.00 1
CELL 900.00 260.00 50.00 1
CELL 700.00 260.00 60.00 1
CELL 900.00 260.00 60.00 1
CELL 700.00 260.00 70.00 1
CELL 900.00 260.00 70.00 1
CELL 700.00 260.00 80.00 1
CELL 900.00 260.00 80.00 1
CELL 700.00 260.00 90.00 1
CELL 900.00 260.00 90.00 1
CELL 700.00 260.00 100.00 1
CELL 900.00 260.00 100.00 1
CELL 700.00 260.00 110.00 1
CELL 900.00 260.00 110.00 1
CELL 700.00 260.00 120.00 1
CELL 900.00 260.00 120.00 1
CELL 700.00 260.00 130.00 1
CELL 900.00 260.00 130.00 1
CELL 700.00 260.00 140.00 1
CELL 900.00 260.00 140.00 1
CELL 700.00 260.00 150.00 1
CELL 900.00 260.00 150.00 1
CELL 700.00 260.00 160.00 1
CELL 900.00 260.00 160.00 1
CELL 700.00 260.00 170.00 1
CELL 900.00 260.00 170.00 1
CELL 700.00 260.00 180.00 1
CELL 900.00 260.00 180.00 1
CELL 700.00 260.00 190.00 1
CELL 900.00 260.00 190.00 1
CELL 700.00 260.00 200.00 1
CELL 900.00 260.00 200.00 1
CELL 700.00 260.00 210.00 1
CELL 900.00 260.00 210.00 1
CELL 700.00 260.00 220.00 1
CELL 900.00 260.00 220.00 1
CELL 700.00 260.00 230.00 1
CELL 900.00 260.00 230.00 1
CELL 700.00 260.00 240.00 1
CELL 900.00 260.00 240.00 1
CELL 700.00 260.00 250.00 1
CELL 900.00 260.00 250.00 1
CELL 700.00 260.00 260.00 1
CELL 900.00 260.00 260.00 1
CELL 700.00 260.00 270.00 1
CELL 900.00 260.00 270.00 1
CELL 700.00 260.00 280.00 1
CELL 900.00 260.00 280.00 1
CELL 700.00 260.00 290.00 1
CELL 900.00 260.00 290.00 1
CELL 700.00 270.00 10.00 1
CELL 900.00 270.00 10.00 1
CELL 700.00 270.00 20.00 1
CELL 900.00 270.00 20.00 1
CELL 700.00 270.00 30.00 1
CELL 900.00 270.00 30.00 1
CELL 700.00 270.00 40.00 1
CELL 900.00 270.00 40.00 1
CELL 700.00 270.00 50.00 1
CELL 900.00 270.00 50.00 1
CELL 700.00 270.00 60.00 1
CELL 900.00 270.00 60.00 1
CELL 700.00 270.00 70.00 1
CELL 900.00 270.00 70.00 1
CELL 700.00 270.00 80.00 1
CELL 900.00 270.00 80.00 1
CELL 700.00 270.00 90.00 1
CELL 900.00 270.00 90.00 1
CELL 700.00 270.00 100.00 1
CELL 900.00 270.00 100.00 1
CELL 700.00 270.00 110.00 1
CELL 900.00 270.00 110.00 1
CELL 700.00 270.00 120.00 1
CELL 900.00 270.00 120.00 1
CELL 700.00 270.00 130.00 1
CELL 900.00 270.00 130.00 1
CELL 700.00 270.00 140.00 1
CELL 900.00 270.00 140.00 1
CELL 700.00 270.00 150.00 1
CELL 900.00 270.00 150.00 1
CELL 700.00 270.00 160.00 1
CELL 900.00 270.00 160.00 1
CELL 700.00 270.00 170.00 1
CELL 900.00 270.00 170.00 1
CELL 700.00 270.00 180.00 1
CELL 900.00 270.00 180.00 1
CELL 700.00 270.00 190.00 1
CELL 900.00 270.00 190.00 1
CELL 700.00 270.00 200.00 1
CELL 900.00 270.00 200.00 1
CELL 700.00 270.00 210.00 1
CELL 900.00 270.00 210.00 1
CELL 700.00 270.00 220.00 1
CELL 900.00 270.00 220.00 1
CELL 700.00 270.00 230.00 1
CELL 900.00 270.00 230.00 1
CELL 700.00 270.00 240.00 1
CELL 900.00 270.00 240.00 1
CELL 700.00 270.00 250.00 1
CELL 900.00 270.00 250.00 1
CELL 700.00 270.00 260.00 1
CELL 900.00 270.00 260.00 1
CELL 700.00 270.00 270.00 1
CELL 900.00 270.00 270.00 1
CELL 700.00 270.00 280.00 1
CELL 900.00 270.00 280.00 1
CELL 700.00 270.00 290.00 1
CELL 900.00 270.00 290.00 1
CELL 700.00 280.00 10.00 1
CELL 900.00 280.00 10.00 1
CELL 700.00 280.00 20.00 1
CELL 900.00 280.00 20.00 1
CELL 700.00 280.00 30.00 1
CELL 900.00 280.00 30.00 1
CELL 700.00 280.00 40.00 1
CELL 900.00 280.00 40.00 1
CELL 700.00 280.00 50.00 1
CELL 900.00 280.00 50.00 1
CELL 700.00 280.00 60.00 1
CELL 900.00 280.00 60.00 1
CELL 700.00 280.00 70.00 1
CELL 900.00 280.00 70.00 1
CELL 700.00 280.00 80.00 1
CELL 900.00 280.00 80.00 1
CELL 700.00 280.00 90.00 1
CELL 900.00 280.00 90.00 1
CELL 700.00 280.00 100.00 1
CELL 900.00 280.00 100.00 1
CELL 700.00 280.00 110.00 1
CELL 900.00 280.00 110.00 1
CELL 700.00 280.00 120.00 1
CELL 900.00 280.00 120.00 1
CELL 700.00 280.00 130.00 1
CELL 900.00 280.00 130.00 1
CELL 700.00 280.00 140.00 1
CELL 900.00 280.00 140.00 1
CELL 700.00 280.00 150.00 1
CELL 900.00 280.00 150.00 1
CELL 700.00 280.00 160.00 1
CELL 900.00 280.00 160.00 1
CELL 700.00 280.00 170.00 1
CELL 900.00 280.00 170.00 1
CELL 700.00 280.00 180.00 1
CELL 900.00 280.00 180.00 1
CELL 700.00 280.00 190.00 1
CELL 900.00 280.00 190.00 1
CELL 700.00 280.00 200.00 1
CELL 900.00 280.00 200.00 1
CELL 700.00 280.00 210.00 1
CELL 900.00 280.00 210.00 1
CELL 700.00 280.00 220.00 1
CELL 900.00 280.00 220.00 1
CELL 700.00 280.00 230.00 1
CELL 900.00 280.00 230.00 1
CELL 700.00 280.00 240.00 1
CELL 900.00 280.00 240.00 1
CELL 700.00 280.00 250.00 1
CELL 900.00 280.00 250.00 1
CELL 700.00 280.00 260.00 1
CELL 900.00 280.00 260.00 1
CELL 700.00 280.00 270.00 1
CELL 900.00 280.00 270.00 1
CELL 700.00 280.00 280.00 1
CELL 900.00 280.00 280.00 1
CELL 700.00 280.00 290.00 1
CELL 900.00 280.00 290.00 1
CELL 700.00 290.00 10.00 1
CELL 900.00 290.00 10.00 1
CELL 700.00 290.00 20.00 1
CELL 900.00 290.00 20.00 1
CELL 700.00 290.00 30.00 1
CELL 900.00 290.00 30.00 1
CELL 700.00 290.00 40.00 1
CELL 900.00 290.00 40.00 1
CELL 700.00 290.00 50.00 1
CELL 900.00 290.00 50.00 1
CELL 700.00 290.00 60.00 1
CELL 900.00 290.00 60.00 1
CELL 700.00 290.00 70.00 1
CELL 900.00 290.00 70.00 1
CELL 700.00 290.00 80.00 1
CELL 900.00 290.00 80.00 1
CELL 700.00 290.00 90.00 1
CELL 900.00 290.00 90.00 1
CELL 700.00 290.00 100.00 1
CELL 900.00 290.00 100.00 1
CELL 700.00 290.00 110.00 1
CELL 900.00 290.00 110.00 1
CELL 700.00 290.00 120.00 1
CELL 900.00 290.00 120.00 1
CELL 700.00 290.00 130.00 1
CELL 900.00 290.00 130.00 1
CELL 700.00 290.00 140.00 1
CELL 900.00 290.00 140.00 1
CELL 700.00 290.00 150.00 1
CELL 900.00 290.00 150.00 1
CELL 700.00 290.00 160.00 1
CELL 900.00 290.00 160.00 1
CELL 700.00 290.00 170.00 1
CELL 900.00 290.00 170.00 1
CELL 700.00 290.00 180.00 1
CELL 900.00 290.00 180.00 1
CELL 700.00 290.00 190.00 1
CELL 900.00 290.00 190.00 1
CELL 700.00 290.00 200.00 1
CELL 900.00 290.00 200.00 1
CELL 700.00 290.00 210.00 1
CELL 900.00 290.00 210.00 1
CELL 700.00 290.00 220.00 1
CELL 900.00 290.00 220.00 1
CELL 700.00 290.00 230.00 1
CELL 900.00 290.00 230.00 1
CELL 700.00 290.00 240.00 1
CELL 900.00 290.00 240.00 1
CELL 700.00 290.00 250.00 1
CELL 900.00 290.00 250.00 1
CELL 700.00 290.00 260.00 1
CELL 900.00 290.00 260.00 1
CELL 700.00 290.00 270.00 1
CELL 900.00 290.00 270.00 1
CELL 700.00 290.00 280.00 1
CELL 900.00 290.00 280.00 1
CELL 700.00 290.00 290.00 1
CELL 900.00 290.00 290.00 1
END
